{
    "thread": {
        "uuid": "2a3fb639af3e24b448e9d3238f8f7c22e148eeca",
        "url": "https://news.ru/society/ubirayus-tolko-s-fenom-v-rukah-takogo-effekta-ot-tryapki-vy-ne-dozhdetes",
        "site_full": "news.ru",
        "site": "news.ru",
        "site_section": "https://news.ru/rss/",
        "site_categories": [
            "under_construction",
            "non_standard_content",
            "top_news_ru",
            "top_news_ua",
            "top_news_il",
            "top_news"
        ],
        "section_title": "NEWS.ru",
        "site_title": "NEWS.ru - главные новости дня",
        "title": "Убираюсь только с феном в руках: такого эффекта от тряпки вы не дождетесь",
        "title_full": "Убираюсь только с феном в руках: такого эффекта от тряпки вы не дождетесь",
        "published": "2025-04-17T00:12:00.000+03:00",
        "replies_count": 0,
        "participants_count": 1,
        "site_type": "news",
        "country": "RU",
        "main_image": "https://images.news.ru/photo/87cf44ee-1618-11f0-b67c-ac1f6bad3ff4_760.jpg",
        "performance_score": 0,
        "domain_rank": 17833,
        "domain_rank_updated": "2025-04-15T00:00:00.000+03:00",
        "licensing_agency": [],
        "social": {
            "facebook": {
                "likes": 0,
                "comments": 0,
                "shares": 0
            },
            "vk": {
                "shares": 0
            }
        }
    },
    "uuid": "2a3fb639af3e24b448e9d3238f8f7c22e148eeca",
    "url": "https://news.ru/society/ubirayus-tolko-s-fenom-v-rukah-takogo-effekta-ot-tryapki-vy-ne-dozhdetes",
    "ord_in_thread": 0,
    "author": "Дарья Иванова",
    "published": "2025-04-17T00:12:00.000+03:00",
    "title": "Убираюсь только с феном в руках: такого эффекта от тряпки вы не дождетесь",
    "text": "Теперь убираюсь только с феном в руках! Такого эффекта от тряпки вы никогда не дождетесь. Обычный фен для волос может заменить средства для уборки и справиться с пылью быстрее.\nВключите его на холодный обдув и направьте поток воздуха на книги, полки, вентиляционные решетки или другие труднодоступные места. Мощный воздушный поток выдует пыль из щелей, углов и текстильных поверхностей.\nФен лучше тряпки, потому что не размазывает пыль, а удаляет ее полностью, эффективен для жалюзи, клавиатур и декоративных элементов, а также не оставляет разводов.\nВажно: используйте только холодный воздух, чтобы не повредить чувствительные поверхности. Попробуйте этот способ и убедитесь, что уборка станет проще и эффективнее!\nРанее стало известно, зачем мыть окна целлофановым пакетом.",
    "highlightText": "",
    "highlightTitle": "",
    "highlightThreadTitle": "",
    "language": "russian",
    "sentiment": null,
    "categories": null,
    "topics": null,
    "ai_allow": true,
    "has_canonical": false,
    "breaking": true,
    "webz_reporter": false,
    "external_links": [],
    "entities": {
        "persons": [],
        "locations": [],
        "organizations": []
    },
    "syndication": {
        "syndicated": null,
        "syndicate_id": null,
        "first_syndicated": false
    },
    "trust": {
        "categories": [
            "fake_news"
        ],
        "bias": null,
        "source": {
            "type": null,
            "city": null,
            "state": null,
            "country": null,
            "domain_type": null,
            "agency": null,
            "organization_name": null
        }
    },
    "rating": null,
    "crawled": "2025-04-17T00:17:10.287+03:00",
    "updated": "2025-04-17T00:17:10.287+03:00"
}