{
    "thread": {
        "uuid": "5b037b7b66ec791f172d689643f3074f0cefeb09",
        "url": "https://www.breitbart.com/clips/2025/04/16/laurence-tribe-we-have-an-impending-police-state-under-trump",
        "site_full": "www.breitbart.com",
        "site": "breitbart.com",
        "site_section": "http://feeds.feedburner.com/BigGovernment",
        "site_categories": [
            "media",
            "law_government_and_politics",
            "politics",
            "top_news_us",
            "top_news"
        ],
        "section_title": "Breitbart News",
        "site_title": "Breitbart News Network",
        "title": "Laurence Tribe: We Have an 'Impending Police State' Under Trump",
        "title_full": "Laurence Tribe: We Have an 'Impending Police State' Under Trump",
        "published": "2025-04-16T19:52:00.000+03:00",
        "replies_count": 100,
        "participants_count": 78,
        "site_type": "news",
        "country": "US",
        "main_image": "https://media.breitbart.com/media/2022/09/tribe-640x335.jpg",
        "performance_score": 0,
        "domain_rank": 1732,
        "domain_rank_updated": "2025-04-15T00:00:00.000+03:00",
        "licensing_agency": [],
        "social": {
            "facebook": {
                "likes": 0,
                "comments": 0,
                "shares": 0
            },
            "vk": {
                "shares": 0
            }
        }
    },
    "uuid": "12d0c4f8f75a17bd77967066fc93394e48cc4c0a",
    "url": "https://www.breitbart.com/clips/2025/04/16/laurence-tribe-we-have-an-impending-police-state-under-trump#post-98",
    "ord_in_thread": 98,
    "author": "Pentyrch OFU",
    "published": "2025-04-17T00:43:00.000+03:00",
    "title": "",
    "text": "I say drop napalm on that hill.",
    "highlightText": "",
    "highlightTitle": "",
    "highlightThreadTitle": "",
    "language": "english",
    "sentiment": null,
    "categories": null,
    "topics": null,
    "ai_allow": true,
    "has_canonical": false,
    "breaking": true,
    "webz_reporter": false,
    "external_links": null,
    "entities": {
        "persons": [],
        "locations": [],
        "organizations": []
    },
    "syndication": {
        "syndicated": false,
        "syndicate_id": null,
        "first_syndicated": false
    },
    "trust": {
        "categories": [
            "fake_news"
        ],
        "bias": null,
        "source": {
            "type": null,
            "city": null,
            "state": null,
            "country": null,
            "domain_type": null,
            "agency": null,
            "organization_name": null
        }
    },
    "rating": null,
    "crawled": "2025-04-17T01:07:10.250+03:00",
    "updated": "2025-04-24T23:09:46.996+03:00"
}