{
    "thread": {
        "uuid": "4b3a9f2fe8e3cb52f7df44055918491220b05a7e",
        "url": "https://sochi-news.net/society/2025/04/17/185942.html",
        "site_full": "sochi-news.net",
        "site": "sochi-news.net",
        "site_section": "https://sochi-news.net/incident",
        "site_categories": [
            "media"
        ],
        "section_title": "Происшествия - Лента новостей Сочи",
        "site_title": "Лента новостей Сочи",
        "title": "В Сочи приостановлено движение нескольких электричек - Лента новостей Сочи",
        "title_full": "В Сочи приостановлено движение нескольких электричек - Лента новостей Сочи",
        "published": "2025-04-17T00:04:00.000+03:00",
        "replies_count": 0,
        "participants_count": 1,
        "site_type": "news",
        "country": "RU",
        "main_image": "https://sochi-news.net/img/20250417/3f77b513eb8bbd99a53656d3ce1af4ad_o.jpg",
        "performance_score": 0,
        "domain_rank": null,
        "domain_rank_updated": null,
        "licensing_agency": [],
        "social": {
            "facebook": {
                "likes": 0,
                "comments": 0,
                "shares": 0
            },
            "vk": {
                "shares": 0
            }
        }
    },
    "uuid": "4b3a9f2fe8e3cb52f7df44055918491220b05a7e",
    "url": "https://sochi-news.net/society/2025/04/17/185942.html",
    "ord_in_thread": 0,
    "author": "Источник Сочи Экспресс",
    "published": "2025-04-17T00:04:00.000+03:00",
    "title": "В Сочи приостановлено движение нескольких электричек - Лента новостей Сочи",
    "text": "Ряд пригородных поездов на Черноморском побережье Краснодарского края временно сняли с маршрутов по техническим причинам.\n— С 17 по 25 апреля 2025 года изменилось расписание движения пригородных поездов и приостановлено курсирование ряда маршрутов, включая направления «Туапсе — Имеретинский курорт,» «Туапсе — Аэропорт», «Сочи — Роза Хутор» и «Аэропорт — Роза Хутор», — сообщает пресс-служба «Кубань Экспресс-Пригород».",
    "highlightText": "",
    "highlightTitle": "",
    "highlightThreadTitle": "",
    "language": "russian",
    "sentiment": null,
    "categories": null,
    "topics": null,
    "ai_allow": true,
    "has_canonical": false,
    "breaking": false,
    "webz_reporter": false,
    "external_links": [],
    "entities": {
        "persons": [],
        "locations": [],
        "organizations": []
    },
    "syndication": {
        "syndicated": null,
        "syndicate_id": null,
        "first_syndicated": false
    },
    "trust": {
        "categories": [
            "fake_news"
        ],
        "bias": null,
        "source": {
            "type": null,
            "city": null,
            "state": null,
            "country": null,
            "domain_type": null,
            "agency": null,
            "organization_name": null
        }
    },
    "rating": null,
    "crawled": "2025-04-17T00:44:41.499+03:00",
    "updated": "2025-04-17T00:44:41.499+03:00"
}