{
    "thread": {
        "uuid": "71a14b070f199438bc670398e1a035524bfc8a67",
        "url": "https://www.observatoiredeleurope.com/kaja-kallas-felicite-le-liban-apres-que-le-premier-ministre-nawaf-salam-annonce-un-nouveau-gouvernement_a60473.html",
        "site_full": "www.observatoiredeleurope.com",
        "site": "observatoiredeleurope.com",
        "site_section": "https://www.observatoiredeleurope.com",
        "site_categories": [
            "europe",
            "travel"
        ],
        "section_title": "L&#039;Observatoire de l&#039;Europe",
        "title": "Kaja Kallas félicite le Liban après que le Premier ministre Nawaf Salam annonce un nouveau gouvernement",
        "title_full": "Kaja Kallas félicite le Liban après que le Premier ministre Nawaf Salam annonce un nouveau gouvernement",
        "published": "2025-02-09T08:19:00.000+02:00",
        "replies_count": 0,
        "participants_count": 1,
        "site_type": "news",
        "country": "FR",
        "main_image": "https://www.observatoiredeleurope.com/wp-content/uploads/2025/02/1739081951_Kaja-Kallas-felicite-le-Liban-apres-que-le-Premier-ministre.jpg",
        "performance_score": 0,
        "domain_rank": 476595,
        "domain_rank_updated": "2025-02-03T23:00:00.000+02:00",
        "social": {
            "facebook": {
                "likes": 0,
                "comments": 0,
                "shares": 0
            },
            "vk": {
                "shares": 0
            }
        }
    },
    "uuid": "71a14b070f199438bc670398e1a035524bfc8a67",
    "url": "https://www.observatoiredeleurope.com/kaja-kallas-felicite-le-liban-apres-que-le-premier-ministre-nawaf-salam-annonce-un-nouveau-gouvernement_a60473.html",
    "ord_in_thread": 0,
    "parent_url": null,
    "author": "Jean Delaunay",
    "published": "2025-02-09T08:19:00.000+02:00",
    "title": "Kaja Kallas félicite le Liban après que le Premier ministre Nawaf Salam annonce un nouveau gouvernement",
    "text": "La nouvelle administration du pays, la première depuis 2022, intervient après une intervention inhabituellement directe des États-Unis qui a déclaré que toute implication du Hezbollah serait une «ligne rouge».\nLe chef de la politique étrangère de l’UE a publié une déclaration félicitant le Liban après que le Premier ministre Nawaf Salam a formé le premier gouvernement à part entière du pays depuis 2022.\nDans sa déclaration, Kaja Kallas a déclaré qu’elle souhaitait que la nouvelle administration « le succès dans la fourniture des aspirations du peuple libanais ».\n« L’UE réaffirme son soutien inébranlable au peuple libanais et en particulier à la reconstruction d’institutions d’État capables de réaliser leurs missions au service de tous les citoyens. »\nLes travailleurs d’urgence utilisent des excavateurs pour nettoyer les décombres sur le site d’une grève israélienne dans la banlieue sud de Beyrouth, 23 septembre 2024 Le président Joseph Aoun a annoncé samedi qu’il avait accepté la démission de l’ancien gouvernement du gardien et signé un décret avec Salam sur la formation du nouveau gouvernement.\nLe cabinet de Salam de 24 ministres, divisé uniformément entre les sectes chrétiennes et musulmanes, a été formée moins d’un mois après sa nomination et arrive à un moment où le Liban se précipite pour reconstruire sa région sud battue et maintenir la sécurité le long de sa frontière sud après une guerre dévastatrice entre Israël et le groupe militant du Hezbollah.\nUn cessez-le-feu commercial aux États-Unis, qui s’est largement tenu, a mis fin aux combats en novembre.\nLe Liban est également toujours en proie à une crise économique paralysant, maintenant dans sa sixième année, qui a battu ses banques, détruit son secteur de l’électricité de l’État et laissé beaucoup dans la pauvreté incapable d’accéder à leurs économies.\nSalam, diplomate et ancien président de la Cour internationale de justice, a promis de réformer le pouvoir judiciaire et de l’économie du Liban et de provoquer une stabilité dans un pays qui fait face à de nombreuses crises économiques, politiques et de sécurité pendant des décennies.\nUS Deputy Special Envoy pour le Moyen-Orient Peace Morgan Ortagus parle lors d’une conférence de presse à Baabda à l’est de Beyrouth, 7 février 2025 Bien que le Hezbollah n’ait pas approuvé Salam en tant que Premier ministre, le groupe libanais s’est engagé dans des négociations avec le nouveau Premier ministre sur les sièges musulmans chiites au gouvernement, conformément au système de partage du pouvoir du Liban.\nLes nouvelles autorités du Liban marquent également un éloignement des dirigeants proches du Hezbollah, ce qui a été poussé par les États-Unis qui a joué un rôle inhabituellement direct dans la formation de la nouvelle administration.\nVendredi, l’envoyé adjoint américain pour la paix au Moyen-Orient, a déclaré vendredi que toute implication du Hezbollah dans le nouveau cabinet serait une « ligne rouge » pour Washington et empêcher le Liban d’accéder aux fonds de reconstruction.\nAprès des entretiens avec le Premier ministre du Liban et président du Parlement, Ortagus a déclaré qu’elle espérait que les autorités libanaises se sont engagées à s’assurer que le Hezbollah ne faisait pas partie du nouveau gouvernement sous quelque forme que ce soit.",
    "highlightText": "",
    "highlightTitle": "",
    "highlightThreadTitle": "",
    "language": "french",
    "sentiment": null,
    "categories": null,
    "topics": null,
    "ai_allow": true,
    "has_canonical": false,
    "breaking": false,
    "webz_reporter": false,
    "external_links": [],
    "external_images": [],
    "entities": {
        "persons": [],
        "organizations": [],
        "locations": []
    },
    "syndication": {
        "syndicated": null,
        "syndicate_id": null,
        "first_syndicated": false
    },
    "trust": {
        "categories": [
            "fake_news"
        ]
    },
    "rating": null,
    "crawled": "2025-02-09T16:57:14.715+02:00",
    "updated": "2025-02-09T16:57:14.715+02:00"
}