{
    "thread": {
        "uuid": "f7e11d7d41a45f32aeee9d4818f95dab0f518443",
        "url": "https://www.breitbart.com/politics/2025/05/07/amended-colorado-transgender-bill-heads-governors-desk",
        "site_full": "www.breitbart.com",
        "site": "breitbart.com",
        "site_section": "https://breitbart.com/news",
        "site_categories": [
            "media",
            "law_government_and_politics",
            "politics",
            "top_news_us",
            "top_news"
        ],
        "section_title": "All News - Breitbart News Network",
        "site_title": "Breitbart News Network",
        "title": "Amended Colorado Transgender Bill Heads to Governor's Desk",
        "title_full": "Amended Colorado Transgender Bill Heads to Governor's Desk",
        "published": "2025-05-08T00:14:00.000+03:00",
        "replies_count": 12,
        "participants_count": 13,
        "site_type": "news",
        "country": "US",
        "main_image": "https://media.breitbart.com/media/2025/05/Jared-Polis-640x335.jpg",
        "performance_score": 0,
        "domain_rank": 1743,
        "domain_rank_updated": "2025-05-06T00:00:00.000+03:00",
        "licensing_agency": [],
        "social": {
            "facebook": {
                "likes": 0,
                "comments": 0,
                "shares": 0
            },
            "vk": {
                "shares": 0
            }
        }
    },
    "uuid": "c53bea15e5ee7da725decd7600631ebc6ee76f37",
    "url": "https://www.breitbart.com/politics/2025/05/07/amended-colorado-transgender-bill-heads-governors-desk#post-4",
    "ord_in_thread": 4,
    "author": "601",
    "published": "2025-05-08T00:28:00.000+03:00",
    "title": "",
    "text": "The infestation of california transplants in colorado is apparent..",
    "highlightText": "",
    "highlightTitle": "",
    "highlightThreadTitle": "",
    "language": "english",
    "sentiment": null,
    "categories": null,
    "topics": null,
    "ai_allow": true,
    "has_canonical": false,
    "breaking": null,
    "webz_reporter": false,
    "external_links": null,
    "entities": {
        "persons": [],
        "locations": [],
        "organizations": []
    },
    "syndication": {
        "syndicated": false,
        "syndicate_id": null,
        "first_syndicated": false
    },
    "trust": {
        "categories": [
            "fake_news"
        ],
        "bias": null,
        "source": {
            "type": null,
            "city": null,
            "state": null,
            "country": null,
            "domain_type": null,
            "agency": null,
            "organization_name": null
        }
    },
    "rating": null,
    "crawled": "2025-05-08T01:32:40.781+03:00",
    "updated": "2025-05-08T01:32:40.781+03:00"
}