{
    "thread": {
        "uuid": "bd216bc46bb25babbe0693ca305015f926320764",
        "url": "https://www.breitbart.com/immigration/2025/05/07/exclusive-rep-hageman-introduces-no-student-visas-for-sanctuary-cities-act",
        "site_full": "www.breitbart.com",
        "site": "breitbart.com",
        "site_section": "https://www.breitbart.com/immigration",
        "site_categories": [
            "media",
            "law_government_and_politics",
            "politics",
            "top_news_us",
            "top_news"
        ],
        "section_title": "Immigration - Latest News",
        "site_title": "Breitbart News Network",
        "title": "Rep. Hageman Introduces 'No Student Visas for Sanctuary Cities Act'",
        "title_full": "Rep. Hageman Introduces 'No Student Visas for Sanctuary Cities Act'",
        "published": "2025-05-07T23:24:00.000+03:00",
        "replies_count": 45,
        "participants_count": 31,
        "site_type": "news",
        "country": "US",
        "main_image": "https://media.breitbart.com/media/2025/05/Harriet-Hageman-640x335.jpeg",
        "performance_score": 0,
        "domain_rank": 1743,
        "domain_rank_updated": "2025-05-06T00:00:00.000+03:00",
        "licensing_agency": [],
        "social": {
            "facebook": {
                "likes": 0,
                "comments": 0,
                "shares": 0
            },
            "vk": {
                "shares": 0
            }
        }
    },
    "uuid": "84d69b136fb06d586adf5d652d81b5c25119a0f1",
    "url": "https://www.breitbart.com/immigration/2025/05/07/exclusive-rep-hageman-introduces-no-student-visas-for-sanctuary-cities-act#post-44",
    "ord_in_thread": 44,
    "author": "Savtaravta",
    "published": "2025-05-08T01:07:00.000+03:00",
    "title": "",
    "text": "Let’s start in Colorado. My grandson, a Hillel member at his college, told us that all contact with CU Boulder Hillel is severed. Because of rampant antisemitism on that campus. His Hillel chapter is now affiliated with a different college. With twits like Polis and Johnston in charge it's a safe bet that CU Boulder is riddled with overseas students who have no other purpose but to cause trouble. They are certainly not in the US to study.",
    "highlightText": "",
    "highlightTitle": "",
    "highlightThreadTitle": "",
    "language": "english",
    "sentiment": null,
    "categories": null,
    "topics": null,
    "ai_allow": true,
    "has_canonical": false,
    "breaking": true,
    "webz_reporter": false,
    "external_links": null,
    "entities": {
        "persons": [],
        "locations": [],
        "organizations": []
    },
    "syndication": {
        "syndicated": false,
        "syndicate_id": null,
        "first_syndicated": false
    },
    "trust": {
        "categories": [
            "fake_news"
        ],
        "bias": null,
        "source": {
            "type": null,
            "city": null,
            "state": null,
            "country": null,
            "domain_type": null,
            "agency": null,
            "organization_name": null
        }
    },
    "rating": null,
    "crawled": "2025-05-08T01:14:02.648+03:00",
    "updated": "2025-05-08T01:14:02.648+03:00"
}