{
    "thread": {
        "uuid": "181ef6bf46dc407d485ba0d308c5cea2472f39dd",
        "url": "https://www.wnd.com/2025/05/watch-mtg-skewers-fencing-chief-over-his-daughter-losing-to-a-man",
        "site_full": "www.wnd.com",
        "site": "wnd.com",
        "site_section": "https://conservativenewsdaily.net",
        "site_categories": [
            "tech",
            "web_clip_art"
        ],
        "section_title": "Conservative News Daily™ | News All in One Place",
        "site_title": "WorldNetDaily",
        "title": "WATCH: MTG skewers fencing chief over his daughter losing to a man",
        "title_full": "WATCH: MTG skewers fencing chief over his daughter losing to a man",
        "published": "2025-05-08T00:33:00.000+03:00",
        "replies_count": 0,
        "participants_count": 1,
        "site_type": "news",
        "country": "US",
        "main_image": "https://www.wnd.com/wp-content/uploads/2017/02/En-garde-fencing.jpg",
        "performance_score": 0,
        "domain_rank": 4746,
        "domain_rank_updated": "2025-05-06T00:00:00.000+03:00",
        "licensing_agency": [],
        "social": {
            "facebook": {
                "likes": 0,
                "comments": 0,
                "shares": 0
            },
            "vk": {
                "shares": 0
            }
        }
    },
    "uuid": "181ef6bf46dc407d485ba0d308c5cea2472f39dd",
    "url": "https://www.wnd.com/2025/05/watch-mtg-skewers-fencing-chief-over-his-daughter-losing-to-a-man",
    "ord_in_thread": 0,
    "author": "WND Staff",
    "published": "2025-05-08T00:33:00.000+03:00",
    "title": "WATCH: MTG skewers fencing chief over his daughter losing to a man",
    "text": "U.S. Rep. Marjorie Taylor Greene, R-S.C., Wednesday chaired a hearing of the House DOGE subcommittee lambasted the chairman of USA Fencing, Damien Lehfeldt, one of the witnesses who testified.\nLehfeldt was there to justify his organization’s inclusion of biological males in female categories of fencing competition. Quoting from a blog post of Lehfeldt’s, Greene noted his feelings on his daughter hypothetically competing against a man.\n“You came here today to defeat women in their own sport,” Greene told Lehfeldt. “You are a man who would tell his daughter to lose to a biological man and enjoy it!”\nGreene’s hearing was in response to a female fencer who recently refused to compete against a male fencer who “identifies” as a woman.\nGet the hottest, most important news stories on the Internet – delivered FREE to your inbox as soon as they break! Take just 30 seconds and sign up for WND's Email News Alerts!\nWATCH:\nThe Chair of USA Fencing, Damien Lehfeldt, said he hopes his daughter doesn’t care if she loses to a man, as long as everyone “enjoys the match.”\nThis is sick!\nI will NEVER accept men beating women down in their own sports.\nPresident Trump was RIGHT to act. We must codify his…\n[pic.twitter.com/fUMMDBrFoA]\n— Rep. Marjorie Taylor Greene?ﾟﾇﾸ (@RepMTG)\n[May 7, 2025]",
    "highlightText": "",
    "highlightTitle": "",
    "highlightThreadTitle": "",
    "language": "english",
    "sentiment": "negative",
    "categories": [
        "Politics"
    ],
    "topics": [
        "Politics->political process",
        "Politics->political debates",
        "Politics->political candidates"
    ],
    "ai_allow": true,
    "has_canonical": false,
    "breaking": false,
    "webz_reporter": false,
    "external_links": [
        "https://wnd-news-alerts.beehiiv.com/subscribe",
        "https://www.wnd-news-alerts.beehiiv.com/subscribe"
    ],
    "entities": {
        "persons": [
            {
                "name": "Marjorie Taylor Greene",
                "sentiment": "negative"
            },
            {
                "name": "Damien Lehfeldt",
                "sentiment": "none"
            }
        ],
        "locations": [],
        "organizations": [
            {
                "name": "USA Fencing",
                "sentiment": "none",
                "tickers": []
            }
        ]
    },
    "syndication": {
        "syndicated": false,
        "syndicate_id": null,
        "first_syndicated": false
    },
    "trust": {
        "categories": [
            "fake_news"
        ],
        "bias": null,
        "source": {
            "type": null,
            "city": null,
            "state": null,
            "country": null,
            "domain_type": null,
            "agency": null,
            "organization_name": null
        }
    },
    "rating": null,
    "crawled": "2025-05-08T01:01:27.116+03:00",
    "updated": "2025-05-07T22:04:06.000+00:00"
}