{
    "thread": {
        "uuid": "82a2d72073cbbb4a3ee9f05d4ae79d6430da52e5",
        "url": "https://magadan-news.net/society/2025/05/08/112470.html",
        "site_full": "magadan-news.net",
        "site": "magadan-news.net",
        "site_section": "https://magadan-news.net/rss/news",
        "site_categories": [],
        "section_title": "Лента новостей Магадана",
        "site_title": "Лента новостей Магадана",
        "title": "Юрий Гришан: Шоу дронов прошло вчера в вечернем небе Магадана в рамках фестиваля «День Победы на века»",
        "title_full": "Юрий Гришан: Шоу дронов прошло вчера в вечернем небе Магадана в рамках фестиваля «День Победы на века»",
        "published": "2025-05-08T00:06:00.000+03:00",
        "replies_count": 0,
        "participants_count": 1,
        "site_type": "news",
        "country": "RU",
        "main_image": "https://magadan-news.net/img/20250508/c7491f4f3c8f1e67315406c25f6389fd_o.jpg",
        "performance_score": 0,
        "domain_rank": null,
        "domain_rank_updated": null,
        "licensing_agency": [],
        "social": {
            "facebook": {
                "likes": 0,
                "comments": 0,
                "shares": 0
            },
            "vk": {
                "shares": 0
            }
        }
    },
    "uuid": "82a2d72073cbbb4a3ee9f05d4ae79d6430da52e5",
    "url": "https://magadan-news.net/society/2025/05/08/112470.html",
    "ord_in_thread": 0,
    "author": "Юрий Гришан",
    "published": "2025-05-08T00:06:00.000+03:00",
    "title": "Юрий Гришан: Шоу дронов прошло вчера в вечернем небе Магадана в рамках фестиваля «День Победы на века»",
    "text": "Шоу дронов прошло вчера в вечернем небе Магадана в рамках фестиваля «День Победы на века» . Всех с праздником !\nТоп\nТысячи магаданцев и гостей столицы Колымы не испугались дождя и пришли к спорткомплексу «Президентский» насладиться красочным представлением в...\nИ не только там9 мая в 22.00 в поселке Ола пройдет незабываемое шоу дронов (0+), а в 22.30 вечер завершится высотным праздничным салютом (0+), сообщают в администрации Ольского округа. Так достойно и с уважением к ветеранам отметят 80-летие Победы и...\nСегодня жители региона любовались фигурами и композициями, нарисованными на ночном небе. Среди изображений — герб Магадана, бурый медведь, горы и море.Также появились символы Великой Победы: Монумент \"Родина Мать зовет\", флаг России, звезда....\nЮрий Гришан: Шоу дронов прошло вчера в вечернем небе Магадана в рамках фестиваля «День Победы на века»\nШоу дронов прошло вчера в вечернем небе Магадана в рамках фестиваля «День Победы на века» . Всех с праздником !\nМагаданцы встречают 80-летние Победы под известные песни: «Смуглянка», «Катюша», «Темная ночь» и многие другие произведения, которые сегодня прозвучали в исполнении группы «КВАТРО»\nГорожане тепло приветствовали гостей и подпевали им. Завершили программу мощным дружным исполнением по-настоящему народной песни «День Победы»Окончанием вечера 7 мая стало шоу дронов, которое наблюдали сотни магаданцев на площади около СРЦ...\nПтицы запели в дождь—к скорому теплуПрогноз и народные приметы на 8 мая Подписаться на канал | Перейти на сайт\nТоржественным вечером в главном колымском театре открыли череду праздничных мероприятий, посвящённых Великой Победе\nВ Магаданском государственном музыкальном и драматическом театре состоялось торжественное мероприятие, посвящённое 80-летию Победы в Великой Отечественной войне. Здание театра превратилось в пространство исторической памяти: гостей встречали...\nВ Магадане сотрудники Госавтоинспекции и МЧС России в честь 80-летия Великой Победы подготовили видео открытку\nС праздником Великой Победы, дорогие колымчане!9Управление Госавтоинспекции УМВД России по Магаданской областиМЧС Магаданской области\nНа нем собралось более сорока пенсионеров. Для них выступали творческие коллективы города. Александр Вахов традиционно организовал сладкий стол для гостей. Кроме того для ветеранов, тружеников тыла, блокадников и детей войны приготовил...\nМАГАДАН. КОЛЫМА-ИНФОРМ. Прокуратурой г. Магадана поддержано государственное обвинение по уголовному делу в отношении 42-летнего местного жителя. Он осужден по ч. 1 ст. 111 УК РФ (умышленное причинение тяжкого вреда здоровью, опасного для жизни...\nВ Магадане в преддверии Великой Победы полицейские и подростки облагородили территорию мемориальной «Аллеи славы» на Марчеканском кладбище\nМАГАДАН. КОЛЫМА-ИНФОРМ. В преддверии 80-летия Победы в Великой Отечественной войне сотрудники Отдела МВД России по городу Магадану вместе с представителями областного Управления ФСИН, регионального отделения «Юнармии» и подростками, состоящими...\nПродолжается пожароопасный сезон. МЧС России напоминает гражданам, что каждый может внести личный вклад в обеспечение пожарной безопасности своего населенного пункта. Профилактика пожаров – дело общественное, крайне важно в этот период соблюдать...\n#Деньвистории. На календаре 8 мая - День памяти и примирения, посвященный погибшим во Второй мировой войне, День работников Федеральной службы по военно-техническому сотрудничеству России и День оперативного работника...\n#ДеньвисторииНа календаре 8 мая - День памяти и примирения, посвященный погибшим во Второй мировой войне, День работников Федеральной службы по военно-техническому сотрудничеству России и День оперативного работника уголовно-исполнительной системы...\n8 мая 1969 года в соответствии с решением Магаданского горисполкома улица Загородная переименована в улицу имени Владимира Потапова\nМАГАДАН. КОЛЫМА-ИНФОРМ. 8 мая 1969 года в соответствии с решением Магаданского горисполкома № 197 от 7 апреля 1969 г. улица Загородная переименована в улицу имени Владимира Потапова — воина-пограничника, погибшего 15 марта 1969 года при защите...\n15:00 — торжественное мероприятие в Магаданском драмтеатре17:30 — закладка первого камня монумента участникам СВО и музея-филиала Национального центра «Россия» на Гороховом поле18:00–21:30 — фестиваль НКО «День Победы на века!» в спорткомплексе...\nБлагодарю всех участников праздника «День Победы на века!».И, конечно, спасибо нашим некоммерческим организациям. Ваши активность, любовь к делу, неравнодушие стали залогом масштаба мероприятия. Позволили организовать...\nСотрудники Отдела МВД России по г. Магадану обеспечивают охрану общественного порядка во время масштабного мероприятия «День Победы на века»\nВ честь 80-летия Великой Победы спорткомплекс «Президентский» стал площадкой для множества выставок, экспозиций и мастер-классов.Завершится сегодняшний праздник грандиозным световым шоу дронов. Не...\nВечером загорелся частный дом на ул. Садовой в Магадане.Пожарным расчетам удалось оперативно ликвидировать возгорание. В результате пожара огнем повреждены деревянные конструкции дома на площади 15 квадратных метров.На месте работали 13 огнеборцев и 4...\nОдни добывали ресурсы, другие создавали орудие и боевые машины, а третьи железными дорогами и морскими путями доставляли всё это на передовую.#Победа80 #нашаПобеда\nЛента новостей\n09:03 В Магадане +2, +0°C, дождливо 09:03 Вчера, 23:25 Сергей Носов: Благодарю всех участников праздника «День Победы на века!» Вчера, 23:25 Вчера, 23:16 В Магадане загорелся частный дом на улице Садовой Вчера, 23:16 Вчера, 22:33 В Магадане заложен первый камень мемориала бойцам СВО Вчера, 22:33 Вчера, 22:02 Шоу из 300 дронов завершился фестиваль «День Победы на века!» Вчера, 22:02",
    "highlightText": "",
    "highlightTitle": "",
    "highlightThreadTitle": "",
    "language": "russian",
    "sentiment": null,
    "categories": null,
    "topics": null,
    "ai_allow": true,
    "has_canonical": false,
    "breaking": false,
    "webz_reporter": false,
    "external_links": [],
    "entities": {
        "persons": [],
        "locations": [],
        "organizations": []
    },
    "syndication": {
        "syndicated": null,
        "syndicate_id": null,
        "first_syndicated": false
    },
    "trust": {
        "categories": [
            "fake_news"
        ],
        "bias": null,
        "source": {
            "type": null,
            "city": null,
            "state": null,
            "country": null,
            "domain_type": null,
            "agency": null,
            "organization_name": null
        }
    },
    "rating": null,
    "crawled": "2025-05-08T01:33:08.672+03:00",
    "updated": "2025-05-08T01:33:08.672+03:00"
}