{
    "thread": {
        "uuid": "b4a3cbefda920aabc896c3ce885750ae8181140b",
        "url": "https://www.breitbart.com/europe/2025/05/07/farage-has-the-momentum-days-after-election-breakthrough-reform-uk-polls-even-higher",
        "site_full": "www.breitbart.com",
        "site": "breitbart.com",
        "site_section": "https://world.einnews.com/ajax/headlines",
        "site_categories": [
            "media",
            "law_government_and_politics",
            "politics",
            "top_news_us",
            "top_news"
        ],
        "section_title": "",
        "site_title": "Breitbart News Network",
        "title": "Momentum: Days After Breakthrough, Farage's Reform UK Polls Higher",
        "title_full": "Momentum: Days After Breakthrough, Farage's Reform UK Polls Higher",
        "published": "2025-05-07T19:49:00.000+03:00",
        "replies_count": 55,
        "participants_count": 23,
        "site_type": "news",
        "country": "US",
        "main_image": "https://media.breitbart.com/media/2025/05/GettyImages-2213722910-e1746636361453-640x335.jpg",
        "performance_score": 0,
        "domain_rank": 1743,
        "domain_rank_updated": "2025-05-06T00:00:00.000+03:00",
        "licensing_agency": [],
        "social": {
            "facebook": {
                "likes": 0,
                "comments": 0,
                "shares": 0
            },
            "vk": {
                "shares": 0
            }
        }
    },
    "uuid": "1548c7c07086d490c5bdba5b03c30212a5fb7100",
    "url": "https://www.breitbart.com/europe/2025/05/07/farage-has-the-momentum-days-after-election-breakthrough-reform-uk-polls-even-higher#post-52",
    "ord_in_thread": 52,
    "author": "Hog of Steel",
    "published": "2025-05-08T01:09:00.000+03:00",
    "title": "",
    "text": "You people are obsessed with Muslims. They appear to be all many like you ever think about. What is wrong with you?",
    "highlightText": "",
    "highlightTitle": "",
    "highlightThreadTitle": "",
    "language": "english",
    "sentiment": null,
    "categories": null,
    "topics": null,
    "ai_allow": true,
    "has_canonical": false,
    "breaking": true,
    "webz_reporter": false,
    "external_links": null,
    "entities": {
        "persons": [],
        "locations": [],
        "organizations": []
    },
    "syndication": {
        "syndicated": false,
        "syndicate_id": null,
        "first_syndicated": false
    },
    "trust": {
        "categories": [
            "fake_news"
        ],
        "bias": null,
        "source": {
            "type": null,
            "city": null,
            "state": null,
            "country": null,
            "domain_type": null,
            "agency": null,
            "organization_name": null
        }
    },
    "rating": null,
    "crawled": "2025-05-08T01:18:05.722+03:00",
    "updated": "2025-05-08T01:18:05.722+03:00"
}