{
    "thread": {
        "uuid": "0c9922c2fc94595bf25730be1075736a8a267e26",
        "url": "https://whatsnew2day.com/scarlett-johansson-warns-about-the-dangers-of-ai-after-kanye-west-deepfake-goes-viral",
        "site_full": "whatsnew2day.com",
        "site": "whatsnew2day.com",
        "site_section": "https://www.whatsnew2day.com",
        "site_categories": [
            "media"
        ],
        "section_title": "WhatsNew2Day - Latest News And Breaking Headlines",
        "title": "Scarlett Johansson warns about the dangers of AI after Kanye West Deepfake goes viral",
        "title_full": "Scarlett Johansson warns about the dangers of AI after Kanye West Deepfake goes viral",
        "published": "2025-02-13T19:24:00.000+02:00",
        "replies_count": 0,
        "participants_count": 1,
        "site_type": "news",
        "country": "US",
        "main_image": "",
        "performance_score": 0,
        "domain_rank": 79132,
        "domain_rank_updated": "2025-02-10T23:00:00.000+02:00",
        "social": {
            "facebook": {
                "likes": 0,
                "comments": 0,
                "shares": 0
            },
            "vk": {
                "shares": 0
            }
        }
    },
    "uuid": "0c9922c2fc94595bf25730be1075736a8a267e26",
    "url": "https://whatsnew2day.com/scarlett-johansson-warns-about-the-dangers-of-ai-after-kanye-west-deepfake-goes-viral",
    "ord_in_thread": 0,
    "parent_url": null,
    "author": "Elijah",
    "published": "2025-02-13T19:24:00.000+02:00",
    "title": "Scarlett Johansson warns about the dangers of AI after Kanye West Deepfake goes viral",
    "text": "Scarlett Johansson has warned about the “imminent dangers of AI” after a video of his deep defense and other prominent Jewish celebrities that oppose the recent antisemy comments of Kanye West became viral this week.\nThe video contained versions generated by the more than a dozen celebrities, including Johansson, David Schwimmer, Jerry Seinfeld, Drake, Adam Sandler, Stephen Spielberg and Mila Kunis.\nIt opened with a deep similarity of Johansson in a shirt that was stamped with an extended half -hand and finger, a star of David and Kanye’s name. The video was established in “Hava Nagila”, a Jewish popular song that usually reproduces in cultural celebration events, and ended with the slogan: “Enough is enough. Join the fight against anti -Semitism.”\nOther stars represented included Sacha Baron Cohen, Jack Black, Natalie Portman, Adam Levine, Ben Stiller and Lenny Kravitz.\n“Family members and friends have caught my attention, that a video generated by AI with my similarity, in response to an anti -Semitic vision, has circulated online and gaining ground,” said Johansson. In a statement to people .\n“I am a Jewish woman who has no tolerance to anti -Semitism or the hate discourse of any kind. But I also firmly believe that the potential for hate discourse multiplied by AI is a much greater threat than any person who will appear responsibility. We must call the misuse of AI, regardless of their messages, or we run the risk of losing reality. “\nWest, now known as Ye, repeatedly referred to himself as a “Nazi” and praised Hitler in X before deactivating his account.\nIt also appeared in an ad during the Super Bowl that directed people to their website, which began selling only one product: t -shirts with swastika in them. The site was removed by Shopify due to policy violations, while Fox Television Stations, Jack Abernethy, also also condemned the announcement in a note to the staff .\nJohansson has been one of the most vocal celebrities against the use of AI without consent. Last year, he threatened legal actions against Operai after the company used a voice that looked like its in its new Chatgpt product, nine months after he said he rejected the company’s request to express its AI system.\nOperai finally eliminated the very promoted voice option of chatgpt after a generalized reaction.\nJohansson said he had been “a very public victim of AI, but the truth is that the threat of the affects each and every one of us.”\nShe added: “There is a 1,000 feet wave with respect to the AI ​​that several progressive countries, not including the United States, have responded responsible. It is terrifying that the United States government is paralyzed when it comes to passing legislation that protects all its citizens against the imminent dangers of AI. “\nThe actor urged elected officials to take legislative measures against AI abuses, describing it as “a bipartisan problem that greatly affects the immediate future of humanity in general.”\nTheir comments come when the United Kingdom’s advertising standards authority said false ads with celebrities It is still the most common type of scam ads appearing online.\nThe video of AI was created by Ori Bejrano, who describes himself as a generative expert of AI in his Instagram biography . Its original publication included a notice that said that the content was “created digitally or altered with AI to seem real.”",
    "highlightText": "",
    "highlightTitle": "",
    "highlightThreadTitle": "",
    "language": "english",
    "sentiment": "negative",
    "categories": [
        "Science and Technology",
        "Social Issue",
        "Human Interest"
    ],
    "topics": [
        "Science and Technology->social sciences",
        "Science and Technology->technology and engineering",
        "Social Issue->social problem",
        "Social Issue->ethics",
        "Social Issue->social networking",
        "Human Interest->celebrity"
    ],
    "ai_allow": true,
    "has_canonical": false,
    "breaking": false,
    "webz_reporter": false,
    "external_links": [
        "https://people.com/scarlett-johansson-artificial-intelligence-limited-ai-video-goes-viral-11305926",
        "https://www.instagram.com/p/DF8IKiLIfXD/",
        "https://variety.com/2025/tv/news/fox-tv-stations-responds-kanye-west-super-bowl-ad-1236306045/",
        "https://www.asa.org.uk/news/a-year-in-scams-2024-update-on-scam-ad-alert-system.html",
        "https://instagram.com/p/DF8IKiLIfXD/",
        "https://www.people.com/scarlett-johansson-artificial-intelligence-limited-ai-video-goes-viral-11305926",
        "https://www.variety.com/2025/tv/news/fox-tv-stations-responds-kanye-west-super-bowl-ad-1236306045/",
        "https://www.instagram.com/p/DF8IKiLIfXD",
        "https://asa.org.uk/news/a-year-in-scams-2024-update-on-scam-ad-alert-system.html",
        "https://variety.com/2025/tv/news/fox-tv-stations-responds-kanye-west-super-bowl-ad-1236306045"
    ],
    "external_images": [],
    "entities": {
        "persons": [],
        "organizations": [],
        "locations": []
    },
    "syndication": {
        "syndicated": false,
        "syndicate_id": null,
        "first_syndicated": false
    },
    "trust": {
        "categories": [
            "fake_news"
        ]
    },
    "rating": null,
    "crawled": "2025-02-14T01:48:43.506+02:00",
    "updated": "2025-02-14T01:48:43.506+02:00"
}