{
    "thread": {
        "uuid": "481994842418dd6ce1ccd5cf902215fc59f1c757",
        "url": "https://www.thegatewaypundit.com/2025/02/more-fraud-president-trump-reveals-staggering-government-waste",
        "site_full": "www.thegatewaypundit.com",
        "site": "thegatewaypundit.com",
        "site_section": "https://rantingly.com/feed",
        "site_categories": [
            "social",
            "top_news_us",
            "top_news"
        ],
        "section_title": "Rantingly",
        "title": "MORE FRAUD: President Trump Reveals \"Staggering\" Government Waste Numbers, Including $521 BILLION in Fraud Per Year (VIDEO) | The Gateway Pundit | by Jordan Conradson",
        "title_full": "MORE FRAUD: President Trump Reveals \"Staggering\" Government Waste Numbers, Including $521 BILLION in Fraud Per Year (VIDEO) | The Gateway Pundit | by Jordan Conradson",
        "published": "2025-02-14T00:15:00.000+02:00",
        "replies_count": 100,
        "participants_count": 66,
        "site_type": "news",
        "country": "US",
        "main_image": "https://www.thegatewaypundit.com/wp-content/uploads/2025/02/img_1568.jpeg",
        "performance_score": 0,
        "domain_rank": 5747,
        "domain_rank_updated": "2025-02-10T23:00:00.000+02:00",
        "social": {
            "facebook": {
                "likes": 0,
                "comments": 0,
                "shares": 0
            },
            "vk": {
                "shares": 0
            }
        }
    },
    "uuid": "03ca3569a33ad08f98a2a0bd08ffc30fa6ec9a70",
    "url": "https://www.thegatewaypundit.com/2025/02/more-fraud-president-trump-reveals-staggering-government-waste#post-79",
    "ord_in_thread": 79,
    "parent_url": null,
    "author": "White Phosphorus",
    "published": "2025-02-14T00:26:00.000+02:00",
    "title": "",
    "text": "Claw it all back.",
    "highlightText": "",
    "highlightTitle": "",
    "highlightThreadTitle": "",
    "language": "english",
    "sentiment": null,
    "categories": null,
    "topics": null,
    "ai_allow": true,
    "has_canonical": false,
    "breaking": null,
    "webz_reporter": false,
    "external_links": null,
    "external_images": [],
    "entities": {
        "persons": [],
        "organizations": [],
        "locations": []
    },
    "syndication": {
        "syndicated": false,
        "syndicate_id": null,
        "first_syndicated": false
    },
    "trust": {
        "categories": [
            "fake_news"
        ]
    },
    "rating": null,
    "crawled": "2025-02-14T01:25:14.545+02:00",
    "updated": "2025-02-14T04:09:05.355+02:00"
}