{
    "thread": {
        "uuid": "ebda0b6dac8026f62172ec8749468d2886227728",
        "url": "https://www.thegatewaypundit.com/2025/02/doj-charges-eight-venezuelans-roles-transnational-commercial-sex",
        "site_full": "www.thegatewaypundit.com",
        "site": "thegatewaypundit.com",
        "site_section": "https://www.thegatewaypundit.com/rss",
        "site_categories": [
            "social",
            "top_news_us",
            "top_news"
        ],
        "section_title": "The Gateway Pundit",
        "title": "DOJ Charges Eight Venezuelans For Roles in a \"Transnational Commercial Sex Enterprise\" - One Additional Charged by Tennessee Bureau of Investigations | The Gateway Pundit | by Brian Lupo",
        "title_full": "DOJ Charges Eight Venezuelans For Roles in a \"Transnational Commercial Sex Enterprise\" - One Additional Charged by Tennessee Bureau of Investigations | The Gateway Pundit | by Brian Lupo",
        "published": "2025-02-13T23:30:00.000+02:00",
        "replies_count": 50,
        "participants_count": 45,
        "site_type": "news",
        "country": "US",
        "main_image": "https://www.thegatewaypundit.com/wp-content/uploads/2025/02/hsi-1200x630.webp",
        "performance_score": 0,
        "domain_rank": 5747,
        "domain_rank_updated": "2025-02-10T23:00:00.000+02:00",
        "social": {
            "facebook": {
                "likes": 0,
                "comments": 0,
                "shares": 0
            },
            "vk": {
                "shares": 0
            }
        }
    },
    "uuid": "0acd12f5650a2323fcf74008021135b377f375c5",
    "url": "https://www.thegatewaypundit.com/2025/02/doj-charges-eight-venezuelans-roles-transnational-commercial-sex#post-41",
    "ord_in_thread": 41,
    "parent_url": null,
    "author": "LaughingBoy",
    "published": "2025-02-14T00:25:00.000+02:00",
    "title": "",
    "text": "The DOJ should also charge Mayorkas for aiding and abetting these crimes.",
    "highlightText": "",
    "highlightTitle": "",
    "highlightThreadTitle": "",
    "language": "english",
    "sentiment": null,
    "categories": null,
    "topics": null,
    "ai_allow": true,
    "has_canonical": false,
    "breaking": null,
    "webz_reporter": false,
    "external_links": null,
    "external_images": [],
    "entities": {
        "persons": [],
        "organizations": [],
        "locations": []
    },
    "syndication": {
        "syndicated": false,
        "syndicate_id": null,
        "first_syndicated": false
    },
    "trust": {
        "categories": [
            "fake_news"
        ]
    },
    "rating": null,
    "crawled": "2025-02-14T01:31:15.105+02:00",
    "updated": "2025-02-14T01:31:15.105+02:00"
}