{
    "thread": {
        "uuid": "50e358b88e9d106237ec5fba2d4def7e8a3c51b5",
        "url": "https://whatsnew2day.com/doges-career-towards-the-bottom",
        "site_full": "whatsnew2day.com",
        "site": "whatsnew2day.com",
        "site_section": "https://www.whatsnew2day.com",
        "site_categories": [
            "media"
        ],
        "section_title": "WhatsNew2Day - Latest News And Breaking Headlines",
        "title": "Doge's career towards the bottom",
        "title_full": "Doge's career towards the bottom",
        "published": "2025-02-13T19:11:00.000+02:00",
        "replies_count": 0,
        "participants_count": 1,
        "site_type": "news",
        "country": "US",
        "main_image": "",
        "performance_score": 0,
        "domain_rank": 79132,
        "domain_rank_updated": "2025-02-10T23:00:00.000+02:00",
        "social": {
            "facebook": {
                "likes": 0,
                "comments": 0,
                "shares": 0
            },
            "vk": {
                "shares": 0
            }
        }
    },
    "uuid": "50e358b88e9d106237ec5fba2d4def7e8a3c51b5",
    "url": "https://whatsnew2day.com/doges-career-towards-the-bottom",
    "ord_in_thread": 0,
    "parent_url": null,
    "author": "Alexander",
    "published": "2025-02-13T19:11:00.000+02:00",
    "title": "Doge's career towards the bottom",
    "text": "What happens with the acquisition of the key institutions of the US government for the richest man in the world and his strike force of former interns is that it is happening very fast.\nThree weeks have passed since Elon Musk agents took care of the Government’s IT and Human Resources departments. Since then, the movements of their so -called Government’s efficiency department have had the cartography of a horror film, Dege choosing the agencies one by one based on Slasher’s logic, feeding an insufficient thirst for cost reduction and data .\nEvery day brings new incursions. Three weeks ago, the United States believed in humanitarian aid. He helped people who had been scammed by large corporations. Financed the necessary infrastructure to make the United States a lighthouse of scientific innovation. The United States Agency for International Development is now destroyed, the Consumer Financial Protection Office is in ICE and the subsidies of the National Health Institutes are handcuffed. Too much for all that.\nThese are cruelty of spreadsheet, executed with one click. The loss of the works and lives of the royal peoples, yes, despite what the theorists of the X-Famus conspiracy will tell him, Usaid saved lives, all irrelevant compared to the search for a more strict general balance.\nThree weeks ago, a 19 -year -old named “Large Balls” online did not have access to government personnel records and more. A 25 -year -old with a closet full of racist tweets had not obtained the keys to the treasury systems paid $ 5.45 billion every year. Elon Musk had not turned the Oval office into a Mameluco room for his 4 -year -old son.\nSpeed ​​is the strategy, of course, flooding the area so that neither the media nor the courts can keep the pace. Judicial demands and orders move on a different time scale to this cutting and burning approach. (At this rate, Dege will have taken advantage of the last government server long before the Supreme Court has the opportunity to intervene). But it is also reflective. The first business order in a corporate acquisition is to reduce costs as quickly as possible. If you can’t say goodbye to people, offer shopping. If you do not take purchases, find a way to fire them anyway. Keep cutting until you hit bone.\nThis is how you get a Executive order Declating that “each agency does not hire no more than one employee for every four employees that start”, an arbitrary relationship without taking into account the real personnel needs. This is how you get hundreds of federal government buildings in the auction block, regardless of how busy they are. It is extreme and poorly considered, a race to empty the only good of the city.\nAnd then … what? This is the question that Elon Musk and Dogs have not answered, because there is no answer. Does the United States government need to become a profit engine? To return the value of the shareholder? Does Medicaid need to demonstrate a product product adjustment for the next financing round?\nThis is the logic of consultants. This is an engineering sprint whose inevitable finish line is the unwinding of the social contract. Democracy does not die in the dark after all; He dies in Jira tickets presented by Palantir students.\n(Tagstotranslate) Policy laboratory with Cable",
    "highlightText": "",
    "highlightTitle": "",
    "highlightThreadTitle": "",
    "language": "english",
    "sentiment": "negative",
    "categories": [
        "Economy, Business and Finance"
    ],
    "topics": [
        "Economy, Business and Finance->business governance"
    ],
    "ai_allow": true,
    "has_canonical": false,
    "breaking": false,
    "webz_reporter": false,
    "external_links": [
        "https://www.whitehouse.gov/presidential-actions/2025/02/implementing-the-presidents-department-of-government-efficiency-workforce-optimization-initiative/",
        "https://www.whitehouse.gov/presidential-actions/2025/02/implementing-the-presidents-department-of-government-efficiency-workforce-optimization-initiative",
        "https://whitehouse.gov/presidential-actions/2025/02/implementing-the-presidents-department-of-government-efficiency-workforce-optimization-initiative/"
    ],
    "external_images": [],
    "entities": {
        "persons": [],
        "organizations": [
            {
                "name": "United States Agency for International Development",
                "sentiment": "none"
            },
            {
                "name": "Consumer Financial Protection Office",
                "sentiment": "none"
            },
            {
                "name": "National Health Institutes",
                "sentiment": "none"
            }
        ],
        "locations": []
    },
    "syndication": {
        "syndicated": false,
        "syndicate_id": null,
        "first_syndicated": false
    },
    "trust": {
        "categories": [
            "fake_news"
        ]
    },
    "rating": null,
    "crawled": "2025-02-14T01:49:13.326+02:00",
    "updated": "2025-02-14T01:49:13.326+02:00"
}