{
    "thread": {
        "uuid": "8db15791cec1e8f3b0a3390aa47170fd7428a4d5",
        "url": "https://whatsnew2day.com/within-the-mysterious-relationship-of-elon-musk-with-baby-momma-shivon-zilis-while-joining-him-in-a-high-profile-event",
        "site_full": "whatsnew2day.com",
        "site": "whatsnew2day.com",
        "site_section": "https://www.whatsnew2day.com",
        "site_categories": [
            "media"
        ],
        "section_title": "WhatsNew2Day - Latest News And Breaking Headlines",
        "title": "Within the mysterious relationship of Elon Musk with Baby Momma Shivon Zilis while joining him in a high profile event",
        "title_full": "Within the mysterious relationship of Elon Musk with Baby Momma Shivon Zilis while joining him in a high profile event",
        "published": "2025-02-13T23:31:00.000+02:00",
        "replies_count": 0,
        "participants_count": 1,
        "site_type": "news",
        "country": "US",
        "main_image": "",
        "performance_score": 0,
        "domain_rank": 79132,
        "domain_rank_updated": "2025-02-10T23:00:00.000+02:00",
        "social": {
            "facebook": {
                "likes": 0,
                "comments": 0,
                "shares": 0
            },
            "vk": {
                "shares": 0
            }
        }
    },
    "uuid": "8db15791cec1e8f3b0a3390aa47170fd7428a4d5",
    "url": "https://whatsnew2day.com/within-the-mysterious-relationship-of-elon-musk-with-baby-momma-shivon-zilis-while-joining-him-in-a-high-profile-event",
    "ord_in_thread": 0,
    "parent_url": null,
    "author": "Merry",
    "published": "2025-02-13T23:31:00.000+02:00",
    "title": "Within the mysterious relationship of Elon Musk with Baby Momma Shivon Zilis while joining him in a high profile event",
    "text": "Elon Musk’s mysterious relationship with Shivon Zilis has been found in the center of attention this week when he joined the billionaire CEO of Tesla during his recent meeting with the Indian Prime Minister.\nThe founder of Space X, 53, spoke with Narendra Modi on Thursday in Washington, DC, with Shivon, a Neuralink executive and mother of three of Elon’s 12 children, by his side.\nShivon, dressed in a purple picture skirt, a purple blouse and leather boots to the knee, was seen sitting next to Elon with one of his children in his lap, while the other read a book on the floor at his feet.\nElon X Æ A-12, or ‘X’ for Short, whom he shares with singer Grimes, was also there, and played with his media brothers.\nOther images showed the parents who left the Blair house. Shivon remained slightly behind Elon while holding herself in the hands of young people.\nThe appearance of Shivon at the high profile meeting raises new questions about her rumored romance and Elon, which has been continuously involved in mystery.\nHis relationship came to light for the first time in November 2021, when it was revealed that Shivon had secretly received the twins with the tycoon, called Stider and Azure.\nThey were born in June, only weeks before Elon welcomed his second son with his now exfirdia Grimes.\nElon Musk’s mysterious relationship with Shivon Zilis has been found in the center of attention when he joined the billionaire CEO of Tesla during his recent meeting with the Indian Prime Minister\nThe founder of the Space X, 53, spoke with Narendra Modi on Thursday in Washington, DC, with Shivon, an executive from Nealalink and mother of three of Elon’s 12 children, by his side.\nShivon, dressed in a purple frame skirt, a purple blouse and leather boots to the knee, was seen sitting next to Elon with one of his children in his lap\nIt was later learned that Elon had donated sperm to Shivon, who is currently the director of Operations and Special Projects in Neuralink, through IVF.\nIt was said that Grimes discovered that Elon was the father of Shivon’s twins a month after they were born.\nSince then, the state of its relationship has not been clear, but in June 2024, Elon announced that he and Shivon had received another baby together earlier. They have maintained the private gender and name.\nLast October, reports said that Shivon had moved to an extensive complex of $ 35 million in Austin, Texas, that the billionaire had bought with the intention that his 11 children live together.\nA month later, Elon brought Shivon with him to the property of Donald Trump in Mar-A-Lago.\nShe appeared at the bottom of a shared photo of Elon and Donald together at the Black Tie gala of the First Policy Institute.\nIn another image, Elon and Shivon put on a united front while taking hand with two of their children next to a pool in Mar-a-lago.\nThe appearance of Shivon at the high profile meeting raises new questions about her and Elon’s rumored romant\nHis relationship came to light for the first time in November 2021, when it was revealed that Shivon had secretly received the twins with the tycoon, called Stider and Azure\nThey were born in June, only weeks before Elon welcomed his second child with his now exfirdia Grimes\nSome took the appearance as a confirmation that they are a couple.\nElon has engendered 12 children with three different women over the years. He had six children with his first wife, Justine Wilson, whom he divorced in 2008, and three children with Grimes.\nOne of his children with Justine died tragically shortly after he was born.\nElon has disagree with His transgender daughter, Vivian Wilson, for years.\nOnce he called her a ‘communist’ who thinks that ‘any rich person is evil’ and He said he was “deceived” to allow Vivian to go to puberty blockers.\nHe also published a tweet in which he said that Vivian was born ‘Gay and slightly autistic.\nIn November, Elon brought Shivon with him to the property of Donald Trump in Mar-A-Lago. She appeared at the bottom of a shared photo of the Tie Black Tie gala of the First Policy Institute\nIn another image, Elon and Shivon put a united front while taking hand with two of their children next to a pool in Mar-a-Lago\nElon has engendered 12 children with three different women over the years; He had six children with his first wife, Justine Wilson, whom he divorced in 2008, and three children with Grimes\nShe responded by saying that her father was not close to when she was a child, and that she would harass her relentlessly for her “femininity and rarity.”\n“He doesn’t know how it was when he was a child because he was simply there,” she replied.\n‘And in the little time he was, I was relentlessly harassed by my femininity and strange.\n‘They have reduced me to a small happy stereotype. I think that says a lot about how Queer people and children see in general.\n(Tagstotranslate) Dailymail (T) Femail (T) Elon Musk",
    "highlightText": "",
    "highlightTitle": "",
    "highlightThreadTitle": "",
    "language": "english",
    "sentiment": "neutral",
    "categories": [
        "Lifestyle and Leisure"
    ],
    "topics": [
        "Lifestyle and Leisure->lifestyle"
    ],
    "ai_allow": true,
    "has_canonical": false,
    "breaking": false,
    "webz_reporter": false,
    "external_links": [],
    "external_images": [],
    "entities": {
        "persons": [],
        "organizations": [],
        "locations": []
    },
    "syndication": {
        "syndicated": false,
        "syndicate_id": null,
        "first_syndicated": false
    },
    "trust": {
        "categories": [
            "fake_news"
        ]
    },
    "rating": null,
    "crawled": "2025-02-14T01:48:31.023+02:00",
    "updated": "2025-02-14T01:48:31.023+02:00"
}