{
    "thread": {
        "uuid": "b85834d4a3e377b6504357947d32358012d4581d",
        "url": "https://www.thegatewaypundit.com/2025/02/another-democrat-senator-announces-retirement-as-party-disarray",
        "site_full": "www.thegatewaypundit.com",
        "site": "thegatewaypundit.com",
        "site_section": "https://www.thegatewaypundit.com/rss",
        "site_categories": [
            "social",
            "top_news_us",
            "top_news"
        ],
        "section_title": "The Gateway Pundit",
        "title": "Another Democrat Senator Announces Retirement as Party in Disarray After Crushing Loss to Trump: Minnesota Dem Sen. Tina Smith Won't Seek Reelection | The Gateway Pundit | by Cristina Laila",
        "title_full": "Another Democrat Senator Announces Retirement as Party in Disarray After Crushing Loss to Trump: Minnesota Dem Sen. Tina Smith Won't Seek Reelection | The Gateway Pundit | by Cristina Laila",
        "published": "2025-02-13T23:45:00.000+02:00",
        "replies_count": 100,
        "participants_count": 62,
        "site_type": "news",
        "country": "US",
        "main_image": "https://www.thegatewaypundit.com/wp-content/uploads/2025/02/0-45-1200x630.jpg",
        "performance_score": 0,
        "domain_rank": 5747,
        "domain_rank_updated": "2025-02-10T23:00:00.000+02:00",
        "social": {
            "facebook": {
                "likes": 0,
                "comments": 0,
                "shares": 0
            },
            "vk": {
                "shares": 0
            }
        }
    },
    "uuid": "f3332492fc331a5c53d9d529ef2fb65a51082321",
    "url": "https://www.thegatewaypundit.com/2025/02/another-democrat-senator-announces-retirement-as-party-disarray#post-62",
    "ord_in_thread": 62,
    "parent_url": null,
    "author": "Jamin R Skin",
    "published": "2025-02-13T23:55:00.000+02:00",
    "title": "",
    "text": "🤦‍♂️",
    "highlightText": "",
    "highlightTitle": "",
    "highlightThreadTitle": "",
    "language": "english",
    "sentiment": null,
    "categories": null,
    "topics": null,
    "ai_allow": true,
    "has_canonical": false,
    "breaking": null,
    "webz_reporter": false,
    "external_links": null,
    "external_images": [],
    "entities": {
        "persons": [],
        "organizations": [],
        "locations": []
    },
    "syndication": {
        "syndicated": false,
        "syndicate_id": null,
        "first_syndicated": false
    },
    "trust": {
        "categories": [
            "fake_news"
        ]
    },
    "rating": null,
    "crawled": "2025-02-14T01:31:18.932+02:00",
    "updated": "2025-02-14T04:09:32.929+02:00"
}