{
    "thread": {
        "uuid": "f11e573cfa5fc25f0c5df054925ca8e975555c2b",
        "url": "https://ripostelaique.com/la-france-pretend-lutter-contre-lantisemitisme-mais-accueille-500-000-arabo-musulmans-par-an.html",
        "site_full": "ripostelaique.com",
        "site": "ripostelaique.com",
        "site_section": "http://feeds.feedburner.com/ripostelaique/znsm",
        "site_categories": [
            "religion",
            "islam"
        ],
        "section_title": "RIPOSTE LAIQUE",
        "title": "La France prétend lutter contre l'antisémitisme, mais accueille 500 000 arabo-musulmans par an !",
        "title_full": "La France prétend lutter contre l'antisémitisme, mais accueille 500 000 arabo-musulmans par an !",
        "published": "2025-02-14T01:14:00.000+02:00",
        "replies_count": 0,
        "participants_count": 1,
        "site_type": "news",
        "country": "FR",
        "main_image": "",
        "performance_score": 0,
        "domain_rank": 155300,
        "domain_rank_updated": "2025-02-10T23:00:00.000+02:00",
        "social": {
            "facebook": {
                "likes": 0,
                "comments": 0,
                "shares": 0
            },
            "vk": {
                "shares": 0
            }
        }
    },
    "uuid": "f11e573cfa5fc25f0c5df054925ca8e975555c2b",
    "url": "https://ripostelaique.com/la-france-pretend-lutter-contre-lantisemitisme-mais-accueille-500-000-arabo-musulmans-par-an.html",
    "ord_in_thread": 0,
    "parent_url": null,
    "author": "Nom",
    "published": "2025-02-14T01:14:00.000+02:00",
    "title": "La France prétend lutter contre l'antisémitisme, mais accueille 500 000 arabo-musulmans par an !",
    "text": "Invité ce matin 13 février par Madame Aurore BERGÉ, ministre de l’Égalité entre les Femmes et les Hommes et de la Lutte contre les discriminations, aux Assises de lutte contre l’antisémitisme , à la Maison de la Radio, à Paris, j’ai assisté, sans surprise :\nà un long exposé, par des victimes mêmes, sur l’estrade, des faits et manifestations d’antisémitisme en recrudescence exponentielle depuis le 7 octobre 2023. Insultes, menaces, coups sont constamment infligés à des élèves et étudiants juifs terrorisés, accusés d’être des « ordures sionistes » et pratiquement chassés des établissements d’enseignement français envahis par des tags et inscriptions antisémites : « Les juifs dehors ! Free Palestine !, etc. ». puis à des déclarations bravaches réitérées, par les ministres Aurore BERGÉ et Elisabeth BORNE, telles que : « Nous allons sanctionner implacablement ! », « éradiquer toute tendance à l’antisémitisme ! », « combattre la banalisation ! », « tolérance zéro ! », « Nous ne lâcherons rien ! », « agir avec fermeté ! », « aucun acte ne doit passer sous silence ! », « s’en prendre aux Juifs, c’est s’en prendre à la République ! », « Il faut visiter des lieux de mémoire ! », « Il faut des équipes pédagogiques ! », etc. Beaucoup de commentaires et de déclarations péremptoires donc, mais aucune réflexion sur les causes de cette recrudescence exponentielle des manifestations de haine anti-juive et antisioniste depuis le 7 octobre 2023.\nCar un gouvernement qui admet chaque année l’afflux de plus d’un demi million d’immigrants arabo-musulmans, algériens et autres, élevés dans la haine des Juifs, avec leurs prêcheurs de haine anti-juive et antisioniste, ne lutte pas contre l’antisémitisme.\nIl le renforce !\nUn gouvernement qui vote systématiquement aux Nations Unies avec les pires dictatures djihadistes totalitaires d’Iran, d’Algérie et du Pakistan, etc. contre la démocratie israélienne ne lutte pas contre l’antisémitisme.\nIl le renforce !\nUn gouvernement qui tolère les menaces de destruction totale d’Israël, par la République Islamique d’Iran, depuis 1979, et qui conserve des relations diplomatiques avec cette dictature meurtrière par ailleurs de son propre peuple, ne lutte pas contre l’antisémitisme.\nIl le renforce !\nUn gouvernement qui exclut Israël du salon de défense Eurosatory et l’accuse de « barbarie », sur la foi des accusations mensongères et des chiffres fantaisistes avancés par le Hamas génocidaire terroriste, ne lutte pas contre l’antisémitisme.\nIl le renforce !\nUn gouvernement qui refuse le témoignage du colonel anglais Kemp, qui a suivi l’armée israélienne dans ses opérations de défense, et qui affirme que Tsahal prend plus de précautions pour éviter les victimes civiles qu’aucune autre armée dans l’histoire mondiale des guerres, ne lutte pas contre l’antisémitisme.\nIl le renforce !\nUn gouvernement qui soutient mordicus l’idée d’un 23e État arabe, la prétendue « Palestine », État judenrein terroriste étroitement accolé à Israël, pour un conflit sans fin, ne lutte pas contre l’antisémitisme.\nIl le renforce !\nPour lutter vraiment contre l’antisémitisme, il faudrait :\n1/ Mettre un terme à l’invasion arabo-musulmane massive et débridée de la France.\n2/ Voter aux Nations Unies pour la défense d’Israël contre les menaces djihadistes totalitaires.\n3/ Promettre la rupture des relations diplomatiques avec l’Iran si cette dictature s’obstine à menacer quotidiennement Israël de destruction totale.\n4/ Dénoncer les mensonges du Hamas génocidaire et ses crimes contre l’humanité.\n5/ Affirmer avec le colonel Kemp, que Tsahal est une armée morale, face à des terroristes criminels et barbares.\n6/ Soutenir la proposition d’émigration, pour la Paix, enfin, de ce prétendu peuple palestinien artificiellement entretenu par l’UNWRA, avec ses réfugiés de père en fils, situation unique dans l’histoire, dans un projet ouvertement déclaré de génocide des Juifs et de destruction d’Israël.\nEtc.\nCraintifs, les gouvernements français successifs et le Quai d’Orsay ont toujours tenté de caresser le djihad dans le sens du poil, en accablant Israël, ce qui ne peut que déchaîner l’antisémitisme le plus virulent !\nLes populations musulmanes constatent que les gouvernements français pètent de trouille et les méprisent, car ils ne respectent que la force.\nJ’aurais voulu obtenir le micro ne serait ce qu’une minute pour rappeler que tout cela est à resituer dans le contexte d’une crise civilisationnelle mondiale, avec les milliards qataris utilisés pour menacer toute la civilisation occidentale judéo-chrétienne, dont Israël est un avant poste, par un déferlement djihadiste génocidaire.\nCar il faut choisir son camp !\nOn est soit pour le peuple juif indépendant et souverain sur sa terre d’Eretz Israël, et par conséquent pour la survivance du Monde Libre, soit pour le djihad totalitaire qui a fait couler le sang en Israël, le 7 octobre 2023, avec une cruauté inimaginable, mais aussi en France, au Bataclan, à Charlie Hebdo, à Nice, etc., et qui prétend soumettre toute l’humanité de gré ou de force, à terme, selon sa doctrine officielle !\nMais finalement, le micro n’a pas été accordé à la salle, pour poser des questions ou évoquer tel ou tel aspect.\nIl s’agissait donc, pour ces Assises , d’un arrogant procédé en Top Down exclusif, les idées venant exclusivement des conseillers ministériels, le Bottom Up , les idées et propositions du public étant donc considérées dès l’abord comme nulles et non avenues.\nC’est bien la méthode habituelle qui a précipité la France dans l’échec abyssal où elle se trouve, qui a présidé à ces prétendues Assises .\n« Restez assis, écoutez et taisez-vous ! Nous avons la science infuse et n’avons aucun besoin de vos lumières ! »\n Jean-Loup Mordekhaï Msika",
    "highlightText": "",
    "highlightTitle": "",
    "highlightThreadTitle": "",
    "language": "french",
    "sentiment": "negative",
    "categories": [
        "Social Issue",
        "Politics"
    ],
    "topics": [
        "Social Issue->diversity, equity and inclusion",
        "Social Issue->discrimination",
        "Social Issue->racism",
        "Politics->political crisis",
        "Politics->migration policy",
        "Politics->human rights"
    ],
    "ai_allow": true,
    "has_canonical": false,
    "breaking": false,
    "webz_reporter": false,
    "external_links": [],
    "external_images": [],
    "entities": {
        "persons": [],
        "organizations": [],
        "locations": []
    },
    "syndication": {
        "syndicated": null,
        "syndicate_id": null,
        "first_syndicated": false
    },
    "trust": {
        "categories": [
            "fake_news"
        ]
    },
    "rating": null,
    "crawled": "2025-02-14T03:09:06.095+02:00",
    "updated": "2025-02-14T09:26:13.669+02:00"
}