{
    "thread": {
        "uuid": "1eef8d277f618655f9ab821d0b498dc7e6e69ddd",
        "url": "https://www.youtube.com/watch?v=PoGxYbDeNZs",
        "site_full": "www.youtube.com",
        "site": "youtube.com",
        "site_section": "https://feeder.co/out/folder/07af1ba519.rss",
        "site_categories": [
            "television",
            "",
            "entertainment",
            "crime, law and justice",
            "politics",
            "war, conflict and unrest",
            "sport",
            "economy, business and finance"
        ],
        "section_title": "Audio and Video News",
        "site_title": "YouTube",
        "title": "Piers Morgan DENIES Israel Committed A Genocide In Gaza",
        "title_full": "Piers Morgan DENIES Israel Committed A Genocide In Gaza",
        "published": "2026-01-22T06:30:00.000+02:00",
        "replies_count": 44,
        "participants_count": 41,
        "site_type": "news",
        "country": "US",
        "main_image": "https://i.ytimg.com/vi/PoGxYbDeNZs/maxresdefault.jpg",
        "performance_score": 0,
        "domain_rank": 9,
        "domain_rank_updated": "2026-01-18T23:00:00.000+02:00",
        "licensing_agency": [],
        "social": {
            "facebook": {
                "likes": 0,
                "comments": 0,
                "shares": 0
            },
            "vk": {
                "shares": 0
            }
        }
    },
    "uuid": "1eef8d277f618655f9ab821d0b498dc7e6e69ddd",
    "url": "https://www.youtube.com/watch?v=PoGxYbDeNZs",
    "ord_in_thread": 0,
    "author": "The Young Turks",
    "published": "2026-01-22T06:30:00.000+02:00",
    "title": "Piers Morgan DENIES Israel Committed A Genocide In Gaza",
    "text": "Piers Morgan DENIES Israel Committed A Genocide In GazaPiers Morgan argued with political scientist Prof. John Mearsheimer that there was no genocide in Gaza. Ana Kasparian discusses on The Young Turks. Do you agree with TYT's take? Tell us what you think in the comments below. SUBSCRIBE today: ☞ https://go.tyt.com/ytsubscribe Get paid to use your phone less! Switch to Noble Mobile today: https://go.tyt.com/mobile 🔥 Tired of corporate media? Get honest news and bold commentary with TYT. 📲 Click Subscribe → https://go.tyt.com/subscribe 🔔 Hit the bell icon so you never miss an episode! 🫶 Love this video? Leave a Super Thanks (💖) and help power our work! 🧢 Grab official merch → https://go.tyt.com/shoptyt ✊ Become a TYT Member for perks & exclusive content → https://go.tyt.com/jointyt Read more here: https://x.com/BergerPosts/status/2013589103304946136 \"Mearsheimer: “I’m an America Firster, I care about the U.S. national interest and it is not in our national interest to have this conflictual relationship with Iran.” \" *** Your Support is Crucial to the Show: https://go.tyt.com/jointoday The largest online progressive news show in the world. Hosted by Cenk Uygur and Ana Kasparian. LIVE weekdays 6-8 pm ET. http://youtube.com/theyoungturks/live Help support our mission and get perks. Membership protects TYT's independence from corporate ownership and allows us to provide free live shows that speak truth to power for people around the world. See Perks: ▶ https://www.youtube.com/TheYoungTurks/join TYT is the largest online news network in the country. It presents news, context and analysis. We have dozens of on-air hosts on half a dozen major channels on almost all the platforms. We also have a live 24-hour news channel that features all our shows. The Young Turks is the flagship show of the TYT Network. The Young Turks is the longest running daily show in internet history. We’re about to celebrate our 20th anniversary as a digital native show. We are also the first ever YouTube partner channel. So, we are the original YouTubers. On the network, we do things a little differently than other places. We present the news first, with all of the facts and context you need, which is a rarity in commentary-heavy online shows. We then also give analysis and perspective, which is rare in traditional news. Our commentary and perspective are almost always on the left, but we have an enormous range of opinions on the network. Hosts are allowed to think and say whatever they like. Perspectives usually range from the far left to the center of the political spectrum. Now, our presence and range is large enough that we are adopting the tagline The Online News Network. Our longevity, our 27 million subscribers and 30 billion lifetime views allows us to make this claim confidently. TYT emphasizes open-minds and open-hearts. We believe in fighting for the average American. We believe in challenging the powerful. We are vigilant about pursuing the truth to the best of our abilities and for always being honest with our audience. We’ve been proud to serve the internet for longer than any other news show or network. As one of the founding fathers and mothers of online media, we have always believed that digital media would become the dominant news source for all Americans. We’re thrilled that day is here and that TYT is where everyone can come to see The Online News Network. TYT includes owned and operated and partner shows such as The Young Turks, The Damage Report, Indisputable, and more. TYT’s 24/7 programming is available on YouTube TV, Samsung TV, Plus, Roku, Xumo, TCLtv+, Fubo, and more. TYT is also available as a podcast on Spotify, Apple Podcasts, TuneIn, Amazon Music, and more. SUBSCRIBE on YOUTUBE: ☞ http://www.youtube.com/subscription_center?add_user=theyoungturks FACEBOOK: ☞ http://www.facebook.com/TheYoungTurks TWITTER: ☞ http://www.twitter.com/TheYoungTurks INSTAGRAM: ☞ http://www.instagram.com/TheYoungTurks TWITCH: ☞ http://www.twitch.com/tyt 👕 Merch: http://shoptyt.com ❤ Donate: http://www.tyt.com/go 🔗 Website: https://www.tyt.com If you want to watch more videos from TYT, consider subscribing to other channels in our network: The Watchlist https://www.youtube.com/watchlisttyt Indisputable with Dr. Rashad Richey https://www.youtube.com/indisputabletyt The Damage Report ▶ https://www.youtube.com/thedamagereport TYT Sports ▶ https://www.youtube.com/tytsports The Conversation ▶ https://www.youtube.com/tytconversation Rebel HQ ▶ https://www.youtube.com/rebelhq TYT Investigates ▶ https://www.youtube.com/channel/UCwNJt9PYyN1uyw2XhNIQMMA #TYT #TheYoungTurks #BreakingNews 260121__TB02PiersMorganOnGenocide",
    "highlightText": "",
    "highlightTitle": "",
    "highlightThreadTitle": "",
    "language": "english",
    "sentiment": "negative",
    "categories": [
        "War, Conflict and Unrest",
        "Politics"
    ],
    "topics": [
        "War, Conflict and Unrest->armed conflict"
    ],
    "ai_allow": true,
    "has_canonical": false,
    "breaking": false,
    "webz_reporter": false,
    "external_links": [
        "http://www.twitter.com/TheYoungTurks",
        "https://go.tyt.com/jointoday",
        "https://go.tyt.com/jointyt",
        "http://www.instagram.com/TheYoungTurks",
        "https://x.com/BergerPosts/status/2013589103304946136",
        "https://go.tyt.com/ytsubscribe",
        "https://go.tyt.com/shoptyt",
        "https://go.tyt.com/subscribe",
        "https://www.tyt.com",
        "http://shoptyt.com",
        "http://www.facebook.com/TheYoungTurks",
        "http://www.tyt.com/go",
        "https://go.tyt.com/mobile",
        "http://www.twitch.com/tyt",
        "https://www.go.tyt.com/shoptyt",
        "http://facebook.com/TheYoungTurks",
        "https://www.x.com/BergerPosts/status/2013589103304946136",
        "http://twitter.com/TheYoungTurks",
        "https://tyt.com",
        "http://instagram.com/TheYoungTurks",
        "http://twitch.com/tyt",
        "https://www.go.tyt.com/jointoday",
        "http://tyt.com/go",
        "https://www.go.tyt.com/ytsubscribe",
        "https://www.go.tyt.com/mobile",
        "http://www.shoptyt.com",
        "https://www.go.tyt.com/jointyt",
        "https://www.go.tyt.com/subscribe"
    ],
    "external_images": [],
    "internal_images": [],
    "entities": {
        "persons": [
            {
                "name": "Piers Morgan",
                "sentiment": "negative"
            },
            {
                "name": "Ana Kasparian",
                "sentiment": "none"
            },
            {
                "name": "John Mearsheimer",
                "sentiment": "none"
            }
        ],
        "locations": [
            {
                "name": "Gaza",
                "sentiment": "none"
            },
            {
                "name": "Israel",
                "sentiment": "none"
            }
        ],
        "organizations": [
            {
                "name": "Noble Mobile",
                "sentiment": "none",
                "tickers": [
                    {
                        "ticker": null,
                        "exchange": null
                    }
                ]
            },
            {
                "name": "TYT",
                "sentiment": "none",
                "tickers": []
            }
        ]
    },
    "syndication": {
        "syndicated": false,
        "syndicate_id": null,
        "first_syndicated": false
    },
    "trust": {
        "categories": [
            "fake_news"
        ],
        "top_news": [],
        "bias": "left",
        "source": {
            "type": null,
            "city": null,
            "state": null,
            "country": null,
            "domain_type": null,
            "agency": null,
            "organization_name": null
        }
    },
    "rating": null,
    "crawled": "2026-01-22T07:18:12.884+02:00",
    "updated": "2026-01-22T07:23:45.000+02:00"
}