{
    "thread": {
        "uuid": "6cbb077647a6d71bfb9348f25850412b2e9f2e93",
        "url": "https://www.youtube.com/watch?v=84aa__f8yF8",
        "site_full": "www.youtube.com",
        "site": "youtube.com",
        "site_section": "https://feeder.co/out/feed/10582935/677ed4a2d4.rss",
        "site_categories": [
            "television",
            "",
            "entertainment",
            "crime, law and justice",
            "politics",
            "war, conflict and unrest",
            "sport",
            "economy, business and finance"
        ],
        "section_title": "Headline News",
        "site_title": "YouTube",
        "title": "Trump Berates World Leaders, Declares Victory on Greenland & We Receive Another Threat from the FCC!",
        "title_full": "Trump Berates World Leaders, Declares Victory on Greenland & We Receive Another Threat from the FCC!",
        "published": "2026-01-22T06:45:00.000+02:00",
        "replies_count": 100,
        "participants_count": 94,
        "site_type": "news",
        "country": "US",
        "main_image": "https://i.ytimg.com/vi/84aa__f8yF8/maxresdefault.jpg",
        "performance_score": 0,
        "domain_rank": 9,
        "domain_rank_updated": "2026-01-18T23:00:00.000+02:00",
        "licensing_agency": [],
        "social": {
            "facebook": {
                "likes": 0,
                "comments": 0,
                "shares": 0
            },
            "vk": {
                "shares": 0
            }
        }
    },
    "uuid": "50336e0e9c0a6cf887c07978a7231685176f2e29",
    "url": "https://www.youtube.com/watch?v=84aa__f8yF8#post-60",
    "ord_in_thread": 60,
    "author": "@CL-lo4wd",
    "published": "2026-01-22T07:13:00.000+02:00",
    "title": "",
    "text": "So freaking embarrassing!",
    "highlightText": "",
    "highlightTitle": "",
    "highlightThreadTitle": "",
    "language": "english",
    "sentiment": null,
    "categories": null,
    "topics": null,
    "ai_allow": true,
    "has_canonical": false,
    "breaking": null,
    "webz_reporter": false,
    "external_links": null,
    "external_images": null,
    "internal_images": null,
    "entities": {
        "persons": [],
        "locations": [],
        "organizations": []
    },
    "syndication": {
        "syndicated": false,
        "syndicate_id": null,
        "first_syndicated": false
    },
    "trust": {
        "categories": [
            "fake_news"
        ],
        "top_news": [],
        "bias": "left",
        "source": {
            "type": null,
            "city": null,
            "state": null,
            "country": null,
            "domain_type": null,
            "agency": null,
            "organization_name": null
        }
    },
    "rating": null,
    "crawled": "2026-01-22T07:20:23.245+02:00",
    "updated": "2026-01-22T08:46:03.425+02:00"
}