{
    "thread": {
        "uuid": "1eef8d277f618655f9ab821d0b498dc7e6e69ddd",
        "url": "https://www.youtube.com/watch?v=PoGxYbDeNZs",
        "site_full": "www.youtube.com",
        "site": "youtube.com",
        "site_section": "https://feeder.co/out/folder/07af1ba519.rss",
        "site_categories": [
            "television",
            "",
            "entertainment",
            "crime, law and justice",
            "politics",
            "war, conflict and unrest",
            "sport",
            "economy, business and finance"
        ],
        "section_title": "Audio and Video News",
        "site_title": "YouTube",
        "title": "Piers Morgan DENIES Israel Committed A Genocide In Gaza",
        "title_full": "Piers Morgan DENIES Israel Committed A Genocide In Gaza",
        "published": "2026-01-22T06:30:00.000+02:00",
        "replies_count": 44,
        "participants_count": 41,
        "site_type": "news",
        "country": "US",
        "main_image": "https://i.ytimg.com/vi/PoGxYbDeNZs/maxresdefault.jpg",
        "performance_score": 0,
        "domain_rank": 9,
        "domain_rank_updated": "2026-01-18T23:00:00.000+02:00",
        "licensing_agency": [],
        "social": {
            "facebook": {
                "likes": 0,
                "comments": 0,
                "shares": 0
            },
            "vk": {
                "shares": 0
            }
        }
    },
    "uuid": "716f59d0062526b900bdfef04d28347632c5413b",
    "url": "https://www.youtube.com/watch?v=PoGxYbDeNZs#post-19",
    "ord_in_thread": 19,
    "author": "@zackleahy9241",
    "published": "2026-01-22T06:54:00.000+02:00",
    "title": "",
    "text": "Karma got him lol fell over a step.",
    "highlightText": "",
    "highlightTitle": "",
    "highlightThreadTitle": "",
    "language": "english",
    "sentiment": null,
    "categories": null,
    "topics": null,
    "ai_allow": true,
    "has_canonical": false,
    "breaking": null,
    "webz_reporter": false,
    "external_links": null,
    "external_images": null,
    "internal_images": null,
    "entities": {
        "persons": [],
        "locations": [],
        "organizations": []
    },
    "syndication": {
        "syndicated": false,
        "syndicate_id": null,
        "first_syndicated": false
    },
    "trust": {
        "categories": [
            "fake_news"
        ],
        "top_news": [],
        "bias": "left",
        "source": {
            "type": null,
            "city": null,
            "state": null,
            "country": null,
            "domain_type": null,
            "agency": null,
            "organization_name": null
        }
    },
    "rating": null,
    "crawled": "2026-01-22T07:18:13.478+02:00",
    "updated": "2026-01-22T07:18:13.478+02:00"
}