{
    "thread": {
        "uuid": "5de39f41f3bd6018d9139b5b33199356bb7ee184",
        "url": "https://www.newsbreak.com/news/4452436127203-nevadans-protest-in-carson-city-as-part-of-free-america-walkout",
        "site_full": "www.newsbreak.com",
        "site": "newsbreak.com",
        "site_section": "https://www.newsbreak.com/reno-nv",
        "site_categories": [
            "under_construction",
            "arts, culture and entertainment",
            "human interest",
            "lifestyle and leisure",
            "economy, business and finance",
            "crime, law and justice",
            "politics",
            "sport"
        ],
        "section_title": "Reno, NV Local News and More | NewsBreak",
        "site_title": "NewsBreak: Local News &amp; Alerts",
        "title": "Nevadans protest in Carson City as part of \"Free America Walkout\" - NewsBreak",
        "title_full": "Nevadans protest in Carson City as part of \"Free America Walkout\" - NewsBreak",
        "published": "2026-01-21T04:43:00.000+02:00",
        "replies_count": 0,
        "participants_count": 1,
        "site_type": "news",
        "country": "US",
        "main_image": "",
        "performance_score": 0,
        "domain_rank": 2819,
        "domain_rank_updated": "2026-01-18T23:00:00.000+02:00",
        "licensing_agency": [],
        "social": {
            "facebook": {
                "likes": 0,
                "comments": 0,
                "shares": 0
            },
            "vk": {
                "shares": 0
            }
        }
    },
    "uuid": "5de39f41f3bd6018d9139b5b33199356bb7ee184",
    "url": "https://www.newsbreak.com/news/4452436127203-nevadans-protest-in-carson-city-as-part-of-free-america-walkout",
    "ord_in_thread": 0,
    "author": "2 News Nevada Digital Team",
    "published": "2026-01-21T04:43:00.000+02:00",
    "title": "Nevadans protest in Carson City as part of \"Free America Walkout\" - NewsBreak",
    "text": "By 2 News Nevada Digital Team ,\n1 days ago Nevadans participated in a \"Free America Walkout\" on Tuesday to send a message to state representatives. 2 News Nevada spoke with protestors in Carson City about why they came out. \"They're just being unconstitutional like it doesn't matter, and it does,\" said Lois Stokes, Project Coordinator, Bans off Our Bodies.... Read full article\nRead in NewsBreak 14",
    "highlightText": "",
    "highlightTitle": "",
    "highlightThreadTitle": "",
    "language": "english",
    "sentiment": "neutral",
    "categories": [
        "Politics"
    ],
    "topics": [
        "Politics->political process",
        "Politics->political dissent",
        "Politics->civil rights"
    ],
    "ai_allow": true,
    "has_canonical": false,
    "breaking": null,
    "webz_reporter": false,
    "external_links": [],
    "external_images": [],
    "internal_images": [],
    "entities": {
        "persons": [
            {
                "name": "Lois Stokes",
                "sentiment": "none"
            }
        ],
        "locations": [
            {
                "name": "Carson City",
                "sentiment": "none"
            }
        ],
        "organizations": [
            {
                "name": "Nevada Digital Team",
                "sentiment": "negative",
                "tickers": []
            },
            {
                "name": "2 News Nevada",
                "sentiment": "none",
                "tickers": []
            }
        ]
    },
    "syndication": {
        "syndicated": false,
        "syndicate_id": null,
        "first_syndicated": false
    },
    "trust": {
        "categories": [
            "fake_news"
        ],
        "top_news": [],
        "bias": "center",
        "source": {
            "type": null,
            "city": null,
            "state": null,
            "country": null,
            "domain_type": null,
            "agency": null,
            "organization_name": null
        }
    },
    "rating": null,
    "crawled": "2026-01-22T07:24:18.625+02:00",
    "updated": "2026-01-22T07:29:16.000+02:00"
}