{
    "thread": {
        "uuid": "388c3a0b4d753d69c4a7d1b6fdffa85987b6b3e2",
        "url": "https://orenburg-news.net/incident/2026/01/22/237085.html",
        "site_full": "orenburg-news.net",
        "site": "orenburg-news.net",
        "site_section": "https://orenburg-news.net/incident",
        "site_categories": [],
        "section_title": "Происшествия - Лента новостей Оренбурга",
        "site_title": "Лента новостей Оренбурга",
        "title": "В Зауральной роще прошли соревнования по лыжным гонкам - Лента новостей Оренбурга",
        "title_full": "В Зауральной роще прошли соревнования по лыжным гонкам - Лента новостей Оренбурга",
        "published": "2026-01-22T07:04:00.000+02:00",
        "replies_count": 0,
        "participants_count": 1,
        "site_type": "news",
        "country": "RU",
        "main_image": "https://orenburg-news.net/img/20260122/520cd5c59d9465a945bff5f50ab63cc4.jpg",
        "performance_score": 0,
        "domain_rank": null,
        "domain_rank_updated": null,
        "licensing_agency": [],
        "social": {
            "facebook": {
                "likes": 0,
                "comments": 0,
                "shares": 0
            },
            "vk": {
                "shares": 0
            }
        }
    },
    "uuid": "388c3a0b4d753d69c4a7d1b6fdffa85987b6b3e2",
    "url": "https://orenburg-news.net/incident/2026/01/22/237085.html",
    "ord_in_thread": 0,
    "author": "МЧС Оренбургская область",
    "published": "2026-01-22T07:04:00.000+02:00",
    "title": "В Зауральной роще прошли соревнования по лыжным гонкам - Лента новостей Оренбурга",
    "text": "Состязались работники и сотрудники пожаро-спасательных частей всего Восточного Оренбуржья. По итогам места распределились следующим образом.\nЛичное первенство мужчины:\n1 место - Цыкало С. П. 16 ПСЧ,\n2 место Ситкин Я. В. 9 ПСЧ,\n3 место Кенжебаев С. Р. 16 ПСЧ.\nЛичное первенство женщины:\n1 место - Кожина С. Ф. ЦППС СПТ,\n2 место - Лютова А. И. 32 ПСЧ,\n3 место Али-Заде И. А. 24 ПСЧ.\nОбщекомандный зачет:\n1 место - аппарат 5 ПСО и ОП 16 ПСЧ;\n2 место - 16 ПСЧ;\n3 место - 9 ПСЧ.\nПоздравляем всех призеров и участников лыжной гонки!!!",
    "highlightText": "",
    "highlightTitle": "",
    "highlightThreadTitle": "",
    "language": "russian",
    "sentiment": null,
    "categories": null,
    "topics": null,
    "ai_allow": true,
    "has_canonical": false,
    "breaking": false,
    "webz_reporter": false,
    "external_links": [],
    "external_images": [],
    "internal_images": [],
    "entities": {
        "persons": [],
        "locations": [],
        "organizations": []
    },
    "syndication": {
        "syndicated": null,
        "syndicate_id": null,
        "first_syndicated": false
    },
    "trust": {
        "categories": [
            "fake_news"
        ],
        "top_news": [],
        "bias": null,
        "source": {
            "type": null,
            "city": null,
            "state": null,
            "country": null,
            "domain_type": null,
            "agency": null,
            "organization_name": null
        }
    },
    "rating": null,
    "crawled": "2026-01-22T07:21:18.456+02:00",
    "updated": "2026-01-22T07:21:18.456+02:00"
}