{
    "thread": {
        "uuid": "bbdd77ffd664758099f9e291a2a5a81fcbd7af48",
        "url": "https://www.youtube.com/watch?v=ybHv71FhkQE",
        "site_full": "www.youtube.com",
        "site": "youtube.com",
        "site_section": "https://feeder.co/out/folder/862c061684.rss",
        "site_categories": [
            "television",
            "",
            "entertainment",
            "crime, law and justice",
            "politics",
            "war, conflict and unrest",
            "sport",
            "economy, business and finance"
        ],
        "section_title": "Video Podcasts",
        "site_title": "YouTube",
        "title": "Trump TOTALLY HUMILIATED by Jury in RECORD SPEED",
        "title_full": "Trump TOTALLY HUMILIATED by Jury in RECORD SPEED",
        "published": "2026-01-22T07:01:00.000+02:00",
        "replies_count": 44,
        "participants_count": 43,
        "site_type": "news",
        "country": "US",
        "main_image": "https://i.ytimg.com/vi/ybHv71FhkQE/maxresdefault.jpg",
        "performance_score": 0,
        "domain_rank": 9,
        "domain_rank_updated": "2026-01-18T23:00:00.000+02:00",
        "licensing_agency": [],
        "social": {
            "facebook": {
                "likes": 0,
                "comments": 0,
                "shares": 0
            },
            "vk": {
                "shares": 0
            }
        }
    },
    "uuid": "80c3aae6cbc108d4d29b13a31e36db7cee806f5f",
    "url": "https://www.youtube.com/watch?v=ybHv71FhkQE#post-24",
    "ord_in_thread": 24,
    "author": "@PaulIsme-s7t",
    "published": "2026-01-22T07:12:00.000+02:00",
    "title": "",
    "text": "Trump and his team are nothing but losers. In History there have been, Alexander the Great. Peter the Great. Cyrus the Great, Trump will be Know as, Trump the Flop.",
    "highlightText": "",
    "highlightTitle": "",
    "highlightThreadTitle": "",
    "language": "english",
    "sentiment": null,
    "categories": null,
    "topics": null,
    "ai_allow": true,
    "has_canonical": false,
    "breaking": null,
    "webz_reporter": false,
    "external_links": null,
    "external_images": null,
    "internal_images": null,
    "entities": {
        "persons": [],
        "locations": [],
        "organizations": []
    },
    "syndication": {
        "syndicated": false,
        "syndicate_id": null,
        "first_syndicated": false
    },
    "trust": {
        "categories": [
            "fake_news"
        ],
        "top_news": [],
        "bias": "left",
        "source": {
            "type": null,
            "city": null,
            "state": null,
            "country": null,
            "domain_type": null,
            "agency": null,
            "organization_name": null
        }
    },
    "rating": null,
    "crawled": "2026-01-22T07:22:51.156+02:00",
    "updated": "2026-01-22T07:22:51.156+02:00"
}