{
    "thread": {
        "uuid": "796e6cfdb6a3372ecc2af89a54814c4699aab5ba",
        "url": "https://www.urdupoint.com/daily/livenews/2025-06-26/news-4470493.html",
        "site_full": "www.urdupoint.com",
        "site": "urdupoint.com",
        "site_section": "https://www.urdupoint.com/daily/",
        "site_categories": [
            "media",
            "religion",
            "books_and_literature",
            "islam",
            "entertainment"
        ],
        "section_title": "UrduPoint Breaking Urdu News تازہ ترین - Pakistan, Cricket, Business, Showbiz, World",
        "site_title": "UrduPoint.com, Urdu News, Poetry Technology Sports, Health and more",
        "title": "ایران کا جنگ بندی نافذ ہونے کے بعد انٹرنیٹ پابندیوں میں نرمی کا اعلان",
        "title_full": "ایران کا جنگ بندی نافذ ہونے کے بعد انٹرنیٹ پابندیوں میں نرمی کا اعلان",
        "published": "2025-06-26T07:10:00.000+03:00",
        "replies_count": 0,
        "participants_count": 1,
        "site_type": "news",
        "country": "PK",
        "main_image": "https://photo-cdn.urdupoint.com/daily/images/Logos/logo_for_fb.png",
        "performance_score": 0,
        "domain_rank": 18252,
        "domain_rank_updated": "2025-06-03T00:00:00.000+03:00",
        "licensing_agency": [],
        "social": {
            "facebook": {
                "likes": 0,
                "comments": 0,
                "shares": 0
            },
            "vk": {
                "shares": 0
            }
        }
    },
    "uuid": "796e6cfdb6a3372ecc2af89a54814c4699aab5ba",
    "url": "https://www.urdupoint.com/daily/livenews/2025-06-26/news-4470493.html",
    "ord_in_thread": 0,
    "author": "UrduPoint",
    "published": "2025-06-26T07:10:00.000+03:00",
    "title": "ایران کا جنگ بندی نافذ ہونے کے بعد انٹرنیٹ پابندیوں میں نرمی کا اعلان",
    "text": "Live Updates ایران کا جنگ بندی نافذ ہونے کے بعد انٹرنیٹ پابندیوں میں نرمی کا اعلان جمعرات 26 جون 2025 09:10\nتہران (اُردو پوائنٹ اخبارتازہ ترین - اے پی پی۔ 26 جون2025ء) ایران نے جنگ بندی نافذ ہونے کے بعد انٹرنیٹ پابندیوں میں بتدریج نرمی کا اعلان کر دیا جو اسرائیل کے ساتھ 12 روزہ تنازعے کے دوران لگائی گئی تھیں۔(جاری ہے)\nایران کے پاسدارانِ انقلاب کی سائبر سکیورٹی کمانڈ نے سرکاری میڈیا کے جاری کردہ ایک بیان میں کہا کہ مواصلاتی نیٹ ورک بتدریج اپنی سابقہ حالت میں واپس آ رہا ہے۔ملک کے وزیرِ مواصلات ستار ہاشمی نے ایکس پر ایک پوسٹ میں کہا کہ حالات معمول پر آنے کے ساتھ مواصلات تک رسائی حسبِ سابق بحال ہو گئی ہے۔\nایران اسرائیل کشیدگی سے متعلق تازہ ترین معلومات",
    "highlightText": "",
    "highlightTitle": "",
    "highlightThreadTitle": "",
    "language": "urdu",
    "sentiment": null,
    "categories": null,
    "topics": null,
    "ai_allow": true,
    "has_canonical": false,
    "breaking": false,
    "webz_reporter": false,
    "external_links": [],
    "entities": {
        "persons": [],
        "locations": [],
        "organizations": []
    },
    "syndication": {
        "syndicated": null,
        "syndicate_id": null,
        "first_syndicated": false
    },
    "trust": {
        "categories": [
            "fake_news"
        ],
        "top_news": [],
        "bias": "center"
    },
    "rating": null,
    "crawled": "2025-06-26T07:24:24.989+03:00",
    "updated": "2025-06-26T07:24:24.989+03:00"
}