{
    "thread": {
        "uuid": "a4ae4d9c1d183feb086a8f60e8a3182521a109c2",
        "url": "https://www.newsbreak.com/the-denver-gazette-1590430/4074370739849-three-winners-three-losers-from-the-first-round-of-the-nba-draft",
        "site_full": "www.newsbreak.com",
        "site": "newsbreak.com",
        "site_section": "https://www.newsbreak.com/the-denver-gazette-1590430",
        "site_categories": [
            "under_construction",
            "non_standard_content"
        ],
        "section_title": "The Denver Gazette&#x27;s Home Page | NewsBreak",
        "site_title": "NewsBreak: Local News &amp; Alerts",
        "title": "Three winners, three losers from the first round of the NBA Draft - NewsBreak",
        "title_full": "Three winners, three losers from the first round of the NBA Draft - NewsBreak",
        "published": "2025-06-26T00:52:00.000+03:00",
        "replies_count": 0,
        "participants_count": 0,
        "site_type": "news",
        "country": "US",
        "main_image": "https://img.particlenews.com/img/id/1lYTOG_12AQacLB00",
        "performance_score": 0,
        "domain_rank": 3213,
        "domain_rank_updated": "2025-06-03T00:00:00.000+03:00",
        "licensing_agency": [],
        "social": {
            "facebook": {
                "likes": 0,
                "comments": 0,
                "shares": 0
            },
            "vk": {
                "shares": 0
            }
        }
    },
    "uuid": "a4ae4d9c1d183feb086a8f60e8a3182521a109c2",
    "url": "https://www.newsbreak.com/the-denver-gazette-1590430/4074370739849-three-winners-three-losers-from-the-first-round-of-the-nba-draft",
    "ord_in_thread": 0,
    "author": null,
    "published": "2025-06-26T00:52:00.000+03:00",
    "title": "Three winners, three losers from the first round of the NBA Draft - NewsBreak",
    "text": "The first round of the NBA Draft started with the Dallas Mavericks drafting the future of the franchise, Cooper Flagg, and ended with the Clippers taking Penn State product Yanic Konan Niederhauser. Here are the Denver Gazette’s winners and losers from the first round: Winners 1. Hawks What a couple of days it has been for Atlanta. The Hawks traded for Kristaps Porzingis on Tuesday and pulled off what appears to be a heist on Wednesday. Onsi Saleh’s front office traded the 13th pick, which was eventually used on Maryland big man Derik Queen, for the 23rd pick, which was used on Asa Newell. The most valuable part of the trade was the Pelicans including whichever 2026 first-round pick is more valuable between their own and Milwaukee’s. There are multiple viable routes for that pick to end up in the top 10 next year. 2. Spurs San Antonio made the safe and expected decision, selecting Rutgers guard Dylan Harper with the second pick. A dozen picks later, the Spurs added Arizona forward Carter Bryant. Those two would be Day 1 contributors a lot of places, the San Antonio is quickly becoming rather deep. The Spurs are in such a good spot they could trade either Harper, a 6-foot-6 guard, or Bryant, a 6-foot-8 forward, in a package for a more established player if San Antonio’s front office wants to go all in sooner than later. 3. Kasparas Jakucionis The Illinois product had to wait a little longer than anticipated, but it was worth it. The Heat ended the projected lottery pick’s wait with the 20th pick. Not only does the Lithuanian get to start his NBA career in Miami, the Heat have a need for a guard with Jakucionis’s versatile skill set. The 6-foot-6 combo guard should get to play meaningful minutes right away. Losers 1. Hornets Kon Knueppel is going to have a long and solid NBA career, but Charlotte left a couple of higher-upside prospects on the board. The Hornets aren’t a shooter away from contending, even in a wide-open Eastern Conference. Tre Johnson, Ace Bailey and Jeremiah Fears all have the star power that could actually make a difference in Charlotte. The Hornets night ended by adding Connecticut freshman Liam McNeeley. 2. Magic The trade that brought Aaron Gordon to Denver is now finalized, and it doesn’t look good for the Magic. The Nuggets ended up getting a key piece to their 2023 championship and beyond. Orlando’s haul ended up being Gary Harris, who missed at least 20 games in all four of his seasons with the Magic, R.J. Hampton, who hasn’t played in the NBA since an eight-game stint with the Heat in 2023-24, and Jase Richardson, the 25th pick Wednesday. Richardson followed in the footsteps of his father, Jason, to Michigan State, where he had a nice freshman season before declaring for the draft. Now, Jase will get a chance in Orlando, where his father spent a couple of seasons. It will take a lot from Jase to turn that trade around for Orlando. 3. Nolan Traore A year ago, the French guard was regarded as the top European prospect in this class. Traore ended up being the third French player drafted after Noa Essengue (Chicago) and Joan Beringer (Minnesota). Even worse for Traore, he’s headed to Brooklyn that spent the No. 8 pick on Egor Demin, who plays the same position as Traore. If the Nets make more trades to speed up the rebuilt, the situation in Brooklyn could get messy quickly.",
    "highlightText": "",
    "highlightTitle": "",
    "highlightThreadTitle": "",
    "language": "english",
    "sentiment": "positive",
    "categories": [
        "Sport",
        "Economy, Business and Finance",
        "Human Interest"
    ],
    "topics": [
        "Sport->basketball",
        "Economy, Business and Finance->business strategy and marketing",
        "Economy, Business and Finance->media and entertainment industry",
        "Human Interest->record and achievement"
    ],
    "ai_allow": true,
    "has_canonical": true,
    "breaking": null,
    "webz_reporter": false,
    "external_links": [],
    "entities": {
        "persons": [
            {
                "name": "Yanic Konan Niederhauser",
                "sentiment": "none"
            },
            {
                "name": "Carter Bryant",
                "sentiment": "none"
            },
            {
                "name": "Cooper Flagg",
                "sentiment": "none"
            },
            {
                "name": "Dylan Harper",
                "sentiment": "none"
            },
            {
                "name": "Derik Queen",
                "sentiment": "none"
            },
            {
                "name": "Onsi Saleh",
                "sentiment": "none"
            }
        ],
        "locations": [],
        "organizations": [
            {
                "name": "Dallas Mavericks",
                "sentiment": "neutral",
                "tickers": []
            },
            {
                "name": "Rutgers",
                "sentiment": "none",
                "tickers": []
            },
            {
                "name": "Hawks",
                "sentiment": "none",
                "tickers": []
            },
            {
                "name": "Spurs",
                "sentiment": "none",
                "tickers": []
            }
        ]
    },
    "syndication": {
        "syndicated": false,
        "syndicate_id": "a4ae4d9c1d183feb086a8f60e8a3182521a109c2",
        "first_syndicated": true
    },
    "trust": {
        "categories": [
            "fake_news"
        ],
        "top_news": [],
        "bias": "center"
    },
    "rating": null,
    "crawled": "2025-06-26T07:27:51.517+03:00",
    "updated": "2025-06-26T04:38:33.000+00:00"
}