{
    "thread": {
        "uuid": "fa3aa1f1f34acd31cce5befcab3620c7db8e710b",
        "url": "https://www.albawaba.com/business/pr/al-tayer-motors-launches-deepal%E2%80%99s-newest-1607540",
        "site_full": "www.albawaba.com",
        "site": "albawaba.com",
        "site_section": "http://albawaba.com//en/rss/press-release",
        "site_categories": [
            "media"
        ],
        "section_title": " Al Bawaba - Company News and Press Releases ",
        "site_title": "Al Bawaba | Middle East News &amp; Arab Headlines From A Local Perspective",
        "title": "Al Tayer Motors Launches Deepal's Newest Model S05 in the UAE",
        "title_full": "Al Tayer Motors Launches Deepal's Newest Model S05 in the UAE",
        "published": "2025-06-26T07:13:00.000+03:00",
        "replies_count": 0,
        "participants_count": 1,
        "site_type": "news",
        "country": "US",
        "main_image": "https://www.albawaba.com/sites/default/files/styles/default/public/2025-06/DEEPAL%20S05%20%E2%80%93%207.jpg?itok=dMA8ZqBL",
        "performance_score": 0,
        "domain_rank": 8338,
        "domain_rank_updated": "2025-06-03T00:00:00.000+03:00",
        "licensing_agency": [],
        "social": {
            "facebook": {
                "likes": 0,
                "comments": 0,
                "shares": 0
            },
            "vk": {
                "shares": 0
            }
        }
    },
    "uuid": "fa3aa1f1f34acd31cce5befcab3620c7db8e710b",
    "url": "https://www.albawaba.com/business/pr/al-tayer-motors-launches-deepal%E2%80%99s-newest-1607540",
    "ord_in_thread": 0,
    "author": "reema_tuqan",
    "published": "2025-06-26T07:13:00.000+03:00",
    "title": "Al Tayer Motors Launches Deepal's Newest Model S05 in the UAE",
    "text": "Al Tayer Motors Launches Deepal’s Newest Model S05 in the UAE\nAl Tayer Motors, one of the UAE’s premier automotive dealerships, has launched the highly anticipated DEEPAL S05 compact SUV from DEEPAL, the intelligent mobility brand under Changan Automotive.\nDesigned to be compact, confident, affordable and intelligent, the S05 introduces a new benchmark for everyday mobility in the UAE. It follows the successful debut of the DEEPAL S07 in the country earlier this year.\nSpeaking about the launch, Ashok Khanna, Chief Executive Officer, Al Tayer Motors said, “We are delighted to unveil DEEPAL’s newest model within a span of just four months, a testament to the significant interest and enthusiasm the brand has garnered since its introduction in the UAE. I am confident that the S05 will further enhance the momentum established by the S07 and broaden the appeal of this innovative EV brand among discerning customers.”\nDEEPAL vehicles are available for customers to purchase through https://www.altayermotors.com/deepal/ or via the Al Tayer Motors app. Test drives can be booked via these platforms and by contacting the showroom via 800 MOTORS.\n“The DEEPAL S05 reflects our vision to bring cutting-edge electric innovation to everyday drivers,” said Mr Xiao, General Manager of Changan Automobile's Middle East and Africa Division. “With its dual-power flexibility, sleek design, and connected cockpit, the S05 is built for UAE customers who want both advanced technology and practical style.”\nSmart, Stylish, and Powerful, Ready for the UAE Roads\nThe DEEPAL S05 is available in two variants:\n• EV – offering a fully electric range of up to 460 km\n• REEV (Range Extended Electric Vehicle) – offering an electric range of 160 km with a fuel-based extender for longer drives, and the combined range is more than 900km\nBuilt on DEEPAL’s Changan Platform Architecture (CPA) and powered by next-generation electric architecture, the S05 combines rear-wheel drive performance with an aerodynamic silhouette and a futuristic driving experience.\nKey Specifications\n• Powertrain: High-efficiency rear motor (160KW for REV, 175KW for BEV), REEV engine with 1.5L range extender\n• Dimensions: 4,620mm length, 1,900mm width, 1,600mm height ,2880mm wheelbase– sleek and agile\n• Design: Hidden door handles, frameless window, Smart Flying Wing Headlights with Luminous Eye Style\n• Interior: AR-HUD (Headup Display), 15.4” central control screen, panoramic sunroof, wireless phone charging, Qualcomm Snapdragon 8155 Chip\n• Connectivity: Voice interaction, OTA upgrades, app-based remote control, Online Navigation, Online Application (Video, Podcast, Music)\n• Safety: intelligent driving assist (IACC, Lane change assist, Blind Spot Monitoring), full suite of passive safety features\n• Comfort: Queen seats, Front row seat ventilation and electrical adjustment\n• Charging (For vehicle): 30~80% SoC charging time: 20min (REV), 15min (BEV)\nThe DEEPAL S05’s smart cockpit experience is designed to make every drive intuitive and immersive, blending physical comfort with intelligent digital features. The rear-wheel drive setup ensures responsive handling and dynamic control in urban and highway settings.\nWith over 40 years of success in the automotive sector, multiple award-winning Al Tayer Motors is dedicated to providing exceptional customer experiences through its impressive infrastructure and innovative digital platforms.\nBackground Information\nAl Tayer Motors\nAl Tayer Motors was established in 1982 and represents major European and American automobile manufacturers such as Land Rover, Jaguar, Ford, Lincoln, Ferrari and Maserati across the UAE. Al Tayer Motors’ portfolio also includes commercial vehicles - Ford Trucks in the UAE.\nAs a company, we deal with a discerning customer who demands the best. From this stand point, we created a unique retail and service environment to meet our brands’ expected service standards.\nThe automobiles we sell provide immense pleasure and satisfaction to their owners and we add value by ensuring the joy is uninterrupted. Dedicated service, sales and parts centers in addition to world class personnel provide each customer with a unique ownership experience.",
    "highlightText": "",
    "highlightTitle": "",
    "highlightThreadTitle": "",
    "language": "english",
    "sentiment": "positive",
    "categories": [
        "Economy, Business and Finance"
    ],
    "topics": [
        "Economy, Business and Finance->automotive",
        "Economy, Business and Finance->products and services"
    ],
    "ai_allow": true,
    "has_canonical": false,
    "breaking": false,
    "webz_reporter": false,
    "external_links": [
        "https://www.altayermotors.com/deepal/",
        "https://altayermotors.com/deepal/",
        "https://www.altayermotors.com/deepal"
    ],
    "entities": {
        "persons": [
            {
                "name": "Ashok Khanna",
                "sentiment": "none"
            }
        ],
        "locations": [],
        "organizations": [
            {
                "name": "Al Tayer Motors",
                "sentiment": "negative",
                "tickers": []
            },
            {
                "name": "Changan Automotive",
                "sentiment": "none",
                "tickers": []
            }
        ]
    },
    "syndication": {
        "syndicated": false,
        "syndicate_id": "fa3aa1f1f34acd31cce5befcab3620c7db8e710b",
        "first_syndicated": true
    },
    "trust": {
        "categories": [
            "fake_news"
        ],
        "top_news": [],
        "bias": "center"
    },
    "rating": null,
    "crawled": "2025-06-26T07:18:14.291+03:00",
    "updated": "2025-06-26T04:19:41.000+00:00"
}