{
    "thread": {
        "uuid": "e46a05fc52265ca425cecc1675b1187857a3be32",
        "url": "https://www.newsbreak.com/news/4074384803726-braving-the-heat-at-the-west-virginia-freedom-festival",
        "site_full": "www.newsbreak.com",
        "site": "newsbreak.com",
        "site_section": "https://www.newsbreak.com/kistler-wv",
        "site_categories": [
            "under_construction",
            "non_standard_content"
        ],
        "section_title": "Kistler, WV Local News and More | NewsBreak",
        "site_title": "NewsBreak: Local News &amp; Alerts",
        "title": "Braving the heat at the West Virginia Freedom Festival - NewsBreak",
        "title_full": "Braving the heat at the West Virginia Freedom Festival - NewsBreak",
        "published": "2025-06-26T07:03:00.000+03:00",
        "replies_count": 0,
        "participants_count": 1,
        "site_type": "news",
        "country": "US",
        "main_image": "https://img.particlenews.com/img/id/081Cpr_12ARTrmK00",
        "performance_score": 0,
        "domain_rank": 3213,
        "domain_rank_updated": "2025-06-03T00:00:00.000+03:00",
        "licensing_agency": [],
        "social": {
            "facebook": {
                "likes": 0,
                "comments": 0,
                "shares": 0
            },
            "vk": {
                "shares": 0
            }
        }
    },
    "uuid": "e46a05fc52265ca425cecc1675b1187857a3be32",
    "url": "https://www.newsbreak.com/news/4074384803726-braving-the-heat-at-the-west-virginia-freedom-festival",
    "ord_in_thread": 0,
    "author": "Luke Hamilton",
    "published": "2025-06-26T07:03:00.000+03:00",
    "title": "Braving the heat at the West Virginia Freedom Festival - NewsBreak",
    "text": "WSAZ\nwebsite\nLogan\nBraving the heat at the West Virginia Freedom Festival\nBy Luke Hamilton,\n4 hours agoLOGAN, W.Va. (WSAZ) - On the second day of the West Virginia Freedom Festival, people in Logan were fighting the heat. “This is the hottest one,” Peggy Mayhorn said. Logan’s Fire Chief Scott Beckett said the city has prepared for the heat wave with local emergency crews. “They’ve...",
    "highlightText": "",
    "highlightTitle": "",
    "highlightThreadTitle": "",
    "language": "english",
    "sentiment": "positive",
    "categories": [
        "Lifestyle and Leisure",
        "Human Interest",
        "Social Issue"
    ],
    "topics": [
        "Lifestyle and Leisure->lifestyle",
        "Lifestyle and Leisure->holiday",
        "Lifestyle and Leisure->outdoor recreational activities",
        "Human Interest->ceremony",
        "Social Issue->social services",
        "Social Issue->communities"
    ],
    "ai_allow": true,
    "has_canonical": false,
    "breaking": false,
    "webz_reporter": false,
    "external_links": [],
    "entities": {
        "persons": [
            {
                "name": "Luke Hamilton",
                "sentiment": "negative"
            },
            {
                "name": "Scott Beckett",
                "sentiment": "none"
            },
            {
                "name": "Peggy Mayhorn",
                "sentiment": "none"
            }
        ],
        "locations": [],
        "organizations": []
    },
    "syndication": {
        "syndicated": false,
        "syndicate_id": null,
        "first_syndicated": false
    },
    "trust": {
        "categories": [
            "fake_news"
        ],
        "top_news": [],
        "bias": "center"
    },
    "rating": null,
    "crawled": "2025-06-26T07:27:08.086+03:00",
    "updated": "2025-06-26T11:28:34.922+03:00"
}