{
    "thread": {
        "uuid": "1d1db69266a00eb4d67bfe86a14f9ad9a3d4d358",
        "url": "https://samara-news.net/other/2025/06/26/473346.html",
        "site_full": "samara-news.net",
        "site": "samara-news.net",
        "site_section": "https://samara-news.net/rss.xml",
        "site_categories": [
            "media"
        ],
        "section_title": "Лента новостей Самары",
        "site_title": "Лента новостей Самары",
        "title": "Прогноз погоды на сегодня, 26 июня",
        "title_full": "Прогноз погоды на сегодня, 26 июня",
        "published": "2025-06-26T07:04:00.000+03:00",
        "replies_count": 0,
        "participants_count": 1,
        "site_type": "news",
        "country": "RU",
        "main_image": "https://samara-news.net/img/20250626/cd7775b0cb4575560f6119f677e3178d.jpg",
        "performance_score": 0,
        "domain_rank": null,
        "domain_rank_updated": null,
        "licensing_agency": [],
        "social": {
            "facebook": {
                "likes": 0,
                "comments": 0,
                "shares": 0
            },
            "vk": {
                "shares": 0
            }
        }
    },
    "uuid": "1d1db69266a00eb4d67bfe86a14f9ad9a3d4d358",
    "url": "https://samara-news.net/other/2025/06/26/473346.html",
    "ord_in_thread": 0,
    "author": "Аргументы и Факты - АиФ.ru",
    "published": "2025-06-26T07:04:00.000+03:00",
    "title": "Прогноз погоды на сегодня, 26 июня",
    "text": "Прогноз погоды на сегодня, 26 июня\nВладивосток +17 — +23\nХабаровск +17 — +31\nЯкутск +11 — +21\nКрасноярск +10 — +15\nОмск +15 — +23\nТюмень +12 — +25\nЕкатеринбург +11— +25\nЧелябинск +12 — +25\nУфа +13 — +23\nСамара +13 — +23\nКазань +13 — +22\nСевастополь +15 — +25\nСанкт-Петербург +12 — +14\nМосква +11— +20\n#АиФ_погода",
    "highlightText": "",
    "highlightTitle": "",
    "highlightThreadTitle": "",
    "language": "russian",
    "sentiment": null,
    "categories": null,
    "topics": null,
    "ai_allow": true,
    "has_canonical": false,
    "breaking": false,
    "webz_reporter": false,
    "external_links": [],
    "entities": {
        "persons": [],
        "locations": [],
        "organizations": []
    },
    "syndication": {
        "syndicated": null,
        "syndicate_id": null,
        "first_syndicated": false
    },
    "trust": {
        "categories": [
            "fake_news"
        ],
        "top_news": [],
        "bias": null
    },
    "rating": null,
    "crawled": "2025-06-26T07:19:28.202+03:00",
    "updated": "2025-06-26T07:19:28.202+03:00"
}