{
    "thread": {
        "uuid": "7f9a5eaf7028229264d6350666b201ae8057a689",
        "url": "https://penza-news.net/society/2025/06/26/445665.html",
        "site_full": "penza-news.net",
        "site": "penza-news.net",
        "site_section": "https://penza-news.net/rss/news",
        "site_categories": [],
        "section_title": "Лента новостей Пензы",
        "site_title": "Лента новостей Пензы",
        "title": "В пензенском зоопарке установят всесезонный мобильный купол",
        "title_full": "В пензенском зоопарке установят всесезонный мобильный купол",
        "published": "2025-06-26T07:14:00.000+03:00",
        "replies_count": 0,
        "participants_count": 1,
        "site_type": "news",
        "country": "RU",
        "main_image": "https://penza-news.net/img/20250626/e07e2c41fd008109bb003dee10586055_o.jpg",
        "performance_score": 0,
        "domain_rank": null,
        "domain_rank_updated": null,
        "licensing_agency": [],
        "social": {
            "facebook": {
                "likes": 0,
                "comments": 0,
                "shares": 0
            },
            "vk": {
                "shares": 0
            }
        }
    },
    "uuid": "7f9a5eaf7028229264d6350666b201ae8057a689",
    "url": "https://penza-news.net/society/2025/06/26/445665.html",
    "ord_in_thread": 0,
    "author": "РИА «ПензаСМИ»",
    "published": "2025-06-26T07:14:00.000+03:00",
    "title": "В пензенском зоопарке установят всесезонный мобильный купол",
    "text": "Его цена – 4,2 млн руб.\nФото: архив ПензаСМИ.\nПензенский зоопарк намерен купить всесезонный мобильный купол. Информация об этом размещена на портале госзакупок. Максимальная цена контракта - 4 279 700 руб.\nИтоги аукциона должны подвести 3 июля.\nСроки установки купола и его предназначения не называются.",
    "highlightText": "",
    "highlightTitle": "",
    "highlightThreadTitle": "",
    "language": "russian",
    "sentiment": null,
    "categories": null,
    "topics": null,
    "ai_allow": true,
    "has_canonical": false,
    "breaking": false,
    "webz_reporter": false,
    "external_links": [],
    "entities": {
        "persons": [],
        "locations": [],
        "organizations": []
    },
    "syndication": {
        "syndicated": null,
        "syndicate_id": null,
        "first_syndicated": false
    },
    "trust": {
        "categories": [
            "fake_news"
        ],
        "top_news": [],
        "bias": null
    },
    "rating": null,
    "crawled": "2025-06-26T07:28:57.496+03:00",
    "updated": "2025-06-26T07:28:57.496+03:00"
}