{
    "thread": {
        "uuid": "ee456600a5568fea676a8c2a8e055520fddbd9b9",
        "url": "https://hindi.news18.com/cricket/rishabh-pant-was-the-only-one-who-contacted-me-says-prithvi-shaw-9336851.html",
        "site_full": "hindi.news18.com",
        "site": "news18.com",
        "site_section": "https://hindi.news18.com/amp",
        "site_categories": [
            "tech",
            "top_news_in",
            "top_news_ph",
            "top_news_pk",
            "top_news_ae",
            "top_news_qa",
            "top_news_sg",
            "top_news_sa",
            "top_news_kw",
            "top_news"
        ],
        "section_title": "Hindi News: Hindi Samachar, Hindi News Live TV, India News in Hindi, हिंदी न्यूज़ लाइव, हिन्दी समाचार - News18 Hindi",
        "site_title": "News: Get Latest News Today, Breaking News, Top News Headlines, India and World News | News18",
        "title": "सिर्फ उसने ही कॉल किया... पृथ्वी शॉ का टीम इंडिया में अकेला दोस्त, बुरे वक्त में भी नहीं छोड़ा जिसने साथ",
        "title_full": "सिर्फ उसने ही कॉल किया... पृथ्वी शॉ का टीम इंडिया में अकेला दोस्त, बुरे वक्त में भी नहीं छोड़ा जिसने साथ",
        "published": "2025-06-26T07:15:00.000+03:00",
        "replies_count": 0,
        "participants_count": 1,
        "site_type": "news",
        "country": "IN",
        "main_image": "https://images.news18.com/ibnkhabar/uploads/2025/06/Heading-2025-06-26T094237.229-2025-06-d98a4e5df6c9c39d5d4b05d5dd9c95f4-16x9.jpg",
        "performance_score": 0,
        "domain_rank": 2068,
        "domain_rank_updated": "2025-06-03T00:00:00.000+03:00",
        "licensing_agency": [],
        "social": {
            "facebook": {
                "likes": 0,
                "comments": 0,
                "shares": 0
            },
            "vk": {
                "shares": 0
            }
        }
    },
    "uuid": "ee456600a5568fea676a8c2a8e055520fddbd9b9",
    "url": "https://hindi.news18.com/cricket/rishabh-pant-was-the-only-one-who-contacted-me-says-prithvi-shaw-9336851.html",
    "ord_in_thread": 0,
    "author": "@news18india",
    "published": "2025-06-26T07:15:00.000+03:00",
    "title": "सिर्फ उसने ही कॉल किया... पृथ्वी शॉ का टीम इंडिया में अकेला दोस्त, बुरे वक्त में भी नहीं छोड़ा जिसने साथ",
    "text": "सिर्फ उसने ही कॉल किया... पृथ्वी शॉ का टीम इंडिया में अकेला दोस्त, बुरे वक्त में भी नहीं छोड़ा जिसने साथ\nNews18.com\nभारतीय क्रिकेटर पृथ्वी शॉ ने खुलासा किया है कि उन्हें अपने करियर के कठिन दौर में केवल ऋषभ पंत से समर्थन मिला. वह एकमात्र ऋषभ पंत थे, जिन्होंने उनका सपोर्ट किया.\nपृथ्वी शॉ को कहना है कि जब वह अपनी जिंदगी में बेहद ‘अकेले’ थे तो वो सिर्फ ऋषभ पंत ही थे, जिन्होंने उनसे संपर्क किया. दरअसल, कभी ‘अगला सचिन तेंदुलकर’ कहे जाने वाले पृथ्वी शॉ आज एक मुश्किल दौर से गुजर रहे हैं. क्रिकेट की चमकदार दुनिया में जब स्पॉटलाइट दूर हो जाती है, तब कुछ चेहरे धुंधले पड़ने लगते हैं और शॉ की कहानी आज कुछ ऐसी ही है.\n25 साल के पृथ्वी शॉ का बल्ला कभी विरोधी टीमों के लिए कहर बनकर टूटता था. मगर आज हालत इतनी बुरी है कि वह मुंबई की घरेलू टीम से भी बाहर कर दिए गए. इतना ही नहीं आईपीएल 2025 की मेगा नीलामी में भी कोई खरीदार नहीं मिला. यह उस युवा बल्लेबाज़ के लिए गहरा झटका है, जिसने महज 18 साल की उम्र में टेस्ट शतक जड़कर देश को सपने दिखाए थे.\nIND vs ENG: सुधर जाओ, संभल जाओ… अगर जीतना है दूसरा टेस्ट, इन 3 गलतियों को सुधारना ही होगा\nसिर्फ पंत ने साथ नहीं छोड़ा…\nशॉ ने हाल ही में एक इंटरव्यू में न्यूज24 से बात करते हुए अपने दिल का बोझ हल्का किया, उन्होंने कहा,\nजब भी मैं टूटता था, ऋषभ पंत मुझसे बात करता था. वो आज भी करता है. जब उसे लगता है कि मैं ठीक नहीं हूं, वो खुद मुझसे जुड़ता है\nबातों से साफ था कि अकेलेपन ने शॉ को भीतर से तोड़ दिया है. क्रिकेट से दूरी, अपनी पहचान को खोता हुआ महसूस करना और चारों ओर से आती चुप्पी, ये सब शॉ के जीवन का हिस्सा बन गए थे.\nमैंने गलत फैसले लिए, क्रिकेट से दूर हो गया\nपृथ्वी शॉ ने भावुक होकर माना, ‘मैं बहुत मेहनती था, घंटों नेट्स में बल्लेबाजी करता था. मैदान मेरा घर था. लेकिन फिर… धीरे-धीरे मैंने क्रिकेट को कम समय देना शुरू कर दिया. मैंने गलत फैसले लिए. खुद को गलत लोगों से घेर लिया.’\nकभी 8 घंटे मैदान पर रहने वाले पृथ्वी, अब खुद स्वीकार करते हैं कि वो ट्रैक से भटक गए थे.\nमैंने जो जरूरी नहीं था, उसे जरूरी मान लिया. ऐसे दोस्त बना लिए जो सिर्फ नाम और शोहरत की वजह से मेरे करीब आए. वे मुझे अपनी दुनिया में खींचते रहे… और मैं गिरता गया.\nट्रक ड्राइवर का बेटा पड़ा वैभव सूर्यवंशी पर भारी, भारतीय टीम को मिला एक और उभरता सितारा\nनई शुरुआत की उम्मीद\nइन तमाम परेशानियों के बीच पृथ्वी शॉ ने एक नई शुरुआत की उम्मीद जगाई है. उन्होंने मुंबई क्रिकेट एसोसिएशन से NOC (अनापत्ति प्रमाणपत्र) मांगा है ताकि वह किसी अन्य राज्य के लिए खेल सकें. पिछले साल उन्हें फिटनेस कारणों से रणजी टीम से बाहर कर दिया गया था. एक बार फिर वापसी की कोशिश की, लेकिन विजय हजारे ट्रॉफी में उन्हें फिर नजरअंदाज कर दिया गया.",
    "highlightText": "",
    "highlightTitle": "",
    "highlightThreadTitle": "",
    "language": "hindi",
    "sentiment": "positive",
    "categories": [
        "Human Interest",
        "Social Issue",
        "Crime, Law and Justice"
    ],
    "topics": [
        "Human Interest->celebrity",
        "Social Issue->values",
        "Social Issue->social networking",
        "Social Issue->dating and relationships"
    ],
    "ai_allow": true,
    "has_canonical": false,
    "breaking": true,
    "webz_reporter": false,
    "external_links": [],
    "entities": {
        "persons": [],
        "locations": [],
        "organizations": []
    },
    "syndication": {
        "syndicated": null,
        "syndicate_id": null,
        "first_syndicated": false
    },
    "trust": {
        "categories": [
            "fake_news"
        ],
        "top_news": [
            "top_news_in",
            "top_news_ph",
            "top_news_pk",
            "top_news_ae",
            "top_news_qa",
            "top_news_sg",
            "top_news_sa",
            "top_news_kw",
            "top_news"
        ],
        "bias": "center"
    },
    "rating": null,
    "crawled": "2025-06-26T07:20:20.052+03:00",
    "updated": "2025-06-26T04:24:25.000+00:00"
}