{
    "thread": {
        "uuid": "12e9190784904d6759212816c62dcf94e8eb5c82",
        "url": "https://msk-news.net/society/2025/08/07/698505.html",
        "site_full": "msk-news.net",
        "site": "msk-news.net",
        "site_section": "https://msk-news.net",
        "site_categories": [],
        "section_title": "Лента новостей Москвы",
        "site_title": "Лента новостей Москвы",
        "title": "Как следить за событиями дома с помощью персонализированной ленты новостей платформы «Электронный дом» - Лента новостей Москвы",
        "title_full": "Как следить за событиями дома с помощью персонализированной ленты новостей платформы «Электронный дом» - Лента новостей Москвы",
        "published": "2025-08-07T07:06:00.000+03:00",
        "replies_count": 0,
        "participants_count": 1,
        "site_type": "news",
        "country": "RU",
        "main_image": "https://msk-news.net/img/20250807/b7ef00e844d618571c75265d4661735d_o.jpg",
        "performance_score": 0,
        "domain_rank": null,
        "domain_rank_updated": null,
        "licensing_agency": [],
        "social": {
            "facebook": {
                "likes": 0,
                "comments": 0,
                "shares": 0
            },
            "vk": {
                "shares": 0
            }
        }
    },
    "uuid": "12e9190784904d6759212816c62dcf94e8eb5c82",
    "url": "https://msk-news.net/society/2025/08/07/698505.html",
    "ord_in_thread": 0,
    "author": "Официальный сайт Мэра Москвы",
    "published": "2025-08-07T07:06:00.000+03:00",
    "title": "Как следить за событиями дома с помощью персонализированной ленты новостей платформы «Электронный дом» - Лента новостей Москвы",
    "text": "Горожане могут получать новости о выполненных, текущих или планируемых работах в доме, предстоящих мероприятиях поблизости, а также информацию об изменениях маршрутов городского транспорта и дорожных перекрытиях.\nМосквичи могут следить за событиями дома и района с помощью персонализированной ленты новостей на платформеи в мобильном приложении«Электронный дом».Система позволяет горожанам оперативно получать актуальную информацию, чтобы при необходимости заблаговременно скорректировать свои планы.\nПерсонализированная новостная лента подбирается на основе адреса, указанного в профиле. Если у пользователя несколько мест жительства, он будет видеть информацию по всем связанным с ними домам и районам. Подтверждать свою принадлежность к адресу не нужно, достаточно авторизоваться на сайте или в мобильном приложении с помощью Mos ID и добавить нужную улицу, номер дома и квартиры в разделе «Мой дом».\nО чем можно узнать из ленты новостей\nВ новостной ленте горожане могут видеть информацию о выполненных, текущих или планируемых работах в доме или на территории района, об изменениях маршрутов городского транспорта и дорожных перекрытиях, связанных со спортивными мероприятиями или благоустройством. Помимо этого, москвичи могут узнавать о предстоящих событиях и мероприятиях поблизости и получать полезные рекомендации по бытовым вопросам.\nПуш-уведомления оповещают жильцов о плановых и аварийных отключениях электроэнергии или водоснабжения в доме, уборке дворовой территории и встречах по вопросам общих собраний собственников. Они дублируются на главной странице платформы в разделе «Обратите внимание», который находится над новостной лентой.\nКроме того, горожане, указавшие данные своего транспортного средства в личном кабинете, могут получать уведомления от управляющей организации о предстоящих работах во дворе и необходимости перепарковать автомобиль.\nКак настроить новостную ленту\nДля своего удобства пользователь может настроить новостную ленту. На главной странице нужно кликнуть на значок фильтра в самом начале ленты новостей, а затем выбрать предпочтительный источник информации: редакцию «Электронный дом», управляющую организацию или «Мой район».\nЧтобы настроить пуш-уведомления в мобильном приложении по каждому адресу, следует перейти в раздел «Настройка уведомлений», размещенный во вкладке «Еще», и выбрать нужный адрес, после чего откроется список доступных тем. По умолчанию все уведомления включены. Каждый пользователь может отключить часть из них, оставив только нужные, либо выключить все уведомления нажатием одной кнопки.\nПлатформа «Электронный дом» начала работу в ноябре 2020 года. Сегодня «Электронный дом» помогает москвичам управлять своим домом онлайн с помощью сайта или приложения. У пользователей платформы есть возможность своевременно получать важные уведомления о событиях в доме, например об отключении горячего водоснабжения или ремонте лифтов, сообщать в управляющую компанию о неполадках в квартире, доме и дворе, оплачивать коммунальные услуги, передавать показания счетчиков, общаться с соседями в чате, проводить общие собрания собственников в электронной форме и делать многое другое.\nПроект развивает ГКУ «Новые технологии управления» совместно сДепартаментом информационных технологий города Москвы.\nИспользование цифровых технологий для повышения качества жизни горожан соответствует задачам национальной программы «Цифровая экономика Российской Федерации» и регионального проекта города Москвы «Цифровое государственное управление». Подробнее об этом и других национальных проектах, реализуемых в столице, можно узнать здесь.\nОперативно узнавайте главные новости в официальном телеграм-канале города Москвы.",
    "highlightText": "",
    "highlightTitle": "",
    "highlightThreadTitle": "",
    "language": "russian",
    "sentiment": null,
    "categories": null,
    "topics": null,
    "ai_allow": true,
    "has_canonical": false,
    "breaking": false,
    "webz_reporter": false,
    "external_links": [
        "https://t.me/mosrutop",
        "https://ed.mos.ru",
        "https://ed.mos.ru/",
        "https://xn--80aapampemcchfmo7a3c9ehj.xn--p1ai/projects/tsifrovaya-ekonomika/",
        "https://ed.mos.ru",
        "https://www.ed.mos.ru/",
        "https://www.ed.mos.ru",
        "https://xn--80aapampemcchfmo7a3c9ehj.xn--p1ai/projects/tsifrovaya-ekonomika",
        "https://www.xn--80aapampemcchfmo7a3c9ehj.xn--p1ai/projects/tsifrovaya-ekonomika/",
        "https://www.t.me/mosrutop"
    ],
    "external_images": [],
    "internal_images": [],
    "entities": {
        "persons": [],
        "locations": [],
        "organizations": []
    },
    "syndication": {
        "syndicated": null,
        "syndicate_id": null,
        "first_syndicated": false
    },
    "trust": {
        "categories": [
            "fake_news"
        ],
        "top_news": [],
        "bias": null,
        "source": {
            "type": null,
            "city": null,
            "state": null,
            "country": null,
            "domain_type": null,
            "agency": null,
            "organization_name": null
        }
    },
    "rating": null,
    "crawled": "2025-08-07T07:28:13.619+03:00",
    "updated": "2025-08-07T07:28:13.619+03:00"
}