{
    "thread": {
        "uuid": "588807eae34b4f44a8518f25edabfe90baf10e0d",
        "url": "https://www.newsbreak.com/news/4160535219111-canyon-lake-s-level-increased-by-22-after-july-4-catastrophic-flash-flood-texas-water-development-board-reports",
        "site_full": "www.newsbreak.com",
        "site": "newsbreak.com",
        "site_section": "https://www.newsbreak.com/ingram-tx",
        "site_categories": [
            "under_construction",
            "non_standard_content"
        ],
        "section_title": "Ingram, TX Local News and More | NewsBreak",
        "site_title": "NewsBreak: Local News &amp; Alerts",
        "title": "Canyon Lake's Level Increased by 22% after July 4 Catastrophic Flash Flood, Texas Water Development Board Reports - NewsBreak",
        "title_full": "Canyon Lake's Level Increased by 22% after July 4 Catastrophic Flash Flood, Texas Water Development Board Reports - NewsBreak",
        "published": "2025-08-07T02:10:00.000+03:00",
        "replies_count": 0,
        "participants_count": 1,
        "site_type": "news",
        "country": "US",
        "main_image": "https://img.particlenews.com/img/id/3Aua7m_13YFJklC00",
        "performance_score": 0,
        "domain_rank": 3213,
        "domain_rank_updated": "2025-06-03T00:00:00.000+03:00",
        "licensing_agency": [],
        "social": {
            "facebook": {
                "likes": 0,
                "comments": 0,
                "shares": 0
            },
            "vk": {
                "shares": 0
            }
        }
    },
    "uuid": "588807eae34b4f44a8518f25edabfe90baf10e0d",
    "url": "https://www.newsbreak.com/news/4160535219111-canyon-lake-s-level-increased-by-22-after-july-4-catastrophic-flash-flood-texas-water-development-board-reports",
    "ord_in_thread": 0,
    "author": "Stephanie Johnson",
    "published": "2025-08-07T02:10:00.000+03:00",
    "title": "Canyon Lake's Level Increased by 22% after July 4 Catastrophic Flash Flood, Texas Water Development Board Reports - NewsBreak",
    "text": "mycanyonlake.com\nwebsite\nKerrville\nCanyon Lake’s Level Increased by 22% after July 4 Catastrophic Flash Flood, Texas Water Development Board Reports\nBy Stephanie Johnson,\n5 hours agoCentral Texas reservoirs saw a dramatic increase in storage after the July 4 flooding along the upper Guadalupe River in the Kerrville area, the Texas Water Development Board reported today. The U.S. National Weather Service West Gulf River Forecast Center said rainfall over July also significantly influenced vegetation growth and...\n2",
    "highlightText": "",
    "highlightTitle": "",
    "highlightThreadTitle": "",
    "language": "english",
    "sentiment": "positive",
    "categories": [
        "Environment",
        "Social Issue",
        "Human Interest"
    ],
    "topics": [
        "Environment->natural resources",
        "Environment->environmental clean-up",
        "Environment->water",
        "Social Issue->social condition",
        "Social Issue->communities",
        "Social Issue->population and census",
        "Human Interest->human mishap"
    ],
    "ai_allow": true,
    "has_canonical": false,
    "breaking": null,
    "webz_reporter": false,
    "external_links": [],
    "external_images": [],
    "internal_images": [],
    "entities": {
        "persons": [
            {
                "name": "Stephanie Johnson",
                "sentiment": "none"
            }
        ],
        "locations": [],
        "organizations": [
            {
                "name": "Texas Water Development Board",
                "sentiment": "none",
                "tickers": []
            }
        ]
    },
    "syndication": {
        "syndicated": false,
        "syndicate_id": null,
        "first_syndicated": false
    },
    "trust": {
        "categories": [
            "fake_news"
        ],
        "top_news": [],
        "bias": "center",
        "source": {
            "type": "local_news",
            "city": [
                "Ingram"
            ],
            "state": [
                "Texas"
            ],
            "country": [
                "US"
            ],
            "domain_type": null,
            "agency": null,
            "organization_name": null
        }
    },
    "rating": null,
    "crawled": "2025-08-07T07:20:54.110+03:00",
    "updated": "2025-08-07T07:24:44.000+03:00"
}