{
    "thread": {
        "uuid": "e3e681b3416893dc97382d729ae65b17e0f7831f",
        "url": "https://www.hindustantimes.com/cities/others/tripura-govt-forms-committee-to-probe-into-truck-driver-s-death-sdm-suspended-101754540766268.html",
        "site_full": "www.hindustantimes.com",
        "site": "hindustantimes.com",
        "site_section": "https://news.google.com/search?q=into%20when%3a1h&hl=en-us&gl=us&ceid=us%3aen",
        "site_categories": [
            "media",
            "top_news_pk",
            "top_news_gb",
            "top_news_kw",
            "top_news_sa",
            "top_news_nz",
            "top_news_au",
            "top_news_sg",
            "top_news_ie",
            "top_news_za",
            "top_news_ph",
            "top_news_ae",
            "top_news_us",
            "top_news_in",
            "top_news_ca",
            "top_news_my",
            "top_news_iq",
            "top_news_qa",
            "top_news"
        ],
        "section_title": "Google News - Search",
        "site_title": "News: Today’s News Headlines, Breaking News India, World News and Cricket News | Hindustan Times",
        "title": "Tripura govt forms committee to probe into truck driver's death, SDM suspended - Hindustan Times",
        "title_full": "Tripura govt forms committee to probe into truck driver's death, SDM suspended - Hindustan Times",
        "published": "2025-08-07T07:26:00.000+03:00",
        "replies_count": 0,
        "participants_count": 1,
        "site_type": "news",
        "country": "IN",
        "main_image": "https://www.hindustantimes.com/ht-img/img/2025/08/07/1600x900/The-state-government-decided-to-provide-financial-_1754540760153.jpg",
        "performance_score": 0,
        "domain_rank": 862,
        "domain_rank_updated": "2025-06-03T00:00:00.000+03:00",
        "licensing_agency": [],
        "social": {
            "facebook": {
                "likes": 0,
                "comments": 0,
                "shares": 0
            },
            "vk": {
                "shares": 0
            }
        }
    },
    "uuid": "e3e681b3416893dc97382d729ae65b17e0f7831f",
    "url": "https://www.hindustantimes.com/cities/others/tripura-govt-forms-committee-to-probe-into-truck-driver-s-death-sdm-suspended-101754540766268.html",
    "ord_in_thread": 0,
    "author": "@httweets",
    "published": "2025-08-07T07:26:00.000+03:00",
    "title": "Tripura govt forms committee to probe into truck driver's death, SDM suspended - Hindustan Times",
    "text": "The Tripura government on Wednesday constituted a three-member committee to probe the truck driver’s death after being trapped inside the cabin of his vehicle for over five hours at Teliamura in Khowai district on Tuesday.The Teliamura sub-divisional magistrate was also suspended and a showcause notice was served to the district magistrate over the issue.“ ....a disciplinary proceeding against Shri Parimal Majumder, TCS Gr-I, SDM, Teliamura and CEO, Teliamura Municipal Council is contemplated. The competent authority in exercise of the powers conferred by Sub-Rule (1) of Rule-10 of the Central Civil Services ( Classification, Control & Appeal) Rules, 1965 has decided to place the said Shri Parimal Majumder, TCS Gr-I, SDM, Teliamura and CEO, Teliamura Municipal Council under suspension with immediate effect”, read a notification signed by J Datta, under secretary to the state government.Also Read: Chhattisgarh: 8-year-old boy dies after truck hits him in DharaviThe deceased was identified as Mihirlal Debnath, driver and owner of the truck. His truck met with a road mishap on the National Highway at Chakmaghat in the district on Tuesday.After the front portion of the vehicle collapsed on him, he was trapped inside the cabin for over five hours allegedly due to delay on the disaster management and the administrative officials in reaching the spot. After pulling out him from the wreckage, he was sent to a local hospital wherein the doctors declared him brought dead.Chief minister Dr Manik Saha ordered the formation of a three-member committee led by revenue secretary (Relief Rehabilitation and Disaster Management) to investigate the incident.The state government decided to provide financial assistance of ₹6 lakh to the deceased person’s family, informed CM Saha.",
    "highlightText": "",
    "highlightTitle": "",
    "highlightThreadTitle": "",
    "language": "english",
    "sentiment": "neutral",
    "categories": [
        "Politics",
        "Social Issue",
        "Economy, Business and Finance"
    ],
    "topics": [
        "Politics->local government and authority",
        "Politics->civil rights",
        "Politics->government policy",
        "Social Issue->social problem",
        "Social Issue->demographics",
        "Social Issue->social services",
        "Economy, Business and Finance->human resources",
        "Economy, Business and Finance->business governance",
        "Economy, Business and Finance->financial and economic news"
    ],
    "ai_allow": true,
    "has_canonical": false,
    "breaking": true,
    "webz_reporter": false,
    "external_links": [],
    "external_images": [],
    "internal_images": [],
    "entities": {
        "persons": [
            {
                "name": "Shri Parimal Majumder",
                "sentiment": "none"
            },
            {
                "name": "Mihirlal Debnath",
                "sentiment": "none"
            },
            {
                "name": "J Datta",
                "sentiment": "none"
            }
        ],
        "locations": [
            {
                "name": "Teliamura",
                "sentiment": "none"
            }
        ],
        "organizations": [
            {
                "name": "Hindustan Times",
                "sentiment": "negative",
                "tickers": [
                    {
                        "ticker": null,
                        "exchange": null
                    }
                ]
            },
            {
                "name": "SDM",
                "sentiment": "negative",
                "tickers": []
            },
            {
                "name": "Teliamura Municipal Council",
                "sentiment": "none",
                "tickers": []
            },
            {
                "name": "Central Civil Services",
                "sentiment": "none",
                "tickers": []
            }
        ]
    },
    "syndication": {
        "syndicated": false,
        "syndicate_id": null,
        "first_syndicated": false
    },
    "trust": {
        "categories": [
            "fake_news"
        ],
        "top_news": [
            "top_news_pk",
            "top_news_gb",
            "top_news_kw",
            "top_news_sa",
            "top_news_nz",
            "top_news_au",
            "top_news_sg",
            "top_news_ie",
            "top_news_za",
            "top_news_ph",
            "top_news_ae",
            "top_news_us",
            "top_news_in",
            "top_news_ca",
            "top_news_my",
            "top_news_iq",
            "top_news_qa",
            "top_news"
        ],
        "bias": "center",
        "source": {
            "type": null,
            "city": null,
            "state": null,
            "country": null,
            "domain_type": null,
            "agency": null,
            "organization_name": null
        }
    },
    "rating": null,
    "crawled": "2025-08-07T07:28:45.776+03:00",
    "updated": "2025-08-08T08:04:37.000+03:00"
}