{
    "thread": {
        "uuid": "396d97238c950254db76dfaf8849f74f88c2344f",
        "url": "https://www.ilprimatonazionale.it/calcio/juventus-la-presentazione-di-joao-mario-297384/",
        "site_full": "www.ilprimatonazionale.it",
        "site": "ilprimatonazionale.it",
        "site_section": "https://www.ilprimatonazionale.it",
        "site_categories": [
            "media"
        ],
        "section_title": "News - Il Primato Nazionale",
        "site_title": "News - Il Primato Nazionale",
        "title": "Juventus, la presentazione di João Mário",
        "title_full": "Juventus, la presentazione di João Mário",
        "published": "2025-08-06T16:59:00.000+03:00",
        "replies_count": 0,
        "participants_count": 1,
        "site_type": "news",
        "country": "IT",
        "main_image": "https://www.ilprimatonazionale.it/wp-content/uploads/2025/06/csm_juventus_logo_stella_of_153030ab2e-1024x576-1.jpg",
        "performance_score": 0,
        "domain_rank": 146137,
        "domain_rank_updated": "2025-06-03T00:00:00.000+03:00",
        "licensing_agency": [],
        "social": {
            "facebook": {
                "likes": 0,
                "comments": 0,
                "shares": 0
            },
            "vk": {
                "shares": 0
            }
        }
    },
    "uuid": "396d97238c950254db76dfaf8849f74f88c2344f",
    "url": "https://www.ilprimatonazionale.it/calcio/juventus-la-presentazione-di-joao-mario-297384/",
    "ord_in_thread": 0,
    "author": "Donatello Neri",
    "published": "2025-08-06T16:59:00.000+03:00",
    "title": "Juventus, la presentazione di João Mário",
    "text": "La Juventus ha accolto il giocatoree João Mário con grande entusiasmo, presentandolo ufficialmente come nuovo rinforzo. Il centrocampista portoghese, arrivato in prestito dall’Inter, porta esperienza e versatilità. Durante l’evento, il giocatore ha espresso gioia per l’opportunità di vestire la maglia bianconera. Ha promesso massimo impegno per contribuire ai successi della\nContinua a leggere su ultimejuve.it",
    "highlightText": "",
    "highlightTitle": "",
    "highlightThreadTitle": "",
    "language": "italian",
    "sentiment": "positive",
    "categories": [
        "Sport",
        "Human Interest",
        "Lifestyle and Leisure"
    ],
    "topics": [
        "Sport->soccer",
        "Human Interest->celebrity",
        "Lifestyle and Leisure->game",
        "Lifestyle and Leisure->club and association"
    ],
    "ai_allow": true,
    "has_canonical": false,
    "breaking": null,
    "webz_reporter": false,
    "external_links": [
        "https://ultimejuve.it/juventus-la-presentazione-di-joao-mario-un-nuovo-capitolo-per-i-bianconeri/",
        "https://www.juventus.com/it/news/articoli/la-presentazione-di-joao-mario",
        "https://www.ultimejuve.it/juventus-la-presentazione-di-joao-mario-un-nuovo-capitolo-per-i-bianconeri/",
        "https://juventus.com/it/news/articoli/la-presentazione-di-joao-mario",
        "https://ultimejuve.it/juventus-la-presentazione-di-joao-mario-un-nuovo-capitolo-per-i-bianconeri"
    ],
    "external_images": [],
    "internal_images": [],
    "entities": {
        "persons": [
            {
                "name": "João Mário",
                "sentiment": "none"
            }
        ],
        "locations": [],
        "organizations": [
            {
                "name": "Juventus",
                "sentiment": "none",
                "tickers": [
                    {
                        "ticker": null,
                        "exchange": null
                    }
                ]
            },
            {
                "name": "Inter",
                "sentiment": "none",
                "tickers": [
                    {
                        "ticker": "INTR",
                        "exchange": "NASDAQ"
                    }
                ]
            }
        ]
    },
    "syndication": {
        "syndicated": null,
        "syndicate_id": null,
        "first_syndicated": false
    },
    "trust": {
        "categories": [
            "fake_news"
        ],
        "top_news": [],
        "bias": null,
        "source": {
            "type": null,
            "city": null,
            "state": null,
            "country": null,
            "domain_type": null,
            "agency": null,
            "organization_name": null
        }
    },
    "rating": null,
    "crawled": "2025-08-07T07:17:17.150+03:00",
    "updated": "2025-08-07T07:22:51.000+03:00"
}