{
    "thread": {
        "uuid": "d607dc92e3957649040a1ebfe488d4bc33d8006e",
        "url": "https://www.newsbreak.com/beach-radio-520708/4160694523743-atlantic-city-councilwoman-s-son-shot-dead-at-motel",
        "site_full": "www.newsbreak.com",
        "site": "newsbreak.com",
        "site_section": "https://www.newsbreak.com/beach-radio-520708",
        "site_categories": [
            "under_construction",
            "non_standard_content"
        ],
        "section_title": "Beach Radio&#x27;s Home Page | NewsBreak",
        "site_title": "NewsBreak: Local News &amp; Alerts",
        "title": "Atlantic City councilwoman's son shot dead at motel - NewsBreak",
        "title_full": "Atlantic City councilwoman's son shot dead at motel - NewsBreak",
        "published": "2025-08-07T04:07:00.000+03:00",
        "replies_count": 0,
        "participants_count": 1,
        "site_type": "news",
        "country": "US",
        "main_image": "https://img.particlenews.com/img/id/4Fq0sU_13YPQqz900",
        "performance_score": 0,
        "domain_rank": 3213,
        "domain_rank_updated": "2025-06-03T00:00:00.000+03:00",
        "licensing_agency": [],
        "social": {
            "facebook": {
                "likes": 0,
                "comments": 0,
                "shares": 0
            },
            "vk": {
                "shares": 0
            }
        }
    },
    "uuid": "d607dc92e3957649040a1ebfe488d4bc33d8006e",
    "url": "https://www.newsbreak.com/beach-radio-520708/4160694523743-atlantic-city-councilwoman-s-son-shot-dead-at-motel",
    "ord_in_thread": 0,
    "author": "Dan Alexander",
    "published": "2025-08-07T04:07:00.000+03:00",
    "title": "Atlantic City councilwoman's son shot dead at motel - NewsBreak",
    "text": "Atlantic City councilwoman’s son shot dead at motel - NewsBreak",
    "highlightText": "",
    "highlightTitle": "",
    "highlightThreadTitle": "",
    "language": "english",
    "sentiment": null,
    "categories": null,
    "topics": null,
    "ai_allow": true,
    "has_canonical": false,
    "breaking": null,
    "webz_reporter": false,
    "external_links": [],
    "external_images": [],
    "internal_images": [],
    "entities": {
        "persons": [],
        "locations": [],
        "organizations": []
    },
    "syndication": {
        "syndicated": false,
        "syndicate_id": null,
        "first_syndicated": false
    },
    "trust": {
        "categories": [
            "fake_news"
        ],
        "top_news": [],
        "bias": "center",
        "source": {
            "type": null,
            "city": null,
            "state": null,
            "country": null,
            "domain_type": null,
            "agency": null,
            "organization_name": null
        }
    },
    "rating": null,
    "crawled": "2025-08-07T07:27:05.094+03:00",
    "updated": "2025-08-07T07:27:05.094+03:00"
}