{
    "thread": {
        "uuid": "0f80f06ec297737e02f43744c18c9bbcbd1e86c3",
        "url": "https://bc-news.ru/society/2025/08/21/29241.html",
        "site_full": "bc-news.ru",
        "site": "bc-news.ru",
        "site_section": "https://bc-news.ru/rss/news",
        "site_categories": [],
        "section_title": "Лента новостей Белой Церкви",
        "site_title": "Лента новостей Белой Церкви",
        "title": "В Киевской и Житомирской областях прогремели взрывы",
        "title_full": "В Киевской и Житомирской областях прогремели взрывы",
        "published": "2025-08-21T07:06:00.000+03:00",
        "replies_count": 0,
        "participants_count": 1,
        "site_type": "news",
        "country": "RU",
        "main_image": "https://bc-news.ru/img/20250821/c12e7fb3be7ce2b85e4a3f62ae2ad9f1_o.jpg",
        "performance_score": 0,
        "domain_rank": null,
        "domain_rank_updated": null,
        "licensing_agency": [],
        "social": {
            "facebook": {
                "likes": 0,
                "comments": 0,
                "shares": 0
            },
            "vk": {
                "shares": 0
            }
        }
    },
    "uuid": "0f80f06ec297737e02f43744c18c9bbcbd1e86c3",
    "url": "https://bc-news.ru/society/2025/08/21/29241.html",
    "ord_in_thread": 0,
    "author": "РИА Новости",
    "published": "2025-08-21T07:06:00.000+03:00",
    "title": "В Киевской и Житомирской областях прогремели взрывы",
    "text": "МОСКВА, 21 авг - РИА Новости. Взрывы прозвучали в Киевской и Житомирской областях Украины, сообщает украинский телеканал ТСН.\nРанее в областях была объявлена воздушная тревога. Позднее в ряде районов Киевской области она была отменена.\n\"Киевщина/Житомирщина - взрывы\", - сообщает телеканал.\nУдары по украинской инфраструктуре ВС РФ начали наносить 10 октября 2022 года: через два дня после теракта на Крымском мосту, за которым, по оценке российских властей, стояли украинские спецслужбы. Удары наносятся, в частности, по объектам оборонной промышленности, военного управления и связи по всей стране. Вместе с тем пресс-секретарь президента России Дмитрий Песков заявлял, что российские войска в боях с ВСУ не наносят удары по жилым домам и социальной инфраструктуре.",
    "highlightText": "",
    "highlightTitle": "",
    "highlightThreadTitle": "",
    "language": "russian",
    "sentiment": null,
    "categories": null,
    "topics": null,
    "ai_allow": true,
    "has_canonical": false,
    "breaking": false,
    "webz_reporter": false,
    "external_links": [],
    "external_images": [],
    "internal_images": [],
    "entities": {
        "persons": [],
        "locations": [],
        "organizations": []
    },
    "syndication": {
        "syndicated": null,
        "syndicate_id": null,
        "first_syndicated": false
    },
    "trust": {
        "categories": [
            "fake_news"
        ],
        "top_news": [],
        "bias": null,
        "source": {
            "type": null,
            "city": null,
            "state": null,
            "country": null,
            "domain_type": null,
            "agency": null,
            "organization_name": null
        }
    },
    "rating": null,
    "crawled": "2025-08-21T07:25:07.539+03:00",
    "updated": "2025-08-21T07:25:07.539+03:00"
}