{
    "thread": {
        "uuid": "7578c5d05a5b58332c25238bd7c154734e435960",
        "url": "https://www.sickchirpse.com/influencer-breaks-down-in-tears-after-trusting-chatgpt-for-travel-advice-then-missing-her-flight/",
        "site_full": "www.sickchirpse.com",
        "site": "sickchirpse.com",
        "site_section": "https://www.sickchirpse.com/feed/",
        "site_categories": [
            "television",
            "entertainment"
        ],
        "section_title": "Sick Chirpse",
        "site_title": "Sick Chirpse - Cult Classic, Not Best Seller",
        "title": "Influencer Breaks Down In Tears After Trusting ChatGPT For Travel Advice, Then Missing Her Flight",
        "title_full": "Influencer Breaks Down In Tears After Trusting ChatGPT For Travel Advice, Then Missing Her Flight",
        "published": "2025-08-21T06:43:00.000+03:00",
        "replies_count": 0,
        "participants_count": 1,
        "site_type": "news",
        "country": "GB",
        "main_image": "https://www.sickchirpse.com/wp-content/uploads/2025/08/influencer-flight-chatgpt.jpg",
        "performance_score": 0,
        "domain_rank": 62707,
        "domain_rank_updated": "2025-06-03T00:00:00.000+03:00",
        "licensing_agency": [],
        "social": {
            "facebook": {
                "likes": 0,
                "comments": 0,
                "shares": 0
            },
            "vk": {
                "shares": 0
            }
        }
    },
    "uuid": "7578c5d05a5b58332c25238bd7c154734e435960",
    "url": "https://www.sickchirpse.com/influencer-breaks-down-in-tears-after-trusting-chatgpt-for-travel-advice-then-missing-her-flight/",
    "ord_in_thread": 0,
    "author": "MF Jones",
    "published": "2025-08-21T06:43:00.000+03:00",
    "title": "Influencer Breaks Down In Tears After Trusting ChatGPT For Travel Advice, Then Missing Her Flight",
    "text": "A Spanish influencer couple are being mocked online after blaming ChatGPT for making them miss their dream trip to Puerto Rico.\nInstead of doing some Googling or looking at actual government websites, the couple asked ChatGPT if they would need to fill in any particular paperwork to visit the Caribbean island from Spain.\nChatGPT said ‘no’, which was the wrong answer, and resulted in the couple missing their flight. Cue tears at the airport:\n[@flexcidine_]Nos quedamos en Tierra\nThe girl, Mery Caldass, tells her followers that she will never trust ChatGPT again: “Look, I always do a lot of research, but I asked ChatGPT, and it said no. I don’t trust that son of a b***h anymore.”\nShe also suspects that ChatGPT may have taken ‘revenge’ on her because she insults it sometimes: “I don’t trust that one anymore because sometimes I insult him, I call him a b*****d, you’re useless… that’s his revenge.” I’m not sure she realises that ChatGPT isn’t a sentient being with feelings that can plot revenge on a person? Well, at least not yet anyway.\nNaturally, the internet is completely unsympathetic, instead blasting the couple for being irresponsible and putting their dream holiday in the hands of a chatbot. I mean, it really doesn’t get more 2025 than that.\nThe funny part is, ChatGPT wasn’t even technically wrong. Mery had asked the chatbot specifically if she and her boyfriend needed a visa to visit Puerto Rico. Turns out you don’t need a visa if you are coming from the EU, but you do need to fill out an ESTA form, which is official US travel paperwork. So it’s basically the couple’s fault for asking the wrong question. What a pair of idiots!\nWell anyway, hopefully they’re not actual travel influencers because this should tank their following, if so. Very poor form.\nFor the Jet2 passenger who was dragged off a plane after removing his trousers and peeing on his brother, click HERE.",
    "highlightText": "",
    "highlightTitle": "",
    "highlightThreadTitle": "",
    "language": "english",
    "sentiment": "negative",
    "categories": [
        "Science and Technology"
    ],
    "topics": [
        "Science and Technology->social sciences"
    ],
    "ai_allow": true,
    "has_canonical": false,
    "breaking": false,
    "webz_reporter": false,
    "external_links": [],
    "external_images": [],
    "internal_images": [],
    "entities": {
        "persons": [
            {
                "name": "Mery Caldass",
                "sentiment": "none"
            }
        ],
        "locations": [
            {
                "name": "Caribbean",
                "sentiment": "none"
            },
            {
                "name": "Puerto",
                "sentiment": "none"
            }
        ],
        "organizations": []
    },
    "syndication": {
        "syndicated": false,
        "syndicate_id": null,
        "first_syndicated": false
    },
    "trust": {
        "categories": [
            "fake_news"
        ],
        "top_news": [],
        "bias": null,
        "source": {
            "type": null,
            "city": null,
            "state": null,
            "country": null,
            "domain_type": null,
            "agency": null,
            "organization_name": null
        }
    },
    "rating": null,
    "crawled": "2025-08-21T07:27:47.213+03:00",
    "updated": "2025-08-21T07:30:48.000+03:00"
}