{
    "thread": {
        "uuid": "5488ee2b9f79b50e7ee5aff1257a58686a4f5359",
        "url": "https://irkutsk-news.net/sport/2025/08/21/303805.html",
        "site_full": "irkutsk-news.net",
        "site": "irkutsk-news.net",
        "site_section": "https://irkutsk-news.net/sport",
        "site_categories": [
            "media"
        ],
        "section_title": "Спорт - Лента новостей Иркутска",
        "site_title": "Лента новостей Иркутска",
        "title": "О правах пассажиров при отменах и задержках рейсов расскажут в пресс-центре «Областной» 22 августа - Лента новостей Иркутска",
        "title_full": "О правах пассажиров при отменах и задержках рейсов расскажут в пресс-центре «Областной» 22 августа - Лента новостей Иркутска",
        "published": "2025-08-21T07:04:00.000+03:00",
        "replies_count": 0,
        "participants_count": 1,
        "site_type": "news",
        "country": "RU",
        "main_image": "https://irkutsk-news.net/img/20250821/6bcfc91e9522955b874da01445f20882_o.jpg",
        "performance_score": 0,
        "domain_rank": null,
        "domain_rank_updated": null,
        "licensing_agency": [],
        "social": {
            "facebook": {
                "likes": 0,
                "comments": 0,
                "shares": 0
            },
            "vk": {
                "shares": 0
            }
        }
    },
    "uuid": "5488ee2b9f79b50e7ee5aff1257a58686a4f5359",
    "url": "https://irkutsk-news.net/sport/2025/08/21/303805.html",
    "ord_in_thread": 0,
    "author": "Официальный интернет-портал правовой информации Иркутской области",
    "published": "2025-08-21T07:04:00.000+03:00",
    "title": "О правах пассажиров при отменах и задержках рейсов расскажут в пресс-центре «Областной» 22 августа - Лента новостей Иркутска",
    "text": "22 августа в 11:00 в пресс-центре газеты «Областная» состоится пресс-конференция на тему «Задержки и отмены авиарейсов в Иркутской области».\nОбсудим статистику задержек и отмен авиарейсов в Иркутской области, их длительность, наиболее частые причины, количество жалоб, поступивших в Восточно-Сибирскую транспортную прокуратуру, права пассажиров и действия авиакомпаний в защиту их интересов.\nСпикер:\n- Рыбаков Александр Сергеевич, старший прокурор отдела по надзору за исполнением законов на транспорте Восточно-Сибирской транспортной прокуратуры.\nОнлайн-трансляция мероприятия состоится также в прямом эфире газеты «Областная» во ВКонтакте.\nПриглашаем представителей СМИ принять очное участие в мероприятии по адресу: Иркутск, ул. Российская, 12, оф. 401.",
    "highlightText": "",
    "highlightTitle": "",
    "highlightThreadTitle": "",
    "language": "russian",
    "sentiment": null,
    "categories": null,
    "topics": null,
    "ai_allow": true,
    "has_canonical": false,
    "breaking": false,
    "webz_reporter": false,
    "external_links": [
        "https://vk.com/ogirk",
        "https://www.vk.com/ogirk"
    ],
    "external_images": [],
    "internal_images": [],
    "entities": {
        "persons": [],
        "locations": [],
        "organizations": []
    },
    "syndication": {
        "syndicated": null,
        "syndicate_id": null,
        "first_syndicated": false
    },
    "trust": {
        "categories": [
            "fake_news"
        ],
        "top_news": [],
        "bias": null,
        "source": {
            "type": null,
            "city": null,
            "state": null,
            "country": null,
            "domain_type": null,
            "agency": null,
            "organization_name": null
        }
    },
    "rating": null,
    "crawled": "2025-08-21T07:22:41.560+03:00",
    "updated": "2025-08-21T07:22:41.560+03:00"
}