{
    "thread": {
        "uuid": "b466f84a8d040634370aee9472a6905e3ee606fe",
        "url": "https://en.mehrnews.com/news/235611/Oil-minister-says-Iran-has-no-unsold-oil-at-sea",
        "site_full": "en.mehrnews.com",
        "site": "mehrnews.com",
        "site_section": "https://www.golf.einnews.com/live_feed",
        "site_categories": [
            "travel"
        ],
        "section_title": "Live Feed Wire - Golf News Today - EIN Presswire",
        "site_title": null,
        "title": "Oil minister says Iran has no unsold oil at sea",
        "title_full": "Oil minister says Iran has no unsold oil at sea",
        "published": "2025-08-21T06:50:00.000+03:00",
        "replies_count": 0,
        "participants_count": 1,
        "site_type": "news",
        "country": "US",
        "main_image": "https://media.mehrnews.com/d/2025/04/25/4/5475438.jpg?ts=1745582331931",
        "performance_score": 0,
        "domain_rank": 6911,
        "domain_rank_updated": "2025-06-03T00:00:00.000+03:00",
        "licensing_agency": [],
        "social": {
            "facebook": {
                "likes": 0,
                "comments": 0,
                "shares": 0
            },
            "vk": {
                "shares": 0
            }
        }
    },
    "uuid": "b466f84a8d040634370aee9472a6905e3ee606fe",
    "url": "https://en.mehrnews.com/news/235611/Oil-minister-says-Iran-has-no-unsold-oil-at-sea",
    "ord_in_thread": 0,
    "author": "Mehr News Agency",
    "published": "2025-08-21T06:50:00.000+03:00",
    "title": "Oil minister says Iran has no unsold oil at sea",
    "text": "Speaking to reporters on the sidelines of the cabinet session on Wednesday, Paknejad announced that approximately $700 million in new annual revenue will be generated following a major gas collection project that was inaugurated in south of Ilam Province last week.\nThe project, which involves an investment of $1.6 billion, is part of the Oil Ministry’s comprehensive plan to eliminate associated gas flaring within three years, he said.\nThe minister added that the completion of the MGL-3200 project in the West Karoon region and Khuzestan Province is also underway.\nPaknejad expressed hope that within three years, the country will be able to collect 44.5 million cubic meters of associated gas per day.\nThese measures, in addition to reducing pollution and preventing resource waste, represent an important step toward boosting the productivity of the oil industry and achieving the country’s economic goals, he said.\nMNA",
    "highlightText": "",
    "highlightTitle": "",
    "highlightThreadTitle": "",
    "language": "english",
    "sentiment": "neutral",
    "categories": [
        "Economy, Business and Finance",
        "Politics"
    ],
    "topics": [
        "Economy, Business and Finance->financial and economic news",
        "Economy, Business and Finance->energy and resource",
        "Politics->government policy",
        "Politics->economic policy",
        "Politics->international relations"
    ],
    "ai_allow": true,
    "has_canonical": false,
    "breaking": false,
    "webz_reporter": false,
    "external_links": [],
    "external_images": [],
    "internal_images": [],
    "entities": {
        "persons": [
            {
                "name": "Paknejad",
                "sentiment": "none"
            }
        ],
        "locations": [
            {
                "name": "Khuzestan Province",
                "sentiment": "none"
            },
            {
                "name": "West Karoon",
                "sentiment": "none"
            }
        ],
        "organizations": []
    },
    "syndication": {
        "syndicated": false,
        "syndicate_id": "b466f84a8d040634370aee9472a6905e3ee606fe",
        "first_syndicated": true
    },
    "trust": {
        "categories": [
            "fake_news"
        ],
        "top_news": [],
        "bias": "right",
        "source": {
            "type": null,
            "city": null,
            "state": null,
            "country": null,
            "domain_type": null,
            "agency": null,
            "organization_name": null
        }
    },
    "rating": null,
    "crawled": "2025-08-21T07:21:23.705+03:00",
    "updated": "2025-08-21T07:24:01.000+03:00"
}