{
    "thread": {
        "uuid": "f0854f9cbffcdcfa589d3cff369e120990a74d8c",
        "url": "https://www.newsbreak.com/ksn-news-1589928/4186724007482-investigation-continues-after-bullet-hole-found-at-chiefs-practice-facility",
        "site_full": "www.newsbreak.com",
        "site": "newsbreak.com",
        "site_section": "https://www.newsbreak.com/ksn-news-1589928",
        "site_categories": [
            "under_construction",
            "non_standard_content"
        ],
        "section_title": "KSN News&#x27;s Home Page | NewsBreak",
        "site_title": "NewsBreak: Local News &amp; Alerts",
        "title": "Investigation continues after bullet hole found at Chiefs practice facility - NewsBreak",
        "title_full": "Investigation continues after bullet hole found at Chiefs practice facility - NewsBreak",
        "published": "2025-08-21T05:52:00.000+03:00",
        "replies_count": 0,
        "participants_count": 1,
        "site_type": "news",
        "country": "US",
        "main_image": "https://img.particlenews.com/img/id/4Pe8CK_13ydnCwi00",
        "performance_score": 0,
        "domain_rank": 3213,
        "domain_rank_updated": "2025-06-03T00:00:00.000+03:00",
        "licensing_agency": [],
        "social": {
            "facebook": {
                "likes": 0,
                "comments": 0,
                "shares": 0
            },
            "vk": {
                "shares": 0
            }
        }
    },
    "uuid": "f0854f9cbffcdcfa589d3cff369e120990a74d8c",
    "url": "https://www.newsbreak.com/ksn-news-1589928/4186724007482-investigation-continues-after-bullet-hole-found-at-chiefs-practice-facility",
    "ord_in_thread": 0,
    "author": "Brian Dulle",
    "published": "2025-08-21T05:52:00.000+03:00",
    "title": "Investigation continues after bullet hole found at Chiefs practice facility - NewsBreak",
    "text": "KANSAS CITY, Mo. (WDAF) — A bullet hole was found in a window at the Kansas City Chiefs’ practice facility last year, according to the Kansas City, Missouri Police Department. An incident report from KCPD says officers responded to an aggravated assault call just after midnight on May 4, 2024, at the Arrowhead Practice Facility. KCPD said when officers arrived, they were told by overnight security that someone in the building had alerted them to hearing a noise and observed what appeared to be a bullet hole in a window. Because the building was occupied at the time of the bullet coming through the window, the case is being investigated as an aggravated assault, according to KCPD. There were no injuries associated with the incident. KCPD said there have been no charges or arrests in the 15 months following the incident. The investigation, to include where the bullet may have been fired from, remains ongoing, according to KCPD. The police department said at this time, based on the investigation, there is no indication this was a targeted incident at any person or organization. For the latest news, weather, sports, and streaming video, head to KSN-TV.",
    "highlightText": "",
    "highlightTitle": "",
    "highlightThreadTitle": "",
    "language": "english",
    "sentiment": "negative",
    "categories": [
        "Crime, Law and Justice",
        "Human Interest",
        "Social Issue"
    ],
    "topics": [
        "Crime, Law and Justice->investigation (criminal)",
        "Human Interest->human mishap",
        "Social Issue->communities",
        "Social Issue->social problem",
        "Social Issue->values"
    ],
    "ai_allow": true,
    "has_canonical": true,
    "breaking": null,
    "webz_reporter": false,
    "external_links": [
        "https://img.particlenews.com/image.php?type=thumbnail_580x000&url=4Pe8CK_13ydnCwi00",
        "https://www.ksn.com",
        "https://img.particlenews.com/image.php?url=4Pe8CK_13ydnCwi00",
        "https://img.particlenews.com/image.php",
        "https://www.img.particlenews.com/image.php?url=4Pe8CK_13ydnCwi00",
        "https://ksn.com",
        "https://www.img.particlenews.com/image.php?type=thumbnail_580x000&url=4Pe8CK_13ydnCwi00"
    ],
    "external_images": [],
    "internal_images": [],
    "entities": {
        "persons": [],
        "locations": [
            {
                "name": "NewsBreak",
                "sentiment": "none"
            }
        ],
        "organizations": [
            {
                "name": "Missouri Police Department",
                "sentiment": "none",
                "tickers": []
            },
            {
                "name": "KCPD",
                "sentiment": "none",
                "tickers": []
            }
        ]
    },
    "syndication": {
        "syndicated": false,
        "syndicate_id": null,
        "first_syndicated": false
    },
    "trust": {
        "categories": [
            "fake_news"
        ],
        "top_news": [],
        "bias": "center",
        "source": {
            "type": null,
            "city": null,
            "state": null,
            "country": null,
            "domain_type": null,
            "agency": null,
            "organization_name": null
        }
    },
    "rating": null,
    "crawled": "2025-08-21T07:21:56.705+03:00",
    "updated": "2025-08-21T07:26:36.000+03:00"
}