{
    "thread": {
        "uuid": "0cee33668a74de627c641d4a80e3e028619ad27f",
        "url": "https://www.newsbreak.com/columbus-ledgerenquirer-1592554/4186435686033-phenix-city-superintendent-s-job-on-the-line-when-school-board-meets-here-s-why",
        "site_full": "www.newsbreak.com",
        "site": "newsbreak.com",
        "site_section": "https://newsbreak.com/hatchechubbee-al",
        "site_categories": [
            "under_construction",
            "non_standard_content"
        ],
        "section_title": "Hatchechubbee, AL Local News and More | NewsBreak",
        "site_title": "NewsBreak: Local News &amp; Alerts",
        "title": "Phenix City superintendent's job on the line when school board meets. Here's why - NewsBreak",
        "title_full": "Phenix City superintendent's job on the line when school board meets. Here's why - NewsBreak",
        "published": "2025-08-21T02:32:00.000+03:00",
        "replies_count": 0,
        "participants_count": 1,
        "site_type": "news",
        "country": "US",
        "main_image": "https://img.particlenews.com/img/id/1tM44U_13yLU8am00",
        "performance_score": 0,
        "domain_rank": 3213,
        "domain_rank_updated": "2025-06-03T00:00:00.000+03:00",
        "licensing_agency": [],
        "social": {
            "facebook": {
                "likes": 0,
                "comments": 0,
                "shares": 0
            },
            "vk": {
                "shares": 0
            }
        }
    },
    "uuid": "0cee33668a74de627c641d4a80e3e028619ad27f",
    "url": "https://www.newsbreak.com/columbus-ledgerenquirer-1592554/4186435686033-phenix-city-superintendent-s-job-on-the-line-when-school-board-meets-here-s-why",
    "ord_in_thread": 0,
    "author": "Mark Rice",
    "published": "2025-08-21T02:32:00.000+03:00",
    "title": "Phenix City superintendent's job on the line when school board meets. Here's why - NewsBreak",
    "text": "Two weeks into the school year, the job security of the superintendent of Phenix City Schools appears to be on the line when the Phenix City Board of Education convenes Thursday. The board is scheduled to meet at 6 p.m. in the PCS Auxiliary Building, 1210 Ninth Ave. A called meeting was scheduled for Tuesday to “discuss the superintendent’s job performance and contract,” according to the agenda. But the seven-member board unanimously approved board attorney Bob Meadows’ request to postpone that discussion until Thursday. Meadows told the board during Tuesday’s meeting that “new information … came to my attention within the last hour and a half, and I need to fully develop that in order to properly present that to the board.” The Rev. Brady Baird, the board’s District 1/Place 1 representative, told the Ledger-Enquirer on Wednesday that he and some other board members are upset with superintendent Janet Sherrod’s “failure to effectively plan” for how the state’s curriculum changes would affect the PCS Accelerated Academy, which invites the top 180 qualified students coming out of elementary school, starting in sixth grade, to take courses at higher grade levels after showing mastery of the content at their current grade level. Despite the Alabama State Department of Education announcing its new curriculum standards “years and months prior to the changes being implemented,” Baird said, Sherrod didn’t provide the state proper documentation to continue the Accelerated Academy this year. “Our system was completely unprepared to incorporate these changes into a program that has served academically motivated students and families for over 11 years,” Baird said, “and I cannot for the life of me understand how we would allow that to happen.” Baird added, “I am deeply disappointed that our current leadership allowed this type of change to take place without exerting some appropriate preventative measures or creating an alternative sooner. “The major issue we have right now is an inability to plan for and execute quality educational programs for every student at every level of academic ability.” The Ledger-Enquirer tried to reach Sherrod for her response via phone and email, but she had not replied as of Wednesday evening. Asked what Thursday’s meeting will be about, Baird said, “There may be an opportunity for us to discuss in a more meaningful way what was planned for Tuesday. Hopefully, we’ll have some better information and some meaningful conversations will have taken place that had not taken place. And hopefully Thursday will be a day where the meeting will offer us some exciting resolution for some of the issues that we’re facing.” In a text message to the L-E after the phone interview, Baird added, “I am deeply sorry for the inconvenience and disappointment these changes have caused for all the students and parents looking forward to another great year of accelerated learning.”",
    "highlightText": "",
    "highlightTitle": "",
    "highlightThreadTitle": "",
    "language": "english",
    "sentiment": "negative",
    "categories": [
        "Education"
    ],
    "topics": [
        "Education->school",
        "Education->teachers",
        "Education->students"
    ],
    "ai_allow": true,
    "has_canonical": false,
    "breaking": null,
    "webz_reporter": false,
    "external_links": [
        "https://img.particlenews.com/image.php?url=1tM44U_13yLU8am00",
        "https://img.particlenews.com/image.php?type=thumbnail_580x000&url=1tM44U_13yLU8am00",
        "https://img.particlenews.com/image.php",
        "https://www.img.particlenews.com/image.php?url=1tM44U_13yLU8am00",
        "https://www.img.particlenews.com/image.php?type=thumbnail_580x000&url=1tM44U_13yLU8am00"
    ],
    "external_images": [],
    "internal_images": [],
    "entities": {
        "persons": [
            {
                "name": "Janet Sherrod",
                "sentiment": "none"
            },
            {
                "name": "Bob Meadows",
                "sentiment": "none"
            },
            {
                "name": "Brady Baird",
                "sentiment": "none"
            }
        ],
        "locations": [],
        "organizations": [
            {
                "name": "Phenix City Board of Education",
                "sentiment": "none",
                "tickers": []
            }
        ]
    },
    "syndication": {
        "syndicated": false,
        "syndicate_id": null,
        "first_syndicated": false
    },
    "trust": {
        "categories": [
            "fake_news"
        ],
        "top_news": [],
        "bias": "center",
        "source": {
            "type": null,
            "city": null,
            "state": null,
            "country": null,
            "domain_type": null,
            "agency": null,
            "organization_name": null
        }
    },
    "rating": null,
    "crawled": "2025-08-21T07:28:05.279+03:00",
    "updated": "2025-08-21T07:30:48.000+03:00"
}