{
    "thread": {
        "uuid": "b89b76aa37a2dc3c54738c3b769bb0298484aca8",
        "url": "https://msk-news.net/society/2025/08/21/705560.html",
        "site_full": "msk-news.net",
        "site": "msk-news.net",
        "site_section": "https://www.msk-news.net",
        "site_categories": [],
        "section_title": "Лента новостей Москвы",
        "site_title": "Лента новостей Москвы",
        "title": "Выступления служебных собак пройдут на площадках в Конькове и Южном Бутове - Лента новостей Москвы",
        "title_full": "Выступления служебных собак пройдут на площадках в Конькове и Южном Бутове - Лента новостей Москвы",
        "published": "2025-08-21T07:05:00.000+03:00",
        "replies_count": 0,
        "participants_count": 1,
        "site_type": "news",
        "country": "RU",
        "main_image": "https://msk-news.net/img/20250821/e15ebb1fb39044d910ae4f599b7e63b3_o.jpg",
        "performance_score": 0,
        "domain_rank": null,
        "domain_rank_updated": null,
        "licensing_agency": [],
        "social": {
            "facebook": {
                "likes": 0,
                "comments": 0,
                "shares": 0
            },
            "vk": {
                "shares": 0
            }
        }
    },
    "uuid": "b89b76aa37a2dc3c54738c3b769bb0298484aca8",
    "url": "https://msk-news.net/society/2025/08/21/705560.html",
    "ord_in_thread": 0,
    "author": "Официальный сайт Мэра Москвы",
    "published": "2025-08-21T07:05:00.000+03:00",
    "title": "Выступления служебных собак пройдут на площадках в Конькове и Южном Бутове - Лента новостей Москвы",
    "text": "Москвичи увидят выступления собак-спасателей и понаблюдают за тренировкой щенков, которые делают свои первые шаги на службе.\nВ столице проходит цикл мероприятий для горожан и их питомцев. Его цель — напомнить москвичам о роли собак в жизни человека. Впереди еще целый месяц уникальных событий.\n23 августа в 11:00 на выгульной площадке в Чечерском проезде (дом 118) пройдут показательные выступления центра кинологической службы Главного управления (ГУ) МВД России по городу Москве «Щенячий патруль». Гости мероприятия познакомятся с хвостатыми воспитанниками, которые делают свои первые шаги на службе. Щенки выполнят простые команды и отработают элементы послушания.\nВ этот же день в 18:00 на дрессировочной площадке на улице Введенского (дом 16) выступят спасатели кинологической группы столичного Пожарно-спасательного центра (ПСЦ) вместе с добровольцами центра «Аргус». Собаки продемонстрируют элементы послушания и трюки, а еще найдут человека.\n24 августа в 14:00 в парке 50-летия Москвы на площадке для выгула собак проекта «Питомцы в Москве» пройдут показательные выступления Федеральной таможенной службы. Ее четвероногие сотрудники дежурят на постах, автомобильных, железнодорожных, воздушных, речных и морских узлах, а также в почтовых отделениях по всей стране. В этих местах собаки ищут запрещенные вещества. Во время показательных выступлений гости мероприятия узнают об особенностях работы со служебными животными, их характере, повадках и условиях содержания. Команда кинологического центра Федеральной таможенной службы также выступила 17 августа на площадке на улице Джамгаровской (дом 5, строение 1).\nДо 14 сентября включительно на дрессировочных площадках проекта «Питомцы в Москве» проходит серия мероприятий «Друг, спасатель, защитник». Каждое событие направлено на популяризацию ответственного отношения к животным. Участники узнают о том, как правильно содержать и воспитывать питомцев, а также о роли собак в обществе. Расписание всех событий доступно на сайте.\n«Питомцы в Москве» — проект программы «Мой район», направленный на создание площадок нового типа для выгула собак. Сегодня в столице работает 87 таких площадок и два кинологических парка. Они подходят не только для свободных прогулок и эффективных тренировок с питомцами, но и для крупных кинологических мероприятий — соревнований и выставок.\n«Мой район» — комплексная программа Мэра Москвы по развитию городской среды. Ее цель — создать комфортные условия для жизни во всех районах столицы. Удобные дворы, обустроенные парки, современные объекты социальной инфраструктуры в пешей доступности — важные составляющие программы.\nПроект «Друг, спасатель, защитник» — это платформа для общения между владельцами животных и профессионалами: кинологами, ветеринарами, грумерами и специалистами по зоопсихологии. Для любителей животных проведут более 200 мероприятий. Цикл направлен на популяризацию ответственного отношения к животным и повышение уровня знаний горожан о содержании и воспитании собак, а также об их роли в обществе.\nОперативно узнавайте главные новости в официальных каналах города Москвы в мессенджерах MAX и «Телеграм».",
    "highlightText": "",
    "highlightTitle": "",
    "highlightThreadTitle": "",
    "language": "russian",
    "sentiment": null,
    "categories": null,
    "topics": null,
    "ai_allow": true,
    "has_canonical": false,
    "breaking": false,
    "webz_reporter": false,
    "external_links": [
        "https://t.me/mosrutop",
        "https://moscowpet.ru/",
        "https://pro-raion.ru/dogrun/kolskaya",
        "https://max.ru/mosru",
        "https://www.pro-raion.ru/dogrun/kolskaya",
        "https://www.moscowpet.ru/",
        "https://www.max.ru/mosru",
        "https://moscowpet.ru",
        "https://www.t.me/mosrutop"
    ],
    "external_images": [],
    "internal_images": [],
    "entities": {
        "persons": [],
        "locations": [],
        "organizations": []
    },
    "syndication": {
        "syndicated": null,
        "syndicate_id": null,
        "first_syndicated": false
    },
    "trust": {
        "categories": [
            "fake_news"
        ],
        "top_news": [],
        "bias": null,
        "source": {
            "type": null,
            "city": null,
            "state": null,
            "country": null,
            "domain_type": null,
            "agency": null,
            "organization_name": null
        }
    },
    "rating": null,
    "crawled": "2025-08-21T07:16:41.216+03:00",
    "updated": "2025-08-21T07:16:41.216+03:00"
}