{
    "thread": {
        "uuid": "448f8794f610c6e561ecbc0e124cdf8704cec022",
        "url": "https://irkutsk-news.net/sport/2025/08/21/303812.html",
        "site_full": "irkutsk-news.net",
        "site": "irkutsk-news.net",
        "site_section": "https://irkutsk-news.net/sport",
        "site_categories": [
            "media"
        ],
        "section_title": "Спорт - Лента новостей Иркутска",
        "site_title": "Лента новостей Иркутска",
        "title": "Сергей Шишкин: Кандидат от ЕР на выборах губернатора уверенно доминирует в электоральном поле - Лента новостей Иркутска",
        "title_full": "Сергей Шишкин: Кандидат от ЕР на выборах губернатора уверенно доминирует в электоральном поле - Лента новостей Иркутска",
        "published": "2025-08-21T07:18:00.000+03:00",
        "replies_count": 0,
        "participants_count": 1,
        "site_type": "news",
        "country": "RU",
        "main_image": "https://irkutsk-news.net/img/20250821/ae646bf5c4211e80cce7dff0f8548cfd_o.jpg",
        "performance_score": 0,
        "domain_rank": null,
        "domain_rank_updated": null,
        "licensing_agency": [],
        "social": {
            "facebook": {
                "likes": 0,
                "comments": 0,
                "shares": 0
            },
            "vk": {
                "shares": 0
            }
        }
    },
    "uuid": "448f8794f610c6e561ecbc0e124cdf8704cec022",
    "url": "https://irkutsk-news.net/sport/2025/08/21/303812.html",
    "ord_in_thread": 0,
    "author": "Официальный интернет-портал правовой информации Иркутской области",
    "published": "2025-08-21T07:18:00.000+03:00",
    "title": "Сергей Шишкин: Кандидат от ЕР на выборах губернатора уверенно доминирует в электоральном поле - Лента новостей Иркутска",
    "text": "Игорь Кобзев доминирует уверенно в электоральном поле в преддверии осенней избирательной кампании. Об этом 20 августа на заседании Общественного штаба по наблюдению за выборами на территории Иркутской области сообщил политолог, заслуженный юрист РФ, профессор, доктор юридических наук Сергей Шишкин.\n– Глава регионе не ушёл в отпуск и работает в обычном режиме. Тем более, мы знаем цену августовских денёчков: надо готовиться к зиме. Губернатору есть чем заниматься в части текущей повестки дня, и он это делает. Он движется не в одиночку, а вместе с депутатами Законодательного собрания, с министрами по территории Иркутской области, попутно решая различные вопросы, – отметил Сергей Шишкин.\nНапомним, 7 августа Избирательная комиссия Иркутской области зарегистрировала четырех кандидатов на выборах губернатора региона: Игорь Кобзев от «Единой России», Лариса Егорова от «Справедливой России», Сергей Левченко от КПРФ и Виктор Галицков от ЛДПР.",
    "highlightText": "",
    "highlightTitle": "",
    "highlightThreadTitle": "",
    "language": "russian",
    "sentiment": null,
    "categories": null,
    "topics": null,
    "ai_allow": true,
    "has_canonical": false,
    "breaking": false,
    "webz_reporter": false,
    "external_links": [],
    "external_images": [],
    "internal_images": [],
    "entities": {
        "persons": [],
        "locations": [],
        "organizations": []
    },
    "syndication": {
        "syndicated": null,
        "syndicate_id": null,
        "first_syndicated": false
    },
    "trust": {
        "categories": [
            "fake_news"
        ],
        "top_news": [],
        "bias": null,
        "source": {
            "type": null,
            "city": null,
            "state": null,
            "country": null,
            "domain_type": null,
            "agency": null,
            "organization_name": null
        }
    },
    "rating": null,
    "crawled": "2025-08-21T07:22:41.548+03:00",
    "updated": "2025-08-21T07:22:41.548+03:00"
}