{
    "thread": {
        "uuid": "3c37dd2b6115a73364f0474c5cc667027b291db7",
        "url": "https://scalaskanews.com/stories/675516766-which-south-central-alaska-area-high-school-graduates-will-take-part-in-games-in-the-week-starting-monday-sept-22",
        "site_full": "scalaskanews.com",
        "site": "scalaskanews.com",
        "site_section": "https://scalaskanews.com/stories.rss",
        "site_categories": [],
        "section_title": "SC Alaska News",
        "site_title": "Sc Alaska News",
        "title": "Which South Central Alaska area high school graduates will take part in games in the week starting Monday, Sept. 22?",
        "title_full": "Which South Central Alaska area high school graduates will take part in games in the week starting Monday, Sept. 22?",
        "published": "2025-09-19T08:00:00.000+03:00",
        "replies_count": 0,
        "participants_count": 1,
        "site_type": "news",
        "country": "US",
        "main_image": "https://s3.amazonaws.com/jnswire/jns-media/45/b0/26543217/webp_f74f484a-5cc6-41e7-936f-31034bdc350e.webp",
        "performance_score": 0,
        "domain_rank": null,
        "domain_rank_updated": null,
        "licensing_agency": [],
        "social": {
            "facebook": {
                "likes": 0,
                "comments": 0,
                "shares": 0
            },
            "vk": {
                "shares": 0
            }
        }
    },
    "uuid": "3c37dd2b6115a73364f0474c5cc667027b291db7",
    "url": "https://scalaskanews.com/stories/675516766-which-south-central-alaska-area-high-school-graduates-will-take-part-in-games-in-the-week-starting-monday-sept-22",
    "ord_in_thread": 0,
    "author": "D. A. Stamper",
    "published": "2025-09-19T08:00:00.000+03:00",
    "title": "Which South Central Alaska area high school graduates will take part in games in the week starting Monday, Sept. 22?",
    "text": "Niko Alailefaleula and Scott Griffith\nNiko Alailefaleula and Scott Griffith\nCaleb Wahlman\nBlack Hills State Yellow Jackets\nDefensive back\nFreshman\n5′11″ 188\nService High School\nHometown: Anchorage\nNext Game: vs. Colorado Mines Orediggers, Saturday, Sept. 27, 1 p.m.\nJames Reinbold\nCornell Big Red\nSenior\n6′2″ 245\nDimond High School\nHometown: Anchorage\nNext Game: vs. Yale Bulldogs, Saturday, Sept. 27, 12 p.m.\nKellen Curtis\nCSU Pueblo ThunderWolves\nDefensive back\nSenior\n5′9″ 180\nSouth Anchorage High School\nHometown: Anchorage\nNext Game: vs. Adams State Grizzlies, Saturday, Sept. 27, 2 p.m.\nNiko Alailefaleula\nSouthern Utah Thunderbirds\nSophomore\n5′11″ 225\nBartlett High School\nHometown: Anchorage\nNext Game: vs. West Georgia Wolves, Saturday, Sept. 27, 6:30 p.m.\nScott Griffith\nIdaho Yotes\nFreshman\n6′7″ 265\nService High School\nHometown: Anchorage\nNext Game: vs. Montana Tech Diggers, Saturday, Sept. 27, 12 p.m.\nSebastian O'Farrell\nBlack Hills State Yellow Jackets\nLinebacker\nSenior\n6′0″ 230\nService High School\nHometown: Anchorage\nNext Game: vs. Colorado Mines Orediggers, Saturday, Sept. 27, 1 p.m.\nTucker Vann\nSouth Dakota Mines Hardrockers\nJunior\n6′2″ 210\nKenai Central High School\nHometown: Kenai\nNext Game: vs. Fort Lewis Skyhawks, Saturday, Sept. 27, 2 p.m.",
    "highlightText": "",
    "highlightTitle": "",
    "highlightThreadTitle": "",
    "language": "english",
    "sentiment": null,
    "categories": null,
    "topics": null,
    "ai_allow": true,
    "has_canonical": false,
    "breaking": null,
    "webz_reporter": false,
    "external_links": [],
    "external_images": [],
    "internal_images": [],
    "entities": {
        "persons": [
            {
                "name": "Scott Griffith\nCaleb Wahlman\nBlack Hill",
                "sentiment": "none"
            },
            {
                "name": "Scott Griffith\nNiko Alailefaleula",
                "sentiment": "none"
            },
            {
                "name": "Kellen Curtis",
                "sentiment": "none"
            }
        ],
        "locations": [
            {
                "name": "South Central",
                "sentiment": "none"
            }
        ],
        "organizations": [
            {
                "name": "Niko Alailefaleula\nSouthern Utah Thunderbirds",
                "sentiment": "none",
                "tickers": []
            },
            {
                "name": "Colorado Mines Orediggers",
                "sentiment": "none",
                "tickers": [
                    {
                        "ticker": null,
                        "exchange": null
                    }
                ]
            },
            {
                "name": "Montana Tech Diggers",
                "sentiment": "none",
                "tickers": [
                    {
                        "ticker": null,
                        "exchange": null
                    }
                ]
            },
            {
                "name": "Yale Bulldogs",
                "sentiment": "none",
                "tickers": []
            }
        ]
    },
    "syndication": {
        "syndicated": false,
        "syndicate_id": null,
        "first_syndicated": false
    },
    "trust": {
        "categories": [
            "fake_news"
        ],
        "top_news": [],
        "bias": "center",
        "source": {
            "type": null,
            "city": null,
            "state": null,
            "country": null,
            "domain_type": null,
            "agency": null,
            "organization_name": null
        }
    },
    "rating": null,
    "crawled": "2025-10-02T07:23:06.005+03:00",
    "updated": "2025-10-02T07:23:06.005+03:00"
}