{
    "thread": {
        "uuid": "fceb6b7f8f8d8bb46c122db0621b186fd1687c0f",
        "url": "https://www.newsbreak.com/reuters-555486/4268363764243-israel-stops-13-gaza-aid-boats-organisers-say-sparking-international-criticism",
        "site_full": "www.newsbreak.com",
        "site": "newsbreak.com",
        "site_section": "https://local.newsbreak.com/reuters-555486",
        "site_categories": [
            "under_construction"
        ],
        "section_title": "Reuters&#x27;s Home Page | NewsBreak",
        "site_title": "NewsBreak: Local News &amp; Alerts",
        "title": "Israel stops 13 Gaza aid boats, organisers say, sparking international criticism - NewsBreak",
        "title_full": "Israel stops 13 Gaza aid boats, organisers say, sparking international criticism - NewsBreak",
        "published": "2025-10-02T05:58:00.000+03:00",
        "replies_count": 0,
        "participants_count": 1,
        "site_type": "news",
        "country": "US",
        "main_image": "https://img.particlenews.com/img/id/3mD3i1_15GuHrbe00",
        "performance_score": 0,
        "domain_rank": 3714,
        "domain_rank_updated": "2025-09-29T00:00:00.000+03:00",
        "licensing_agency": [],
        "social": {
            "facebook": {
                "likes": 0,
                "comments": 0,
                "shares": 0
            },
            "vk": {
                "shares": 0
            }
        }
    },
    "uuid": "fceb6b7f8f8d8bb46c122db0621b186fd1687c0f",
    "url": "https://www.newsbreak.com/reuters-555486/4268363764243-israel-stops-13-gaza-aid-boats-organisers-say-sparking-international-criticism",
    "ord_in_thread": 0,
    "author": "Reuters",
    "published": "2025-10-02T05:58:00.000+03:00",
    "title": "Israel stops 13 Gaza aid boats, organisers say, sparking international criticism - NewsBreak",
    "text": "By Reuters ,\n1 hours ago\n(Reuters) -Israeli forces have stopped 13 boats carrying foreign activists and aid bound for Gaza, but 30 boats are continuing to sail towards the war-ravaged Palestinian enclave, flotilla organisers said on Thursday.\nA video from the Israeli foreign ministry verified by Reuters showed the most prominent of the flotilla's passengers, Swedish climate campaigner Greta Thunberg, sitting on a deck surrounded by soldiers.\n\"Several vessels of the Hamas-Sumud flotilla have been safely stopped and their passengers are being transferred to an Israeli port,\" the Israeli foreign ministry said on X. \"Greta and her friends are safe and healthy.\"\nThe Global Sumud Flotilla, transporting medicine and food to Gaza, consists of more than 40 civilian boats with about 500 parliamentarians, lawyers and activists.\nThe flotilla put out several videos on Telegram with messages from individuals aboard the various boats, some holding their passports and claiming they were abducted and taken to Israel against their will, and reiterating that their mission was a non-violent humanitarian cause.\nThe flotilla is the most high-profile symbol of opposition to Israel's blockade of Gaza.\nIts progress across the Mediterranean Sea garnered international attention as nations including Turkey, Spain and Italy sent boats or drones in case their nationals required assistance, even as it triggered repeated warnings from Israel to turn back.\nTurkey’s foreign ministry called Israel’s “attack” on the flotilla “an act of terror” that endangered the lives of innocent civilians.\nColombian President Gustavo Petro ordered the expulsion of Israel’s entire diplomatic delegation on Wednesday following the detention of two Colombians in the flotilla. Israel has not had an ambassador in Colombia since last year.\nPetro called the detentions a potential “new international crime” by Israeli Prime Minister Benjamin Netanyahu and demanded the release of the Colombians. He also terminated Colombia’s free trade agreement with Israel.\nMalaysian Prime Minister Anwar Ibrahim on Thursday condemned Israel’s interception of the flotilla, adding Israeli forces had detained eight Malaysians.\n\"By blocking a humanitarian mission, Israel has shown utter contempt not only for the rights of the Palestinian people but also for the conscience of the world,\" Anwar, whose country is predominantly Muslim, said in a statement.\nIsrael's interception of the flotilla sparked protests in Italy and Colombia. Italian unions called a general strike for Friday in solidarity with the international aid flotilla.\nIsrael's navy had previously warned the flotilla it was approaching an active combat zone and violating a lawful blockade, and asked them to change course. It had offered to transfer any aid peacefully through safe channels to Gaza.\n30 BOATS SAILING TOWARDS GAZA\nThe flotilla is the latest sea-borne attempt to break Israel's blockade of Gaza, much of which has been turned into a wasteland by almost two years of war.\nThe flotilla's organisers denounced Wednesday's raid as a \"war crime.\" They said the military used aggressive tactics, including the use of water cannon, but that no one was harmed.\n\"Multiple vessels ... were illegally intercepted and boarded by Israeli Occupation Forces in international waters,\" the organisers said in a statement.\nThe boats were about 70 nautical miles off the war-ravaged enclave when they were intercepted, inside a zone that Israel is policing to stop any boats approaching. The organisers said their communications had been scrambled, including the use of a live camera feed from some of the boats.\nAccording to the flotilla's ship tracking data, 13 boats had been intercepted or stopped as of early Thursday. Organisers have remained defiant, saying in a statement that the flotilla \"will continue undeterred\".\nThirty boats were still sailing towards Gaza, flotilla organisers said in a post on Telegram early on Thursday, stating they were 46 nautical miles away from their destination.\nThe flotilla had hoped to arrive in Gaza on Thursday morning if it was not intercepted.\nIsraeli officials have repeatedly denounced the mission as a stunt. \"This systematic refusal (to hand over the aid) demonstrates that the objective is not humanitarian, but provocative,\" Jonathan Peled, the Israeli ambassador to Italy, said in a post on X.\nIsrael has imposed a naval blockade on Gaza since Hamas took control of the coastal enclave in 2007 and there have been several previous attempts by activists to deliver aid by sea.\nIn 2010, nine activists were killed after Israeli soldiers boarded a flotilla of six ships manned by 700 pro-Palestinian activists from 50 countries.\nIn June this year, Israeli naval forces detained Thunberg and 11 crew members from a small ship organised by a pro-Palestinian group called the Freedom Flotilla Coalition as they approached Gaza.\nIsrael began its Gaza offensive after the October 7, 2023, Hamas-led attack on Israel in which some 1,200 people were killed and 251 taken as hostages back to Gaza, according to Israeli tallies. The offensive has killed over 65,000 people in Gaza, Gaza health authorities say.\n(Reporting by Mrinmay Dey, Gursimran Kaur in Bengaluru, Alvise Armellini in Rome, Howard Goller in New York, Alex Cornwell, Tarek Amara, Emma Pinedo and Aislinn Laing in Madrid, Pietro Lombardi, Padraic Halpin and Jonathan Spicer; Additional reporting by Rozanna Latiff in Kuala Lumpur; Writing by Edward McAllister and Michael Perry; Editing by Aidan Lewis, Deepa Babington and Stephen Coates)\n18",
    "highlightText": "",
    "highlightTitle": "",
    "highlightThreadTitle": "",
    "language": "english",
    "sentiment": "negative",
    "categories": [
        "Politics",
        "Social Issue",
        "Crime, Law and Justice"
    ],
    "topics": [
        "Politics->political crisis",
        "Politics->human rights",
        "Politics->international relations",
        "Social Issue->social problem",
        "Social Issue->immigration",
        "Social Issue->discrimination",
        "Crime, Law and Justice->corruption"
    ],
    "ai_allow": true,
    "has_canonical": false,
    "breaking": null,
    "webz_reporter": false,
    "external_links": [
        "https://img.particlenews.com/image.php?url=3mD3i1_15GuHrbe00",
        "https://img.particlenews.com/image.php?type=thumbnail_580x000&url=3mD3i1_15GuHrbe00",
        "https://img.particlenews.com/image.php?url=3sQyhB_15GuHrbe00",
        "https://img.particlenews.com/image.php?url=00T92O_15GuHrbe00",
        "https://img.particlenews.com/image.php?type=thumbnail_580x000&url=2yyWBE_15GuHrbe00",
        "https://img.particlenews.com/image.php?url=3BuEms_15GuHrbe00",
        "https://img.particlenews.com/image.php?type=thumbnail_580x000&url=1Hd2iS_15GuHrbe00",
        "https://img.particlenews.com/image.php?type=thumbnail_580x000&url=2jfsc5_15GuHrbe00",
        "https://img.particlenews.com/image.php?type=thumbnail_580x000&url=00T92O_15GuHrbe00",
        "https://img.particlenews.com/image.php?type=thumbnail_580x000&url=3sQyhB_15GuHrbe00",
        "https://img.particlenews.com/image.php?url=2yyWBE_15GuHrbe00",
        "https://img.particlenews.com/image.php?type=thumbnail_580x000&url=0iuCRf_15GuHrbe00",
        "https://img.particlenews.com/image.php?type=thumbnail_580x000&url=3BuEms_15GuHrbe00",
        "https://img.particlenews.com/image.php?url=1Hd2iS_15GuHrbe00",
        "https://img.particlenews.com/image.php?url=0iuCRf_15GuHrbe00",
        "https://img.particlenews.com/image.php?url=2jfsc5_15GuHrbe00",
        "https://www.img.particlenews.com/image.php?url=2yyWBE_15GuHrbe00",
        "https://www.img.particlenews.com/image.php?url=0iuCRf_15GuHrbe00",
        "https://www.img.particlenews.com/image.php?type=thumbnail_580x000&url=00T92O_15GuHrbe00",
        "https://www.img.particlenews.com/image.php?url=2jfsc5_15GuHrbe00",
        "https://www.img.particlenews.com/image.php?url=3mD3i1_15GuHrbe00",
        "https://www.img.particlenews.com/image.php?type=thumbnail_580x000&url=1Hd2iS_15GuHrbe00",
        "https://img.particlenews.com/image.php",
        "https://www.img.particlenews.com/image.php?url=00T92O_15GuHrbe00",
        "https://www.img.particlenews.com/image.php?type=thumbnail_580x000&url=3mD3i1_15GuHrbe00",
        "https://www.img.particlenews.com/image.php?type=thumbnail_580x000&url=2yyWBE_15GuHrbe00",
        "https://www.img.particlenews.com/image.php?url=1Hd2iS_15GuHrbe00",
        "https://www.img.particlenews.com/image.php?type=thumbnail_580x000&url=3sQyhB_15GuHrbe00",
        "https://www.img.particlenews.com/image.php?type=thumbnail_580x000&url=3BuEms_15GuHrbe00",
        "https://www.img.particlenews.com/image.php?url=3sQyhB_15GuHrbe00",
        "https://www.img.particlenews.com/image.php?url=3BuEms_15GuHrbe00",
        "https://www.img.particlenews.com/image.php?type=thumbnail_580x000&url=0iuCRf_15GuHrbe00",
        "https://www.img.particlenews.com/image.php?type=thumbnail_580x000&url=2jfsc5_15GuHrbe00"
    ],
    "external_images": [],
    "internal_images": [],
    "entities": {
        "persons": [
            {
                "name": "Greta Thunberg",
                "sentiment": "none"
            }
        ],
        "locations": [
            {
                "name": "Gaza",
                "sentiment": "none"
            }
        ],
        "organizations": [
            {
                "name": "Reuters",
                "sentiment": "negative",
                "tickers": [
                    {
                        "ticker": "TRI",
                        "exchange": "NASDAQ"
                    }
                ]
            }
        ]
    },
    "syndication": {
        "syndicated": false,
        "syndicate_id": null,
        "first_syndicated": false
    },
    "trust": {
        "categories": [
            "fake_news"
        ],
        "top_news": [],
        "bias": "center",
        "source": {
            "type": null,
            "city": null,
            "state": null,
            "country": null,
            "domain_type": null,
            "agency": null,
            "organization_name": null
        }
    },
    "rating": null,
    "crawled": "2025-10-02T07:23:47.740+03:00",
    "updated": "2025-10-02T07:31:09.000+03:00"
}