{
    "thread": {
        "uuid": "c84f2185d8a4f060b5c954a6b3ea2949da46bf82",
        "url": "https://www.newsbreak.com/fox-43-524562/4268359879468-lieutenant-with-york-county-sheriff-s-office-wounded-in-shooting-thanks-community-for-support",
        "site_full": "www.newsbreak.com",
        "site": "newsbreak.com",
        "site_section": "https://www.newsbreak.com/fox-43-524562",
        "site_categories": [
            "under_construction"
        ],
        "section_title": "FOX 43&#x27;s Home Page | NewsBreak",
        "site_title": "NewsBreak: Local News &amp; Alerts",
        "title": "Lieutenant with York County Sheriff's Office wounded in shooting thanks community for support - NewsBreak",
        "title_full": "Lieutenant with York County Sheriff's Office wounded in shooting thanks community for support - NewsBreak",
        "published": "2025-10-02T05:48:00.000+03:00",
        "replies_count": 0,
        "participants_count": 1,
        "site_type": "news",
        "country": "US",
        "main_image": "https://img.particlenews.com/img/id/0bS1Ju_15Gu2JpY00",
        "performance_score": 0,
        "domain_rank": 3714,
        "domain_rank_updated": "2025-09-29T00:00:00.000+03:00",
        "licensing_agency": [],
        "social": {
            "facebook": {
                "likes": 0,
                "comments": 0,
                "shares": 0
            },
            "vk": {
                "shares": 0
            }
        }
    },
    "uuid": "c84f2185d8a4f060b5c954a6b3ea2949da46bf82",
    "url": "https://www.newsbreak.com/fox-43-524562/4268359879468-lieutenant-with-york-county-sheriff-s-office-wounded-in-shooting-thanks-community-for-support",
    "ord_in_thread": 0,
    "author": "FOX 43",
    "published": "2025-10-02T05:48:00.000+03:00",
    "title": "Lieutenant with York County Sheriff's Office wounded in shooting thanks community for support - NewsBreak",
    "text": "1 hours ago YORK COUNTY, Pa. — The Lieutenant with the York County Sheriff's Office who was wounded in the shooting that killed three officers last month gave thanks to the community for their support. On Facebook, Sheriff Lt. David Godfrey posted a heartfelt message thanking community members for the support they... Read full article\nRead in NewsBreak 1",
    "highlightText": "",
    "highlightTitle": "",
    "highlightThreadTitle": "",
    "language": "english",
    "sentiment": "positive",
    "categories": [
        "Human Interest",
        "Crime, Law and Justice",
        "Social Issue"
    ],
    "topics": [
        "Crime, Law and Justice->investigation (criminal)",
        "Crime, Law and Justice->shootings",
        "Crime, Law and Justice->law enforcement",
        "Social Issue->communities",
        "Social Issue->discrimination",
        "Social Issue->social services"
    ],
    "ai_allow": true,
    "has_canonical": false,
    "breaking": null,
    "webz_reporter": false,
    "external_links": [],
    "external_images": [],
    "internal_images": [],
    "entities": {
        "persons": [
            {
                "name": "David Godfrey",
                "sentiment": "none"
            }
        ],
        "locations": [],
        "organizations": [
            {
                "name": "York County Sheriff's Office",
                "sentiment": "neutral",
                "tickers": [
                    {
                        "ticker": null,
                        "exchange": null
                    }
                ]
            }
        ]
    },
    "syndication": {
        "syndicated": false,
        "syndicate_id": null,
        "first_syndicated": false
    },
    "trust": {
        "categories": [
            "fake_news"
        ],
        "top_news": [],
        "bias": "center",
        "source": {
            "type": null,
            "city": null,
            "state": null,
            "country": null,
            "domain_type": null,
            "agency": null,
            "organization_name": null
        }
    },
    "rating": null,
    "crawled": "2025-10-02T07:24:06.510+03:00",
    "updated": "2025-10-02T07:35:55.000+03:00"
}