{
    "thread": {
        "uuid": "00f0f26755bfbc33f5350185b799bc73535e510b",
        "url": "https://www.newsbreak.com/new-york-post-509648/4268347041416-paulson-adebo-past-disappointing-saints-end-as-he-embraces-giants-belief-in-him",
        "site_full": "www.newsbreak.com",
        "site": "newsbreak.com",
        "site_section": "https://local.newsbreak.com/new-york-post-509648",
        "site_categories": [
            "under_construction"
        ],
        "section_title": "New York Post&#x27;s Home Page | NewsBreak",
        "site_title": "NewsBreak: Local News &amp; Alerts",
        "title": "Paulson Adebo past disappointing Saints end as he embraces Giants belief in him - NewsBreak",
        "title_full": "Paulson Adebo past disappointing Saints end as he embraces Giants belief in him - NewsBreak",
        "published": "2025-10-02T01:25:00.000+03:00",
        "replies_count": 0,
        "participants_count": 1,
        "site_type": "news",
        "country": "US",
        "main_image": "https://img.particlenews.com/img/id/2g86un_15GtDzEx00",
        "performance_score": 0,
        "domain_rank": 3714,
        "domain_rank_updated": "2025-09-29T00:00:00.000+03:00",
        "licensing_agency": [],
        "social": {
            "facebook": {
                "likes": 0,
                "comments": 0,
                "shares": 0
            },
            "vk": {
                "shares": 0
            }
        }
    },
    "uuid": "00f0f26755bfbc33f5350185b799bc73535e510b",
    "url": "https://www.newsbreak.com/new-york-post-509648/4268347041416-paulson-adebo-past-disappointing-saints-end-as-he-embraces-giants-belief-in-him",
    "ord_in_thread": 0,
    "author": "Ryan Dunleavy",
    "published": "2025-10-02T01:25:00.000+03:00",
    "title": "Paulson Adebo past disappointing Saints end as he embraces Giants belief in him - NewsBreak",
    "text": "By Ryan Dunleavy ,\n5 hours ago\nPaulson Adebo’s Saints career ended sooner than expected.\nNot just because the Saints didn’t re-sign their 2021 third-round pick when he reached free agency in March, but also because his final season was cut short by a broken femur.\nAdebo is returning Sunday with the Giants to face the Saints on the Superdome turf where his career took a turn.\n“Just appreciation for the first four years of my career and the role that [the Saints] played in that first chapter, and then trying to continue this new chapter,” Adebo said. “The NFL is a business.”\nAdebo said the Saints and other teams had “an opportunity” to sign him before he inked a three-year, $54 million contract with the Giants.\nThe Giants had more conviction than other teams that Adebo would heal quickly from his season-ending injury and have been proven right so far.\nHe hasn’t so much as missed a practice while playing all 294 defensive snaps in four games.\nGiants’ level of Jaxson Dart happiness is nothing compared to what’s to come\n“I’m kind of past that,” Adebo said of his injury. “Definitely a stadium I played in a lot of times, so it will be unique to be out there. I’ll have family there, too, so it will be a fun time.”\nThe next challenge could be to shadow Chris Olave around the field or try to use his speed to stick with Rashid Shaheed, whose speed could cause headaches for Cor’Dale Flott, Deonte Banks and Dru Phillips as Spencer Rattler throws deep.\n“I went up against those guys every day in practice for a couple years — great receivers,” Adebo said. “Rattler, great arm talent. Can make all throws. Journey of a second-year quarterback still trying to fine-tune some things but definitely has a lot of potential.”\nDexter Lawrence, who is battling an illness, did not practice for the Giants on Oct. 1, 2025. Noah K. Murray / New York Post DT Dexter Lawrence II (illness), S Tyler Nubin (groin), RB Tyrone Tracy Jr. (shoulder) and RG Greg Van Roten (rest) did not practice.\nJaxson Dart carrying Saints ‘chip’ on his shoulder as new Giants reality takes hold\nS Dane Belton (shoulder), DT D.J. Davidson (foot), DL Chauncey Golston (ankle), S Jevon Holland (neck), C John Michael Schmitz Jr. (ankle) and DT Rakeem Nunez-Roches (foot) were limited.\nQB Jaxson Dart (hamstring), RB Cam Skattebo (knee) and QB Russell Wilson (ankle) were full participants.\nNo mention of LT Andrew Thomas in the injury report after he played his first full game (76 snaps).\nPenn State alum Abdul Carter was decked out in Oregon gear as he addressed reporters in the locker room.\nIt was his penalty doled out by Giants teammate Kayvon Thibodeaux — an Oregon alum — after the Ducks beat the Nittany Lions.\nCLICK HERE TO SIGN UP FOR OUR MORNING REPORT NEWSLETTER\n“That’s all good. We’re going to get it back at some point,” Carter said.\nAt some point this year? Like in the Big Ten Championship Game or College Football Playoff?\n“You never know,” Carter said. “We’ll see them in a playoff, so we’ll see what happens.\nThe noise in the Superdome is about as challenging as it gets for a rookie in his first career road start.\nThe Giants had crowd noise “blasting as loud as we can” during practice.\n“Calls, snap, there’s a million different things that come into play,” head coach Brian Daboll said. “You could hardly hear during the walk-through, and that’s what we do throughout the week.”\nFor the latest in sports, top headlines, breaking news and more, visit nypost.com/sports/",
    "highlightText": "",
    "highlightTitle": "",
    "highlightThreadTitle": "",
    "language": "english",
    "sentiment": "neutral",
    "categories": [
        "Sport",
        "Lifestyle and Leisure",
        "Human Interest"
    ],
    "topics": [
        "Sport->soccer",
        "Lifestyle and Leisure->game",
        "Lifestyle and Leisure->lifestyle"
    ],
    "ai_allow": true,
    "has_canonical": false,
    "breaking": null,
    "webz_reporter": false,
    "external_links": [
        "https://img.particlenews.com/image.php?type=thumbnail_580x000&url=2g86un_15GtDzEx00",
        "https://img.particlenews.com/image.php?url=2g86un_15GtDzEx00",
        "https://email.nypost.com/morning-report/?c=fmu5i4jfoewqjfci",
        "https://img.particlenews.com/image.php?type=thumbnail_580x000&url=0KUzba_15GtDzEx00",
        "https://nypost.com/sports/",
        "https://img.particlenews.com/image.php?url=0KUzba_15GtDzEx00",
        "https://nypost.com/2025/10/01/sports/giants-jaxson-dart-happiness-is-nothing-compared-to-whats-coming/",
        "https://nypost.com/2025/10/01/sports/giants-jaxson-dart-carrying-saints-chip-on-his-shoulder/",
        "https://www.youtube.com/embed/7vZpO8IF9R8?si=AqoiMcU5U_lz-SgV%3Frel%3D0&autoplay=1&mute=1&version=3&rel=1&showsearch=0&showinfo=1&iv_load_policy=1&fs=1&hl=en-US&autohide=2&wmode=transparent",
        "https://www.nypost.com/2025/10/01/sports/giants-jaxson-dart-carrying-saints-chip-on-his-shoulder/",
        "https://www.img.particlenews.com/image.php?url=2g86un_15GtDzEx00",
        "https://nypost.com/2025/10/01/sports/giants-jaxson-dart-carrying-saints-chip-on-his-shoulder",
        "https://youtube.com/embed/7vZpO8IF9R8?si=AqoiMcU5U_lz-SgV%3Frel%3D0&autoplay=1&mute=1&version=3&rel=1&showsearch=0&showinfo=1&iv_load_policy=1&fs=1&hl=en-US&autohide=2&wmode=transparent",
        "https://www.youtube.com/embed/7vZpO8IF9R8",
        "https://www.nypost.com/2025/10/01/sports/giants-jaxson-dart-happiness-is-nothing-compared-to-whats-coming/",
        "https://www.email.nypost.com/morning-report/?c=fmu5i4jfoewqjfci",
        "https://www.nypost.com/sports/",
        "https://img.particlenews.com/image.php",
        "https://www.img.particlenews.com/image.php?url=0KUzba_15GtDzEx00",
        "https://nypost.com/sports",
        "https://www.img.particlenews.com/image.php?type=thumbnail_580x000&url=0KUzba_15GtDzEx00",
        "https://email.nypost.com/morning-report/",
        "https://nypost.com/2025/10/01/sports/giants-jaxson-dart-happiness-is-nothing-compared-to-whats-coming",
        "https://www.img.particlenews.com/image.php?type=thumbnail_580x000&url=2g86un_15GtDzEx00"
    ],
    "external_images": [],
    "internal_images": [],
    "entities": {
        "persons": [
            {
                "name": "Paulson Adebo",
                "sentiment": "negative"
            },
            {
                "name": "Ryan Dunleavy",
                "sentiment": "neutral"
            },
            {
                "name": "Jaxson Dart",
                "sentiment": "none"
            }
        ],
        "locations": [],
        "organizations": [
            {
                "name": "Giants",
                "sentiment": "none",
                "tickers": [
                    {
                        "ticker": null,
                        "exchange": null
                    }
                ]
            },
            {
                "name": "NFL",
                "sentiment": "none",
                "tickers": [
                    {
                        "ticker": null,
                        "exchange": null
                    }
                ]
            }
        ]
    },
    "syndication": {
        "syndicated": false,
        "syndicate_id": null,
        "first_syndicated": false
    },
    "trust": {
        "categories": [
            "fake_news"
        ],
        "top_news": [],
        "bias": "center",
        "source": {
            "type": null,
            "city": null,
            "state": null,
            "country": null,
            "domain_type": null,
            "agency": null,
            "organization_name": null
        }
    },
    "rating": null,
    "crawled": "2025-10-02T07:24:50.400+03:00",
    "updated": "2025-10-02T07:30:13.000+03:00"
}