{
    "thread": {
        "uuid": "bf9a6a14a066a1cad0cb08fd51238426226a777d",
        "url": "https://www.newsbreak.com/morrison-county-record-1593292/4267684186480-cardinals-post-2-2-record-at-bertha-hewitt-tournament",
        "site_full": "www.newsbreak.com",
        "site": "newsbreak.com",
        "site_section": "https://www.newsbreak.com/morrison-county-record-1593292",
        "site_categories": [
            "under_construction"
        ],
        "section_title": "Morrison County Record&#x27;s Home Page | NewsBreak",
        "site_title": "NewsBreak: Local News &amp; Alerts",
        "title": "Cardinals post 2-2 record at Bertha-Hewitt tournament - NewsBreak",
        "title_full": "Cardinals post 2-2 record at Bertha-Hewitt tournament - NewsBreak",
        "published": "2025-10-01T16:40:00.000+03:00",
        "replies_count": 0,
        "participants_count": 1,
        "site_type": "news",
        "country": "US",
        "main_image": "",
        "performance_score": 0,
        "domain_rank": 3714,
        "domain_rank_updated": "2025-09-29T00:00:00.000+03:00",
        "licensing_agency": [],
        "social": {
            "facebook": {
                "likes": 0,
                "comments": 0,
                "shares": 0
            },
            "vk": {
                "shares": 0
            }
        }
    },
    "uuid": "bf9a6a14a066a1cad0cb08fd51238426226a777d",
    "url": "https://www.newsbreak.com/morrison-county-record-1593292/4267684186480-cardinals-post-2-2-record-at-bertha-hewitt-tournament",
    "ord_in_thread": 0,
    "author": "Brian Bowman",
    "published": "2025-10-01T16:40:00.000+03:00",
    "title": "Cardinals post 2-2 record at Bertha-Hewitt tournament - NewsBreak",
    "text": "By Brian Bowman ,\n14 hours ago The Upsala Cardinals finished with a 2-2 record at a Bertha-Hewitt tournament on Saturday, Sept. 22.\nIn pool play, Upsala was defeated 2-0 by Parkers Prairie and 2-0 by Renville County West.\nThe Cardinals then competed in the Bronze Bracket and won 2-0 over St. Cloud Apollo and Cass Lake.\nUpsala team stats from the tournament included serving 130/141, 10 aces, 56 kills, 115 digs, 21 ace blocks, and 48 set assists.\nIndividual stats were Zoey Leners (27 kills, 11 ace blocks), Alexa Pilarski (21 digs), Lydia Kokett (11 kills), Hannah Heesen (eight kills, 19 digs, serving 23/24, two aces), Genevieve Mrozek (four kills, six set assists), Sierra Bense (38 set assists), and Emily Ripplinger (five kills, 27 digs, serving 27/28, two aces).\nThursday, Sept. 25 saw Upsala lose 3-2 to the Long Prairie-Grey Eagle Thunder by scores of 25-20, 18-25, 21-25, 25-23, 10-15).\nUpsala teams stats included serving 86/98 nine aces, 52 kills, six ace blocks, 49 assists, and 112 digs.\nCardinals’ individual stats came from Pilarski (serving 11/11, 12 digs), Mrozek (three kills), Kokett (serving 20/21, seven kills, 31 digs), Isabel Klug (serving 5/6), Bense (35 set assists), Ripplinger (six kills, 22 digs), and Heesen (14 kills, 19 digs).\nThe Cardinals also lost 3-0 (16-25, 13-25, 17-25) to the Swanville Bulldogs on Tuesday, Sept. 30.\nUpsala hosted Osakis on Thursday, Oct. 2, but no score was available at press time.\nThe Cardinals will visit Browerville on Tuesday, Oct. 7. Game time is 7 p.m.",
    "highlightText": "",
    "highlightTitle": "",
    "highlightThreadTitle": "",
    "language": "english",
    "sentiment": "neutral",
    "categories": [
        "Sport",
        "Human Interest",
        "Lifestyle and Leisure"
    ],
    "topics": [
        "Sport->soccer",
        "Human Interest->record and achievement",
        "Lifestyle and Leisure->club and association",
        "Lifestyle and Leisure->game",
        "Lifestyle and Leisure->exercise and fitness"
    ],
    "ai_allow": true,
    "has_canonical": false,
    "breaking": null,
    "webz_reporter": false,
    "external_links": [
        "https://apg04.newzware.com/ss70v2/ecm/common/template.jsp?skin=svh&init=start&initEdition=MCR",
        "https://apg04.newzware.com/ss70v2/ecm/common/template.jsp",
        "https://www.apg04.newzware.com/ss70v2/ecm/common/template.jsp?skin=svh&init=start&initEdition=MCR"
    ],
    "external_images": [],
    "internal_images": [],
    "entities": {
        "persons": [
            {
                "name": "Brian Bowman",
                "sentiment": "neutral"
            },
            {
                "name": "Emily Ripplinger",
                "sentiment": "none"
            },
            {
                "name": "Genevieve Mrozek",
                "sentiment": "none"
            },
            {
                "name": "Alexa Pilarski",
                "sentiment": "none"
            },
            {
                "name": "Hannah Heesen",
                "sentiment": "none"
            },
            {
                "name": "Lydia Kokett",
                "sentiment": "none"
            },
            {
                "name": "Sierra Bense",
                "sentiment": "none"
            },
            {
                "name": "Zoey Leners",
                "sentiment": "none"
            }
        ],
        "locations": [],
        "organizations": [
            {
                "name": "Upsala Cardinals",
                "sentiment": "neutral",
                "tickers": []
            },
            {
                "name": "St. Cloud Apollo",
                "sentiment": "none",
                "tickers": []
            }
        ]
    },
    "syndication": {
        "syndicated": false,
        "syndicate_id": null,
        "first_syndicated": false
    },
    "trust": {
        "categories": [
            "fake_news"
        ],
        "top_news": [],
        "bias": "center",
        "source": {
            "type": null,
            "city": null,
            "state": null,
            "country": null,
            "domain_type": null,
            "agency": null,
            "organization_name": null
        }
    },
    "rating": null,
    "crawled": "2025-10-02T07:17:17.478+03:00",
    "updated": "2025-10-02T07:22:30.000+03:00"
}