{
    "thread": {
        "uuid": "3975d7be90835eeeb35943b9a0d4b484b708351a",
        "url": "https://news-odessa.ru/society/2025/07/17/70076.html",
        "site_full": "news-odessa.ru",
        "site": "news-odessa.ru",
        "site_section": "https://news-odessa.ru/rss/news",
        "site_categories": [],
        "section_title": "Лента новостей Одессы",
        "site_title": "Лента новостей Одессы",
        "title": "В порту Одессы заметили подозрительные суда",
        "title_full": "В порту Одессы заметили подозрительные суда",
        "published": "2025-07-17T07:09:00.000+03:00",
        "replies_count": 0,
        "participants_count": 1,
        "site_type": "news",
        "country": "RU",
        "main_image": "https://news-odessa.ru/img/20250717/137e7c81e9d24f76c42f794bdc8a1033_o.jpg",
        "performance_score": 0,
        "domain_rank": null,
        "domain_rank_updated": null,
        "licensing_agency": [],
        "social": {
            "facebook": {
                "likes": 0,
                "comments": 0,
                "shares": 0
            },
            "vk": {
                "shares": 0
            }
        }
    },
    "uuid": "3975d7be90835eeeb35943b9a0d4b484b708351a",
    "url": "https://news-odessa.ru/society/2025/07/17/70076.html",
    "ord_in_thread": 0,
    "author": "Lenta.ru",
    "published": "2025-07-17T07:09:00.000+03:00",
    "title": "В порту Одессы заметили подозрительные суда",
    "text": "В порту Одессы чаще стали появляться иностранные суда с грузами, имеющими характерные признаки военной помощи.\n«В последнее время участились заходы в порт иностранных судов с не самой прозрачной историей. Есть признаки, что груз содержит вооружения от союзников Киева», — рассказал представитель подполья.\nПо его словам, противникам действующей украинской власти предстоит убедиться, что грузы действительно военные. После этого координаты сухогрузов и складов будут переданы российской стороне. Он отметил, что вопрос «очень чувствительный», и поэтому подполье ждет подтверждения информации от нескольких независимых источников.\nРанее в пророссийском подполье рассказали, что иностранное оружие для Вооруженных сил Украины (ВСУ) поступает в страну через порт города Измаил на реке Днепр, перегружается в железнодорожные вагоны и доставляется через Николаевскую область под видом гражданских грузов. Грузополучателем нередко указывается Румыния вместо Украины.\nТрамп объявил о возобновлении поставок оружия Киеву\nНакануне президент США Дональд Трамп заявил, что первые поставки зенитно-ракетных комплексов (ЗРК) Patriot в рамках сделки с НАТО об оружии для Украины уже начались. Он пояснил, что ЗРК Украине поставляют из Германии, «а затем заменяются Германией».\nОднако впоследствии начальник пресс-службы аппарата управления и заместитель пресс-секретаря Министерства обороны ФРГ Митко Мюллер опроверг это утверждение. Чиновник уточнил, что «процесс согласования в рамках сделки с США и НАТО пока продолжается».\nTelegram-канал «Военная хроника» высказал мнение, что новый пакет помощи США для нужд ВСУ является скорее символическим жестом, учитывая предыдущие объемы поставок. «На фоне предыдущих пакетов помощи объемами от 800 миллионов до 2,5 миллиарда, новый пакет в 300 миллионов это скорее символический жест, чем реальная попытка решить проблемы ВСУ», — указано в сообщении. Отмечается, что данной суммы не хватит для быстрого, массового и качественного восполнения украинских потерь в бронетехнике, а для значимого эффекта суммы по поставкам должны увеличиваться минимум втрое.\nФинский военный эксперт Эмиль Кастехельмен заявил, что решение США поставлять в основном оборонительное оружие на Украину может уже к зиме вызвать нехватку боеприпасов у ВСУ. По его словам, Соединенные Штаты продолжат поставки оружия и будут использовать средства, выделенные на военную помощь Киеву в течение лета и осени, однако к зиме возникнут трудности с новыми поставками.\nТрамп решил вооружать Украину за деньги Европы\nРанее Трамп рассказал о договоренности продавать американское оружие европейским союзникам, которые смогут передавать его на Украину. Координацией будет заниматься НАТО и постпред США при альянсе Мэттью Уитакер.\nМы, США, не будем делать какие-либо платежи. Мы не будем покупать это оружие, но будем производить его, а они будут за него платить\nДональд Трамппрезидент СШАВыяснилось, что европейцы пришли в замешательство от плана Трампа. В частности, высокопоставленный дипломатический источник рассказал, что власти двух стран только в последний момент узнали об участии в инициативе США по вооружению Украины по линии НАТО. «У меня сложилось четкое ощущение, что заранее никто не был проинформирован о точных деталях, и я также подозреваю, что в администрации только сейчас начинают понимать, что это означает на практике», — сказал он.\nВерховный представитель Евросоюза по иностранным делам и политике безопасности Кая Каллас заявила, что ЕС приветствует готовность Трампа отправить оружие на Украину, но хочет, чтобы Вашингтон внес свой вклад в финансирование помощи.\nЕсли вы обещаете предоставить оружие, но говорите, что за него заплатит кто-то другой, это ведь не вы его на самом деле предоставили, верно?\nКая Калласглава ЕвродипломатииОфициальный представитель МИД России Мария Захарова ответила Каллас. «Неужели Кая начала о чем-то догадываться? Давайте поможем: это как если тебе сказали заплатить за еду, а ест другой и потом умирает. Верно?» — резюмировала дипломат.",
    "highlightText": "",
    "highlightTitle": "",
    "highlightThreadTitle": "",
    "language": "russian",
    "sentiment": null,
    "categories": null,
    "topics": null,
    "ai_allow": true,
    "has_canonical": false,
    "breaking": false,
    "webz_reporter": false,
    "external_links": [],
    "entities": {
        "persons": [],
        "locations": [],
        "organizations": []
    },
    "syndication": {
        "syndicated": null,
        "syndicate_id": null,
        "first_syndicated": false
    },
    "trust": {
        "categories": [
            "fake_news"
        ],
        "top_news": [],
        "bias": null,
        "source": {
            "type": null,
            "city": null,
            "state": null,
            "country": null,
            "domain_type": null,
            "agency": null,
            "organization_name": null
        }
    },
    "rating": null,
    "crawled": "2025-07-17T07:27:08.736+03:00",
    "updated": "2025-07-17T07:27:08.736+03:00"
}