{
    "thread": {
        "uuid": "c2d3c12efb62f30f854bba7170676cc7adee8360",
        "url": "https://www.newsbreak.com/kiss-country-93-7-520832/4113097683389-this-country-coached-show-snubbed-by-emmys-after-12-straight-nods",
        "site_full": "www.newsbreak.com",
        "site": "newsbreak.com",
        "site_section": "https://www.newsbreak.com/kiss-country-93-7-520832",
        "site_categories": [
            "under_construction",
            "non_standard_content"
        ],
        "section_title": "Kiss Country 93.7&#x27;s Home Page | NewsBreak",
        "site_title": "NewsBreak: Local News &amp; Alerts",
        "title": "This Country-Coached Show Snubbed by Emmys After 12 Straight Nods - NewsBreak",
        "title_full": "This Country-Coached Show Snubbed by Emmys After 12 Straight Nods - NewsBreak",
        "published": "2025-07-17T03:56:00.000+03:00",
        "replies_count": 0,
        "participants_count": 1,
        "site_type": "news",
        "country": "US",
        "main_image": "https://img.particlenews.com/img/id/1FysB5_12nRzGji00",
        "performance_score": 0,
        "domain_rank": 3213,
        "domain_rank_updated": "2025-06-03T00:00:00.000+03:00",
        "licensing_agency": [],
        "social": {
            "facebook": {
                "likes": 0,
                "comments": 0,
                "shares": 0
            },
            "vk": {
                "shares": 0
            }
        }
    },
    "uuid": "c2d3c12efb62f30f854bba7170676cc7adee8360",
    "url": "https://www.newsbreak.com/kiss-country-93-7-520832/4113097683389-this-country-coached-show-snubbed-by-emmys-after-12-straight-nods",
    "ord_in_thread": 0,
    "author": "Donny Meacham",
    "published": "2025-07-17T03:56:00.000+03:00",
    "title": "This Country-Coached Show Snubbed by Emmys After 12 Straight Nods - NewsBreak",
    "text": "This Country-Coached Show Snubbed by Emmys After 12 Straight Nods\nBy Donny Meacham,\n3 hours agoThe 2025 Emmys are going to be a little less country. For the first time since 2012, The Voice didn’t earn a nomination — and yes, it happened the same year a country superstar sat in a red chair. The long-running NBC singing competition was left off the...",
    "highlightText": "",
    "highlightTitle": "",
    "highlightThreadTitle": "",
    "language": "english",
    "sentiment": "negative",
    "categories": [
        "Arts, Culture and Entertainment"
    ],
    "topics": [
        "Arts, Culture and Entertainment->television",
        "Arts, Culture and Entertainment->arts and entertainment"
    ],
    "ai_allow": true,
    "has_canonical": false,
    "breaking": null,
    "webz_reporter": false,
    "external_links": [],
    "entities": {
        "persons": [
            {
                "name": "Donny Meacham",
                "sentiment": "negative"
            }
        ],
        "locations": [],
        "organizations": [
            {
                "name": "NBC",
                "sentiment": "none",
                "tickers": [
                    {
                        "ticker": "NBC",
                        "exchange": "FRA"
                    }
                ]
            }
        ]
    },
    "syndication": {
        "syndicated": false,
        "syndicate_id": null,
        "first_syndicated": false
    },
    "trust": {
        "categories": [
            "fake_news"
        ],
        "top_news": [],
        "bias": "center",
        "source": {
            "type": null,
            "city": null,
            "state": null,
            "country": null,
            "domain_type": null,
            "agency": null,
            "organization_name": null
        }
    },
    "rating": null,
    "crawled": "2025-07-17T07:20:57.748+03:00",
    "updated": "2025-07-17T04:25:11.000+00:00"
}