{
    "thread": {
        "uuid": "15351f90bb9045e153ac5ffe553297b4cabcc107",
        "url": "https://economyfr.com/sciences/une-technologie-a-ete-creee-pour-lextrait-deau-et-doxygene-du-sol-lunaire",
        "site_full": "economyfr.com",
        "site": "economyfr.com",
        "site_section": "https://www.economyfr.com",
        "site_categories": [],
        "section_title": "Économie française en ligne",
        "site_title": "Économie française en ligne",
        "title": "Une technologie a été créée pour l'extrait d'eau et d'oxygène du sol lunaire",
        "title_full": "Une technologie a été créée pour l'extrait d'eau et d'oxygène du sol lunaire",
        "published": "2025-07-17T05:38:00.000+03:00",
        "replies_count": 0,
        "participants_count": 1,
        "site_type": "news",
        "country": "",
        "main_image": "",
        "performance_score": 0,
        "domain_rank": null,
        "domain_rank_updated": null,
        "licensing_agency": [],
        "social": {
            "facebook": {
                "likes": 0,
                "comments": 0,
                "shares": 0
            },
            "vk": {
                "shares": 0
            }
        }
    },
    "uuid": "15351f90bb9045e153ac5ffe553297b4cabcc107",
    "url": "https://economyfr.com/sciences/une-technologie-a-ete-creee-pour-lextrait-deau-et-doxygene-du-sol-lunaire",
    "ord_in_thread": 0,
    "author": "Sophia",
    "published": "2025-07-17T05:38:00.000+03:00",
    "title": "Une technologie a été créée pour l'extrait d'eau et d'oxygène du sol lunaire",
    "text": "Les chercheurs chinois ont développé un cadre qui vous permet d'extraire de l'eau du sol de la lune et de l'utiliser pour extraire l'oxygène du dioxyde de carbone et produire du carburant de fusée, et tester avec succès ses travaux sur les échantillons de sol qui sont déplacés sur Terre par la mission Chan 5. La description de ses résultats de technologie et de vérification a été présentée dans un article dans un article du magazine Joule Science.\nNous avons été surpris par le fait que l'approche intégrée pour l'exploitation de l'eau et la division de CO2 que nous avons développées pour être très réussie. La combinaison de ces technologies augmentera considérablement l'efficacité énergétique de l'infrastructure des futures installations de lune et réduira considérablement le coût et la complexité des composants chinois. Service de journalisme du magazine.\nSelon les chercheurs, la technologie est développée par eux pour résoudre l'un des problèmes les plus importants qui entravent la colonisation de la Lune et construisent des établissements permanents sur son territoire – pour prévoir les futures colonies, l'oxygène et l'eau. Selon l'estimation actuelle des scientifiques, la livraison de 1 kg de ces matériaux à la Lune coûtera environ 20 000 $, tandis que environ deux douzaines de litres de liquide ont besoin de garantir la durée de vie d'une personne dans l'espace.\nRécemment, des scientifiques chinois ont découvert que la terre lunaire a été déplacée sur la Terre par la tâche de Chan-5 contenant de nombreux ions hydrogène tombant dans la terre de la lune avec le problème du vent solaire. Cela les a motivés à savoir que ces particules peuvent être utilisées pour obtenir une grande quantité d'eau avec une consommation d'énergie minimale. Pour résoudre ce problème, les chimistes ont créé un ensemble de chauffage du sol à 120 à 430 degrés Celsius en concentrant la lumière du soleil.\nCe chauffage conduit au lancement de la série de réactions, conduisant à la libération d'une grande quantité d'eau chaude dans l'environnement. Cette vapeur, comme les chercheurs l'ont découvert, peuvent être obligées d'interagir activement avec les molécules de CO2 en présence de certaines pierres de lune, conduisant à la formation d'oxygène, d'hydrogène et de monoxyde de carbone, puis se transformer en carburants missiles.\nLes chercheurs ont réussi à vérifier les travaux de cette technologie à la fois sur les échantillons de terrain avec « Chan-5 » et leurs similitudes, créés à partir d'un ensemble minéral similaire dans le laboratoire terrestre. Comme l'espérent les scientifiques, les paramètres qu'ils créent et leurs versions plus avancées permettront à la lune de transformer la lune en un type d'espace qui fournit une installation d'exploration à long terme en espace à long terme et dans d'autres planètes du système solaire.",
    "highlightText": "",
    "highlightTitle": "",
    "highlightThreadTitle": "",
    "language": "french",
    "sentiment": null,
    "categories": null,
    "topics": null,
    "ai_allow": true,
    "has_canonical": false,
    "breaking": null,
    "webz_reporter": false,
    "external_links": [
        "https://ru.updatenews.info/wp-content/uploads/2025/07/Mot-cong-nghe-da-duoc-tao-ra-de-chiet-xuat.jpeg",
        "https://www.ru.updatenews.info/wp-content/uploads/2025/07/Mot-cong-nghe-da-duoc-tao-ra-de-chiet-xuat.jpeg"
    ],
    "entities": {
        "persons": [],
        "locations": [],
        "organizations": []
    },
    "syndication": {
        "syndicated": null,
        "syndicate_id": null,
        "first_syndicated": false
    },
    "trust": {
        "categories": [
            "fake_news"
        ],
        "top_news": [],
        "bias": null,
        "source": {
            "type": null,
            "city": null,
            "state": null,
            "country": null,
            "domain_type": null,
            "agency": null,
            "organization_name": null
        }
    },
    "rating": null,
    "crawled": "2025-07-17T07:16:12.805+03:00",
    "updated": "2025-07-17T07:16:12.805+03:00"
}