{
    "thread": {
        "uuid": "4dab0763b3ecf538fe6ca98cc30d4cca06c7f0d0",
        "url": "https://novosibirsk-news.net/incident/2025/07/17/343058.html",
        "site_full": "novosibirsk-news.net",
        "site": "novosibirsk-news.net",
        "site_section": "https://novosibirsk-news.net/rss/news",
        "site_categories": [
            "media"
        ],
        "section_title": "Лента новостей Новосибирска",
        "site_title": "Лента новостей Новосибирска",
        "title": "Прокуратура контролирует ход и результаты расследования уголовного дела, возбужденного по факту ДТП, в результате которого погибли 7 человек и пострадал малолетний ребенок",
        "title_full": "Прокуратура контролирует ход и результаты расследования уголовного дела, возбужденного по факту ДТП, в результате которого погибли 7 человек и пострадал малолетний ребенок",
        "published": "2025-07-17T07:01:00.000+03:00",
        "replies_count": 0,
        "participants_count": 1,
        "site_type": "news",
        "country": "RU",
        "main_image": "https://novosibirsk-news.net/img/20250717/1c833131d817bad7c94f1493df4f7123.jpg",
        "performance_score": 0,
        "domain_rank": 435403,
        "domain_rank_updated": "2025-06-03T00:00:00.000+03:00",
        "licensing_agency": [],
        "social": {
            "facebook": {
                "likes": 0,
                "comments": 0,
                "shares": 0
            },
            "vk": {
                "shares": 0
            }
        }
    },
    "uuid": "4dab0763b3ecf538fe6ca98cc30d4cca06c7f0d0",
    "url": "https://novosibirsk-news.net/incident/2025/07/17/343058.html",
    "ord_in_thread": 0,
    "author": "Прокуратура Новосибирская область",
    "published": "2025-07-17T07:01:00.000+03:00",
    "title": "Прокуратура контролирует ход и результаты расследования уголовного дела, возбужденного по факту ДТП, в результате которого погибли 7 человек и пострадал малолетний ребенок",
    "text": "Ордынским межрайонным СО СУ СК России по Новосибирской области возбуждено уголовное дело по ч. 5 ст. 264 УК РФ (нарушение правил дорожного движения, повлекшее по неосторожности смерть двух и более лиц).\nХод и результаты расследования уголовного дела на контроле в прокуратуре.",
    "highlightText": "",
    "highlightTitle": "",
    "highlightThreadTitle": "",
    "language": "russian",
    "sentiment": null,
    "categories": null,
    "topics": null,
    "ai_allow": true,
    "has_canonical": false,
    "breaking": false,
    "webz_reporter": false,
    "external_links": [],
    "entities": {
        "persons": [],
        "locations": [],
        "organizations": []
    },
    "syndication": {
        "syndicated": null,
        "syndicate_id": null,
        "first_syndicated": false
    },
    "trust": {
        "categories": [
            "fake_news"
        ],
        "top_news": [],
        "bias": null,
        "source": {
            "type": null,
            "city": null,
            "state": null,
            "country": null,
            "domain_type": null,
            "agency": null,
            "organization_name": null
        }
    },
    "rating": null,
    "crawled": "2025-07-17T07:26:36.950+03:00",
    "updated": "2025-07-17T07:26:36.950+03:00"
}