{
    "thread": {
        "uuid": "b01b6ca2c8b3bb882eb4e18978db4d37bab82c9a",
        "url": "https://www.newsbreak.com/usa-today-560565/4113370542494-shane-gillis-roasts-shedeur-sanders-over-colorado-jersey-number-retirement-during-espys",
        "site_full": "www.newsbreak.com",
        "site": "newsbreak.com",
        "site_section": "https://www.newsbreak.com/usa-today-560565",
        "site_categories": [
            "under_construction",
            "non_standard_content"
        ],
        "section_title": "USA TODAY&#x27;s Home Page | NewsBreak",
        "site_title": "NewsBreak: Local News &amp; Alerts",
        "title": "Shane Gillis roasts Shedeur Sanders over Colorado jersey number retirement during ESPYS - NewsBreak",
        "title_full": "Shane Gillis roasts Shedeur Sanders over Colorado jersey number retirement during ESPYS - NewsBreak",
        "published": "2025-07-17T07:07:00.000+03:00",
        "replies_count": 0,
        "participants_count": 0,
        "site_type": "news",
        "country": "US",
        "main_image": "https://img.particlenews.com/img/id/0v80gS_12njIVIc00",
        "performance_score": 0,
        "domain_rank": 3213,
        "domain_rank_updated": "2025-06-03T00:00:00.000+03:00",
        "licensing_agency": [],
        "social": {
            "facebook": {
                "likes": 0,
                "comments": 0,
                "shares": 0
            },
            "vk": {
                "shares": 0
            }
        }
    },
    "uuid": "b01b6ca2c8b3bb882eb4e18978db4d37bab82c9a",
    "url": "https://www.newsbreak.com/usa-today-560565/4113370542494-shane-gillis-roasts-shedeur-sanders-over-colorado-jersey-number-retirement-during-espys",
    "ord_in_thread": 0,
    "author": null,
    "published": "2025-07-17T07:07:00.000+03:00",
    "title": "Shane Gillis roasts Shedeur Sanders over Colorado jersey number retirement during ESPYS - NewsBreak",
    "text": "Comedian Shane Gillis roasted quarterback Shedeur Sanders and his father Deion Wednesday with a joke about the controversial decision to retire Shedeur’s No. 2 at Colorado after two seasons in Boulder. Gillis made the remarks while hosting the ESPYS in Los Angeles on Wednesday, July 16 , when he made fun of many sports celebrities and topics. “Shedeur Sanders had his jersey number retired at Colorado this year, and people are saying it’s because of nepotism, because of his father, and it’s not” Gillis said. “It’s because he went 13-12 over his career, and he almost won the Alamo Bowl. Definitely not nepotism, right?” The joke drew a muted response from the audience, with Baltimore Ravens quarterback Lamar Jackson shown on ESPN looking down and smiling. Shedeur Sanders, now with the Cleveland Browns , actually went 13-11 as starting quarterback at Colorado across the 2023 and 2024 seasons while playing for his father Deion, Colorado’s head coach. But he is considered possibly the best quarterback in school history after breaking over 100 school records and reviving a program that went 1-11 in 2022, the season before he arrived. The decision to retire his jersey number still was controversial, partly because it came less than four months after his last college game in the Alamo Bowl against BYU, which he lost, 36-14 . The decision also seemed to overlook other all-time Colorado greats, especially former Colorado quarterback Darian Hagan , who led Colorado to the national championship in 1990 and had a 28-5-2 record as QB. By contrast, Hagan’s jersey number never was retired by Colorado. The university said the decision to retire a player’s jersey number is at the discretion of the athletic department administration and current head coach. In April, the university announced the decision to retire the jersey numbers of Sanders and his teammate Travis Hunter, the Heisman Trophy winner. Before them, only four jersey numbers had been retired in CU’s 135-year football history and none since 2017. Follow reporter Brent Schrotenboer @Schrotenboer . Email: bschrotenb@usatoday.com This article originally appeared on USA TODAY: Shane Gillis roasts Shedeur Sanders over Colorado jersey number retirement during ESPYS",
    "highlightText": "",
    "highlightTitle": "",
    "highlightThreadTitle": "",
    "language": "english",
    "sentiment": "neutral",
    "categories": [
        "Arts, Culture and Entertainment",
        "Human Interest",
        "Social Issue"
    ],
    "topics": [
        "Arts, Culture and Entertainment->culture",
        "Arts, Culture and Entertainment->mass media",
        "Arts, Culture and Entertainment->news media",
        "Human Interest->celebrity",
        "Social Issue->social condition",
        "Social Issue->social networking",
        "Social Issue->teenagers"
    ],
    "ai_allow": true,
    "has_canonical": true,
    "breaking": false,
    "webz_reporter": false,
    "external_links": [
        "https://img.particlenews.com/image.php?type=thumbnail_580x000&url=0v80gS_12njIVIc00",
        "https://sportsdata.usatoday.com/football/nfl/teams/cleveland-browns/329",
        "https://www.usatoday.com/story/sports/ncaaf/2025/04/30/shedeur-sanders-travis-hunter-colorado-number-retirement-darian-hagan/83337892007/",
        "https://www.usatoday.com/story/sports/ncaaf/2025/04/14/travis-hunter-shedeur-sanders-colorado-jersey-numbers-retired-deoin-sanders/83090706007/",
        "https://x.com/CFBKings/status/1945670069247156735",
        "https://www.usatoday.com/story/sports/ncaaf/big12/2024/12/29/deion-sanders-colorado-byu-travis-hunter-shedeur-sanders-last-game/77296009007/",
        "https://sportsdata.usatoday.com/football/ncaaf/teams/colorado-buffaloes/3424/",
        "https://www.usatoday.com/story/sports/ncaaf/2025/07/17/shane-gillis-shedeur-deion-sanders-jersey-number-retirement/85252696007/",
        "https://sportsdata.usatoday.com/football/nfl/teams/baltimore-ravens/366",
        "https://img.particlenews.com/image.php?url=0v80gS_12njIVIc00",
        "https://bsky.app/profile/schrotenboer.bsky.social",
        "https://www.usatoday.com/story/sports/2025/07/16/2025-espys-live-updates-award-winners-highlights/85200457007/",
        "https://usatoday.com/story/sports/ncaaf/2025/04/14/travis-hunter-shedeur-sanders-colorado-jersey-numbers-retired-deoin-sanders/83090706007/",
        "https://usatoday.com/story/sports/ncaaf/2025/04/30/shedeur-sanders-travis-hunter-colorado-number-retirement-darian-hagan/83337892007/",
        "https://usatoday.com/story/sports/2025/07/16/2025-espys-live-updates-award-winners-highlights/85200457007/",
        "https://www.sportsdata.usatoday.com/football/nfl/teams/baltimore-ravens/366",
        "https://sportsdata.usatoday.com/football/ncaaf/teams/colorado-buffaloes/3424",
        "https://www.img.particlenews.com/image.php?type=thumbnail_580x000&url=0v80gS_12njIVIc00",
        "https://www.usatoday.com/story/sports/ncaaf/big12/2024/12/29/deion-sanders-colorado-byu-travis-hunter-shedeur-sanders-last-game/77296009007",
        "https://www.usatoday.com/story/sports/2025/07/16/2025-espys-live-updates-award-winners-highlights/85200457007",
        "https://img.particlenews.com/image.php",
        "https://usatoday.com/story/sports/ncaaf/2025/07/17/shane-gillis-shedeur-deion-sanders-jersey-number-retirement/85252696007/",
        "https://www.x.com/CFBKings/status/1945670069247156735",
        "https://usatoday.com/story/sports/ncaaf/big12/2024/12/29/deion-sanders-colorado-byu-travis-hunter-shedeur-sanders-last-game/77296009007/",
        "https://www.sportsdata.usatoday.com/football/nfl/teams/cleveland-browns/329",
        "https://www.usatoday.com/story/sports/ncaaf/2025/04/14/travis-hunter-shedeur-sanders-colorado-jersey-numbers-retired-deoin-sanders/83090706007",
        "https://www.sportsdata.usatoday.com/football/ncaaf/teams/colorado-buffaloes/3424/",
        "https://www.bsky.app/profile/schrotenboer.bsky.social",
        "https://www.img.particlenews.com/image.php?url=0v80gS_12njIVIc00",
        "https://www.usatoday.com/story/sports/ncaaf/2025/04/30/shedeur-sanders-travis-hunter-colorado-number-retirement-darian-hagan/83337892007",
        "https://www.usatoday.com/story/sports/ncaaf/2025/07/17/shane-gillis-shedeur-deion-sanders-jersey-number-retirement/85252696007"
    ],
    "entities": {
        "persons": [
            {
                "name": "Shane Gillis",
                "sentiment": "negative"
            },
            {
                "name": "Shedeur Sanders",
                "sentiment": "negative"
            },
            {
                "name": "Lamar Jackson",
                "sentiment": "none"
            },
            {
                "name": "Deion",
                "sentiment": "none"
            }
        ],
        "locations": [],
        "organizations": [
            {
                "name": "Baltimore Ravens",
                "sentiment": "none",
                "tickers": []
            },
            {
                "name": "Cleveland Browns",
                "sentiment": "none",
                "tickers": []
            },
            {
                "name": "ESPYS",
                "sentiment": "none",
                "tickers": []
            },
            {
                "name": "ESPN",
                "sentiment": "none",
                "tickers": [
                    {
                        "ticker": "ESPN",
                        "exchange": "CVE"
                    }
                ]
            }
        ]
    },
    "syndication": {
        "syndicated": false,
        "syndicate_id": null,
        "first_syndicated": false
    },
    "trust": {
        "categories": [
            "fake_news"
        ],
        "top_news": [],
        "bias": "center",
        "source": {
            "type": null,
            "city": null,
            "state": null,
            "country": null,
            "domain_type": null,
            "agency": null,
            "organization_name": null
        }
    },
    "rating": null,
    "crawled": "2025-07-17T07:20:38.624+03:00",
    "updated": "2025-07-17T04:23:29.000+00:00"
}