{
    "thread": {
        "uuid": "6af004412be117e195a73611955730f445d98731",
        "url": "https://entertainment.whatfinger.com/rosie-odonnells-weight-loss-transformation-in-red-carpet-photo-e-news/",
        "site_full": "entertainment.whatfinger.com",
        "site": "whatfinger.com",
        "site_section": "https://entertainment.whatfinger.com",
        "site_categories": [],
        "section_title": "Entertainment News 24/7 Updates &#8211; Entertainment direct from all sources",
        "site_title": "Whatfinger News® &#8211; The Conservative Drudge Report Alternative",
        "title": "Rosie O'Donnell's Weight Loss Transformation in Red Carpet Photo | E! News",
        "title_full": "Rosie O'Donnell's Weight Loss Transformation in Red Carpet Photo | E! News",
        "published": "2025-07-24T05:00:00.000+03:00",
        "replies_count": 0,
        "participants_count": 1,
        "site_type": "news",
        "country": "US",
        "main_image": "",
        "performance_score": 0,
        "domain_rank": 129702,
        "domain_rank_updated": "2025-06-03T00:00:00.000+03:00",
        "licensing_agency": [],
        "social": {
            "facebook": {
                "likes": 0,
                "comments": 0,
                "shares": 0
            },
            "vk": {
                "shares": 0
            }
        }
    },
    "uuid": "6af004412be117e195a73611955730f445d98731",
    "url": "https://entertainment.whatfinger.com/rosie-odonnells-weight-loss-transformation-in-red-carpet-photo-e-news/",
    "ord_in_thread": 0,
    "author": "Michael",
    "published": "2025-07-24T05:00:00.000+03:00",
    "title": "Rosie O'Donnell's Weight Loss Transformation in Red Carpet Photo | E! News",
    "text": "Rosie O’Donnell turned heads at the July 22 premiere of ‘Burlesque: The Musical’ in London by showing off her weight loss transformation while walking the red carpet.\nFull Story: https://www.eonline.com/news/1419301/rosie-odonnell-slams-jeff-bezos-lauren-sanchez-wedding?query=rosie%20o%27d\n#enews #rosieodonnell #weightloss\nAbout:\nThe E! News team brings you the latest breaking entertainment, fashion and Pop Culture news. Featuring exclusive segments, celebrity highlights, trend reports and more, the E! News channel is the only destination Pop Culture fans need to stay in the know. Subscribe here: http://bit.ly/enewssub\nConnect:\nFor More News – https://eonline.us/3MASskW\nE! News App – https://eonline.onelink.me/yMtl/4ead5017\nShopping – https://eonline.com/news/shop\nFacebook – https://www.facebook.com/enews/\nInstagram – https://www.instagram.com/enews/\nX – https://x.com/enews/\nTikTok – https://tiktok.com/@enews",
    "highlightText": "",
    "highlightTitle": "",
    "highlightThreadTitle": "",
    "language": "english",
    "sentiment": "positive",
    "categories": [
        "Arts, Culture and Entertainment"
    ],
    "topics": [
        "Arts, Culture and Entertainment->art exhibition",
        "Arts, Culture and Entertainment->theatre",
        "Arts, Culture and Entertainment->culture"
    ],
    "ai_allow": true,
    "has_canonical": false,
    "breaking": null,
    "webz_reporter": false,
    "external_links": [],
    "external_images": [],
    "internal_images": [],
    "entities": {
        "persons": [
            {
                "name": "Rosie O'Donnell",
                "sentiment": "none"
            },
            {
                "name": "Rosie O’Donnell",
                "sentiment": "none"
            }
        ],
        "locations": [],
        "organizations": []
    },
    "syndication": {
        "syndicated": false,
        "syndicate_id": "6af004412be117e195a73611955730f445d98731",
        "first_syndicated": true
    },
    "trust": {
        "categories": [
            "fake_news"
        ],
        "top_news": [],
        "bias": "right",
        "source": {
            "type": null,
            "city": null,
            "state": null,
            "country": null,
            "domain_type": null,
            "agency": null,
            "organization_name": null
        }
    },
    "rating": null,
    "crawled": "2025-07-24T07:18:06.967+03:00",
    "updated": "2025-07-24T07:20:27.000+03:00"
}