{
    "thread": {
        "uuid": "103c6d6fcdde2dcba57283f36d3c4655013dd730",
        "url": "https://www.newsbreak.com/news/4128875752079-what-a-moment-for-one-bangor-couple-at-the-shania-twain-concert",
        "site_full": "www.newsbreak.com",
        "site": "newsbreak.com",
        "site_section": "https://www.newsbreak.com/orono-me",
        "site_categories": [
            "under_construction"
        ],
        "section_title": "Orono, ME Local News and More | NewsBreak",
        "site_title": "NewsBreak: Local News &amp; Alerts",
        "title": "What a 'moment' for one Bangor couple at the Shania Twain concert - NewsBreak",
        "title_full": "What a 'moment' for one Bangor couple at the Shania Twain concert - NewsBreak",
        "published": "2025-07-24T01:38:00.000+03:00",
        "replies_count": 0,
        "participants_count": 1,
        "site_type": "news",
        "country": "US",
        "main_image": "https://img.particlenews.com/img/id/0nJpz3_132LZggT00",
        "performance_score": 0,
        "domain_rank": 3213,
        "domain_rank_updated": "2025-06-03T00:00:00.000+03:00",
        "licensing_agency": [],
        "social": {
            "facebook": {
                "likes": 0,
                "comments": 0,
                "shares": 0
            },
            "vk": {
                "shares": 0
            }
        }
    },
    "uuid": "103c6d6fcdde2dcba57283f36d3c4655013dd730",
    "url": "https://www.newsbreak.com/news/4128875752079-what-a-moment-for-one-bangor-couple-at-the-shania-twain-concert",
    "ord_in_thread": 0,
    "author": "Morgan Sturdivant",
    "published": "2025-07-24T01:38:00.000+03:00",
    "title": "What a 'moment' for one Bangor couple at the Shania Twain concert - NewsBreak",
    "text": "What a ‘moment’ for one Bangor couple at the Shania Twain concert - NewsBreak",
    "highlightText": "",
    "highlightTitle": "",
    "highlightThreadTitle": "",
    "language": "english",
    "sentiment": "positive",
    "categories": [
        "Arts, Culture and Entertainment",
        "Human Interest",
        "Social Issue"
    ],
    "topics": [
        "Arts, Culture and Entertainment->festival",
        "Arts, Culture and Entertainment->arts and entertainment",
        "Arts, Culture and Entertainment->music",
        "Human Interest->celebrity",
        "Social Issue->social networking",
        "Social Issue->dating and relationships",
        "Social Issue->communities"
    ],
    "ai_allow": true,
    "has_canonical": false,
    "breaking": null,
    "webz_reporter": false,
    "external_links": [],
    "external_images": [],
    "internal_images": [],
    "entities": {
        "persons": [
            {
                "name": "Rachel",
                "sentiment": "none"
            },
            {
                "name": "Brad",
                "sentiment": "none"
            }
        ],
        "locations": [],
        "organizations": []
    },
    "syndication": {
        "syndicated": false,
        "syndicate_id": null,
        "first_syndicated": false
    },
    "trust": {
        "categories": [
            "fake_news"
        ],
        "top_news": [],
        "bias": "center",
        "source": {
            "type": null,
            "city": null,
            "state": null,
            "country": null,
            "domain_type": null,
            "agency": null,
            "organization_name": null
        }
    },
    "rating": null,
    "crawled": "2025-07-24T07:19:51.437+03:00",
    "updated": "2025-07-24T15:48:20.087+03:00"
}