{
    "thread": {
        "uuid": "cb13f71188be0c13c4e1840786f2eb75225fd389",
        "url": "http://business.dailytimesleader.com/dailytimesleader/article/stockstory-2025-7-24-centene-cnc-reports-earnings-tomorrow-what-to-expect",
        "site_full": "business.dailytimesleader.com",
        "site": "dailytimesleader.com",
        "site_section": "http://business.dailytimesleader.com/dailytimesleader/markets/news",
        "site_categories": [],
        "section_title": "Stock Market News | NSDQ, NYSE, and AMEX Stock Market News, Market News Categories, Market Indicators | User | dailytimesleader.com ",
        "site_title": null,
        "title": "Centene (CNC) Reports Earnings Tomorrow: What To Expect | User | dailytimesleader.com",
        "title_full": "Centene (CNC) Reports Earnings Tomorrow: What To Expect | User | dailytimesleader.com",
        "published": "2025-07-24T06:02:00.000+03:00",
        "replies_count": 0,
        "participants_count": 1,
        "site_type": "news",
        "country": "US",
        "main_image": "",
        "performance_score": 0,
        "domain_rank": 91781,
        "domain_rank_updated": "2025-06-03T00:00:00.000+03:00",
        "licensing_agency": [],
        "social": {
            "facebook": {
                "likes": 0,
                "comments": 0,
                "shares": 0
            },
            "vk": {
                "shares": 0
            }
        }
    },
    "uuid": "cb13f71188be0c13c4e1840786f2eb75225fd389",
    "url": "http://business.dailytimesleader.com/dailytimesleader/article/stockstory-2025-7-24-centene-cnc-reports-earnings-tomorrow-what-to-expect",
    "ord_in_thread": 0,
    "author": "Daily Times Leader",
    "published": "2025-07-24T06:02:00.000+03:00",
    "title": "Centene (CNC) Reports Earnings Tomorrow: What To Expect | User | dailytimesleader.com",
    "text": "Health coverage company Centene ( NYSE: CNC ) will be reporting earnings this Friday before market open. Here’s what you need to know.\nCentene beat analysts’ revenue expectations by 8.3% last quarter, reporting revenues of $46.62 billion, up 15.4% year on year. It was a strong quarter for the company, with full-year revenue guidance exceeding analysts’ expectations and a solid beat of analysts’ EPS estimates. It lost -656,600 customers and ended up with a total of 27.94 million.\nIs Centene a buy or sell going into earnings? Read our full analysis here, it’s free .\nThis quarter, analysts are expecting Centene’s revenue to grow 9.6% year on year to $43.67 billion, improving from the 5.9% increase it recorded in the same quarter last year. Adjusted earnings are expected to come in at $0.23 per share.\nThe majority of analysts covering the company have reconfirmed their estimates over the last 30 days, suggesting they anticipate the business to stay the course heading into earnings. Centene has only missed Wall Street’s revenue estimates once over the last two years, exceeding top-line expectations by 7.1% on average.\nLooking at Centene’s peers in the healthcare providers & services segment, some have already reported their Q2 results, giving us a hint as to what we can expect. Molina Healthcare delivered year-on-year revenue growth of 15.7%, beating analysts’ expectations by 4.4%, and Elevance Health reported revenues up 13.4%, topping estimates by 3%. Elevance Health traded down 19.7% following the results.\nRead our full analysis of Molina Healthcare’s results here and Elevance Health’s results here .\nInvestors in the healthcare providers & services segment have had steady hands going into earnings, with share prices flat over the last month. Centene is down 46.1% during the same time and is heading into earnings with an average analyst price target of $52.38 (compared to the current share price of $29.14).\nWhen a company has more cash than it knows what to do with, buying back its own shares can make a lot of sense–as long as the price is right. Luckily, we’ve found one, a low-priced stock that is gushing free cash flow AND buying back shares. Click here to claim your Special Free Report on a fallen angel growth story that is already recovering from a setback .\nStockStory is growing and hiring equity analyst and marketing roles. Are you a 0 to 1 builder passionate about the markets and AI? See the open roles here.\nMore News View More Rocket Lab: A Parabolic Run Meets a Healthy Pullback July 23, 2025 Via MarketBeat Tickers RKLB Falling Fast, Rising Soon? 3 Stocks With Upside Ahead July 23, 2025 Via MarketBeat Topics Earnings Tickers ALLT ARDT GPI Is Former Dividend Aristocrat AT&T a Buy After Q2 Earnings? July 23, 2025 Via MarketBeat Topics Earnings Tickers T TMUS VZ Stock Quote API & Stock News API supplied by www.cloudquote.io\nQuotes delayed at least 20 minutes.\nBy accessing this page, you agree to the following\nPrivacy Policy and Terms Of Service .",
    "highlightText": "",
    "highlightTitle": "",
    "highlightThreadTitle": "",
    "language": "english",
    "sentiment": "neutral",
    "categories": [
        "Economy, Business and Finance"
    ],
    "topics": [
        "Economy, Business and Finance->healthcare industry",
        "Economy, Business and Finance->financial and economic news"
    ],
    "ai_allow": true,
    "has_canonical": false,
    "breaking": null,
    "webz_reporter": false,
    "external_links": [
        "https://www.financialcontent.com/privacy",
        "https://www.financialcontent.com/tos",
        "https://cdn.newsrpm.com/image/106191?maxWidth=300",
        "https://stockstory.org/us/stocks/nyse/elv?utm_source=pre-earnings&utm_medium=cloudquote&utm_campaign=peer&partner=cloudquote&utm_article=CFx3bmsOb0M%3D&utm_ticker=CNC",
        "https://stockstory.org/stock-pick-l/1ca1c130-0769-49c5-9701-7006ff7e57aa?utm_source=earningsPreview&utm_medium=cloudquote&utm_campaign=SP_4&partner=cloudquote&utm_article=CFx3bmsOb0M%3D&utm_ticker=CNC",
        "https://cdn.newsrpm.com/image/106428?maxWidth=300",
        "https://www.googletagmanager.com/gtag/js?id=UA-8590502-3",
        "https://stockstory.org/careers",
        "https://www.marketbeat.com/originals/att-dividend-aristocrat-buy-after-earnings-beat/?utm_source=cloudquote&utm_medium=cloudquote",
        "https://tracking.newsrpm.com/pixel?slug=stockstory-2025-7-24-centene-cnc-reports-earnings-tomorrow-what-to-expect",
        "https://images.financialcontent.com/investcenter/fcon_dark.svg",
        "https://markets.financialcontent.com/stocks",
        "https://cdn.newsrpm.com/image/106491?maxWidth=300",
        "https://www.marketbeat.com/stock-ideas/falling-fast-rising-soon-3-stocks-with-upside-ahead/?utm_source=cloudquote&utm_medium=cloudquote",
        "https://stockstory.org/us/stocks/nyse/moh?utm_source=pre-earnings&utm_medium=cloudquote&utm_campaign=peer&partner=cloudquote&utm_article=CFx3bmsOb0M%3D&utm_ticker=CNC",
        "https://www.cloudquote.io",
        "https://stockstory.org/us/stocks/nyse/cnc?utm_source=pre-earnings&utm_medium=cloudquote&utm_campaign=end&partner=cloudquote&utm_article=CFx3bmsOb0M%3D&utm_ticker=CNC",
        "https://news-assets.stockstory.org/cover-images/_1400x700_crop_center-center_none/centene-corporation-cover-image-769677269359_2025-01-09-065943_ngug.jpeg",
        "https://www.marketbeat.com/originals/rocket-lab-a-parabolic-run-meets-a-healthy-pullback/?utm_source=cloudquote&utm_medium=cloudquote",
        "https://www.markets.financialcontent.com/stocks",
        "https://tracking.newsrpm.com/pixel",
        "https://financialcontent.com/tos",
        "https://www.marketbeat.com/originals/att-dividend-aristocrat-buy-after-earnings-beat/",
        "https://www.googletagmanager.com/gtag/js",
        "https://www.cdn.newsrpm.com/image/106191?maxWidth=300",
        "https://financialcontent.com/privacy",
        "https://stockstory.org/us/stocks/nyse/elv",
        "https://stockstory.org/us/stocks/nyse/moh",
        "https://cloudquote.io",
        "https://stockstory.org/stock-pick-l/1ca1c130-0769-49c5-9701-7006ff7e57aa",
        "https://cdn.newsrpm.com/image/106191",
        "https://cdn.newsrpm.com/image/106428",
        "https://www.cdn.newsrpm.com/image/106491?maxWidth=300",
        "https://www.images.financialcontent.com/investcenter/fcon_dark.svg",
        "https://stockstory.org/us/stocks/nyse/cnc",
        "https://www.cdn.newsrpm.com/image/106428?maxWidth=300",
        "https://www.marketbeat.com/stock-ideas/falling-fast-rising-soon-3-stocks-with-upside-ahead/",
        "https://www.news-assets.stockstory.org/cover-images/_1400x700_crop_center-center_none/centene-corporation-cover-image-769677269359_2025-01-09-065943_ngug.jpeg",
        "https://www.stockstory.org/us/stocks/nyse/cnc?utm_source=pre-earnings&utm_medium=cloudquote&utm_campaign=end&partner=cloudquote&utm_article=CFx3bmsOb0M%3D&utm_ticker=CNC",
        "https://cdn.newsrpm.com/image/106491",
        "https://marketbeat.com/stock-ideas/falling-fast-rising-soon-3-stocks-with-upside-ahead/?utm_source=cloudquote&utm_medium=cloudquote",
        "https://www.stockstory.org/careers",
        "https://www.stockstory.org/us/stocks/nyse/moh?utm_source=pre-earnings&utm_medium=cloudquote&utm_campaign=peer&partner=cloudquote&utm_article=CFx3bmsOb0M%3D&utm_ticker=CNC",
        "https://www.stockstory.org/us/stocks/nyse/elv?utm_source=pre-earnings&utm_medium=cloudquote&utm_campaign=peer&partner=cloudquote&utm_article=CFx3bmsOb0M%3D&utm_ticker=CNC",
        "https://marketbeat.com/originals/att-dividend-aristocrat-buy-after-earnings-beat/?utm_source=cloudquote&utm_medium=cloudquote",
        "https://googletagmanager.com/gtag/js?id=UA-8590502-3",
        "https://www.stockstory.org/stock-pick-l/1ca1c130-0769-49c5-9701-7006ff7e57aa?utm_source=earningsPreview&utm_medium=cloudquote&utm_campaign=SP_4&partner=cloudquote&utm_article=CFx3bmsOb0M%3D&utm_ticker=CNC",
        "https://www.marketbeat.com/originals/rocket-lab-a-parabolic-run-meets-a-healthy-pullback/",
        "https://www.tracking.newsrpm.com/pixel?slug=stockstory-2025-7-24-centene-cnc-reports-earnings-tomorrow-what-to-expect",
        "https://marketbeat.com/originals/rocket-lab-a-parabolic-run-meets-a-healthy-pullback/?utm_source=cloudquote&utm_medium=cloudquote"
    ],
    "external_images": [],
    "internal_images": [],
    "entities": {
        "persons": [],
        "locations": [],
        "organizations": [
            {
                "name": "Centene",
                "sentiment": "negative",
                "tickers": []
            },
            {
                "name": "CNC",
                "sentiment": "negative",
                "tickers": []
            },
            {
                "name": "centene",
                "sentiment": "none",
                "tickers": [
                    {
                        "ticker": null,
                        "exchange": null
                    }
                ]
            },
            {
                "name": "cnc",
                "sentiment": "none",
                "tickers": [
                    {
                        "ticker": null,
                        "exchange": null
                    }
                ]
            }
        ]
    },
    "syndication": {
        "syndicated": false,
        "syndicate_id": "cb13f71188be0c13c4e1840786f2eb75225fd389",
        "first_syndicated": true
    },
    "trust": {
        "categories": [
            "fake_news"
        ],
        "top_news": [],
        "bias": null,
        "source": {
            "type": null,
            "city": null,
            "state": null,
            "country": null,
            "domain_type": null,
            "agency": null,
            "organization_name": null
        }
    },
    "rating": null,
    "crawled": "2025-07-24T07:19:12.433+03:00",
    "updated": "2025-07-24T07:22:07.000+03:00"
}