{
    "thread": {
        "uuid": "41c6f93d65eebf43d172e81ca6c7a937721f3b57",
        "url": "https://www.newsbreak.com/wfmy-news2-524554/4128821239627-panthers-hold-first-practice-of-2025-training-camp",
        "site_full": "www.newsbreak.com",
        "site": "newsbreak.com",
        "site_section": "https://www.newsbreak.com/wfmy-news2-524554",
        "site_categories": [
            "under_construction"
        ],
        "section_title": "WFMY NEWS2&#x27;s Home Page | NewsBreak",
        "site_title": "NewsBreak: Local News &amp; Alerts",
        "title": "Panthers hold first practice of 2025 training camp - NewsBreak",
        "title_full": "Panthers hold first practice of 2025 training camp - NewsBreak",
        "published": "2025-07-24T02:07:00.000+03:00",
        "replies_count": 0,
        "participants_count": 1,
        "site_type": "news",
        "country": "US",
        "main_image": "https://img.particlenews.com/img/id/1CRAKD_132I6g7S00",
        "performance_score": 0,
        "domain_rank": 3213,
        "domain_rank_updated": "2025-06-03T00:00:00.000+03:00",
        "licensing_agency": [],
        "social": {
            "facebook": {
                "likes": 0,
                "comments": 0,
                "shares": 0
            },
            "vk": {
                "shares": 0
            }
        }
    },
    "uuid": "41c6f93d65eebf43d172e81ca6c7a937721f3b57",
    "url": "https://www.newsbreak.com/wfmy-news2-524554/4128821239627-panthers-hold-first-practice-of-2025-training-camp",
    "ord_in_thread": 0,
    "author": "WFMY NEWS2",
    "published": "2025-07-24T02:07:00.000+03:00",
    "title": "Panthers hold first practice of 2025 training camp - NewsBreak",
    "text": "Open in NewsBreak\n|\nSign in\nChoose your location\nSee all locations\nSign In\nAbout NewsBreak\nPartner with us\nFollow us\n©2024 NewsBreak. All Rights Reserved.\nWFMY NEWS2\n·\npublisher · 99.8K followers\nCharlotte\nPanthers hold first practice of 2025 training camp\n5 hours ago\nCarolina is looking to improve after going 5-12 in 2024.\nRead full article\nRead in NewsBreak\nComments\nLoading editor...\nPost\nCommunity Policy\nYOU MAY ALSO LIKE\nComments\n/\nClose\nCommunity Policy",
    "highlightText": "",
    "highlightTitle": "",
    "highlightThreadTitle": "",
    "language": "english",
    "sentiment": "neutral",
    "categories": [
        "Sport",
        "Lifestyle and Leisure",
        "Human Interest"
    ],
    "topics": [
        "Sport->american football",
        "Sport->sports coaching",
        "Lifestyle and Leisure->exercise and fitness",
        "Lifestyle and Leisure->game",
        "Lifestyle and Leisure->club and association",
        "Human Interest->record and achievement"
    ],
    "ai_allow": true,
    "has_canonical": false,
    "breaking": null,
    "webz_reporter": false,
    "external_links": [],
    "external_images": [],
    "internal_images": [],
    "entities": {
        "persons": [],
        "locations": [],
        "organizations": [
            {
                "name": "Charlotte\nPanthers",
                "sentiment": "none",
                "tickers": []
            }
        ]
    },
    "syndication": {
        "syndicated": false,
        "syndicate_id": null,
        "first_syndicated": false
    },
    "trust": {
        "categories": [
            "fake_news"
        ],
        "top_news": [],
        "bias": "center",
        "source": {
            "type": null,
            "city": null,
            "state": null,
            "country": null,
            "domain_type": null,
            "agency": null,
            "organization_name": null
        }
    },
    "rating": null,
    "crawled": "2025-07-24T07:22:36.283+03:00",
    "updated": "2025-07-24T07:29:02.000+03:00"
}