{
    "thread": {
        "uuid": "6e99c01f90d382f40789bf7bd941ec55c405e77a",
        "url": "https://conspiracydailyupdate.com/2025/07/24/mike-johnson-torches-dems-for-massive-biden-coverup/",
        "site_full": "conspiracydailyupdate.com",
        "site": "conspiracydailyupdate.com",
        "site_section": "https://conspiracydailyupdate.com/index.rdf",
        "site_categories": [
            "media",
            "education"
        ],
        "section_title": "Conspiracy Daily Update",
        "site_title": "Conspiracy Daily Update | a part of the movement to Truth!",
        "title": "Mike Johnson TORCHES Dems for Massive Biden Coverup",
        "title_full": "Mike Johnson TORCHES Dems for Massive Biden Coverup",
        "published": "2025-07-24T05:06:00.000+03:00",
        "replies_count": 0,
        "participants_count": 1,
        "site_type": "news",
        "country": "US",
        "main_image": "http://img.youtube.com/vi/uvzoJBisT6o/0.jpg",
        "performance_score": 0,
        "domain_rank": 475167,
        "domain_rank_updated": "2025-06-03T00:00:00.000+03:00",
        "licensing_agency": [],
        "social": {
            "facebook": {
                "likes": 0,
                "comments": 0,
                "shares": 0
            },
            "vk": {
                "shares": 0
            }
        }
    },
    "uuid": "6e99c01f90d382f40789bf7bd941ec55c405e77a",
    "url": "https://conspiracydailyupdate.com/2025/07/24/mike-johnson-torches-dems-for-massive-biden-coverup/",
    "ord_in_thread": 0,
    "author": "Brian Robert Hyland",
    "published": "2025-07-24T05:06:00.000+03:00",
    "title": "Mike Johnson TORCHES Dems for Massive Biden Coverup",
    "text": "Search for:\nPost navigation\nPrevious Post\nBOMBSHELL “The CIA is involved in removing Zelensky from power” Ukraine facing 2nd Maidan coup\nLeave a comment\nCancel reply\nΔ\nThis site uses Akismet to reduce spam.\nLearn how your comment data is processed\n.\na part of the movement to Truth!\nComment\nReblog\nSubscribe\nSubscribed\nConspiracy Daily Update\nJoin 1,412 other subscribers.\nSign me up\nAlready have a WordPress.com account?\nLog in now.\n%d",
    "highlightText": "",
    "highlightTitle": "",
    "highlightThreadTitle": "",
    "language": "english",
    "sentiment": null,
    "categories": null,
    "topics": null,
    "ai_allow": true,
    "has_canonical": false,
    "breaking": null,
    "webz_reporter": false,
    "external_links": [],
    "external_images": [],
    "internal_images": [],
    "entities": {
        "persons": [
            {
                "name": "Mike Johnson",
                "sentiment": "none"
            },
            {
                "name": "Zelensky",
                "sentiment": "none"
            }
        ],
        "locations": [],
        "organizations": [
            {
                "name": "CIA",
                "sentiment": "none",
                "tickers": []
            },
            {
                "name": "cia",
                "sentiment": "none",
                "tickers": [
                    {
                        "ticker": null,
                        "exchange": null
                    }
                ]
            }
        ]
    },
    "syndication": {
        "syndicated": false,
        "syndicate_id": null,
        "first_syndicated": false
    },
    "trust": {
        "categories": [
            "fake_news"
        ],
        "top_news": [],
        "bias": null,
        "source": {
            "type": null,
            "city": null,
            "state": null,
            "country": null,
            "domain_type": null,
            "agency": null,
            "organization_name": null
        }
    },
    "rating": null,
    "crawled": "2025-07-24T07:19:46.094+03:00",
    "updated": "2025-07-24T07:19:46.094+03:00"
}