{
    "thread": {
        "uuid": "ac33f1161c65960568dc9f3d22fab37f7c83a28c",
        "url": "https://tyumen-news.net/politics/2025/07/24/511808.html",
        "site_full": "tyumen-news.net",
        "site": "tyumen-news.net",
        "site_section": "https://tyumen-news.net",
        "site_categories": [
            "media"
        ],
        "section_title": "Лента новостей Тюмени",
        "site_title": "Лента новостей Тюмени",
        "title": "Александр Моор: Провели важные переговоры о развитии нефтегазового комплекса региона - Лента новостей Тюмени",
        "title_full": "Александр Моор: Провели важные переговоры о развитии нефтегазового комплекса региона - Лента новостей Тюмени",
        "published": "2025-07-24T06:07:00.000+03:00",
        "replies_count": 0,
        "participants_count": 1,
        "site_type": "news",
        "country": "RU",
        "main_image": "https://tyumen-news.net/img/20250724/55fb83528ca505da2288a8e28d31e82c_o.jpg",
        "performance_score": 0,
        "domain_rank": null,
        "domain_rank_updated": null,
        "licensing_agency": [],
        "social": {
            "facebook": {
                "likes": 0,
                "comments": 0,
                "shares": 0
            },
            "vk": {
                "shares": 0
            }
        }
    },
    "uuid": "ac33f1161c65960568dc9f3d22fab37f7c83a28c",
    "url": "https://tyumen-news.net/politics/2025/07/24/511808.html",
    "ord_in_thread": 0,
    "author": "Тюменская интернет-газета \"Вслух.ру\"",
    "published": "2025-07-24T06:07:00.000+03:00",
    "title": "Александр Моор: Провели важные переговоры о развитии нефтегазового комплекса региона - Лента новостей Тюмени",
    "text": "В Тюмени прошла встреча губернатора Александра Моора с руководителем Федерального агентства по недропользованию Олегом Казановым и генеральным директором подведомственной организации — ЗапСибНИИГГ Василием Морозовым.\n«Провели важные переговоры о развитии нефтегазового комплекса нашего региона, — уточнил Александр Моор. — Обсудили результаты геолого-разведочных работ, перспективы лицензирования и новые проекты, которые обеспечат стабильное функционирование отрасли».",
    "highlightText": "",
    "highlightTitle": "",
    "highlightThreadTitle": "",
    "language": "russian",
    "sentiment": null,
    "categories": null,
    "topics": null,
    "ai_allow": true,
    "has_canonical": false,
    "breaking": null,
    "webz_reporter": false,
    "external_links": [],
    "external_images": [],
    "internal_images": [],
    "entities": {
        "persons": [],
        "locations": [],
        "organizations": []
    },
    "syndication": {
        "syndicated": null,
        "syndicate_id": null,
        "first_syndicated": false
    },
    "trust": {
        "categories": [
            "fake_news"
        ],
        "top_news": [],
        "bias": null,
        "source": {
            "type": null,
            "city": null,
            "state": null,
            "country": null,
            "domain_type": null,
            "agency": null,
            "organization_name": null
        }
    },
    "rating": null,
    "crawled": "2025-07-24T07:20:29.015+03:00",
    "updated": "2025-07-24T07:20:29.015+03:00"
}