{
    "thread": {
        "uuid": "b662259ad386bfc907bb8dd44c91f4822f62c808",
        "url": "https://www.newsbreak.com/news/4281929276945-join-us-saturday-for-the-first-peoples-celebration",
        "site_full": "www.newsbreak.com",
        "site": "newsbreak.com",
        "site_section": "https://local.newsbreak.com/fossil-or",
        "site_categories": [
            "under_construction"
        ],
        "section_title": "Fossil, OR Local News and More | NewsBreak",
        "site_title": "NewsBreak: Local News &amp; Alerts",
        "title": "Join us Saturday for the First Peoples Celebration - NewsBreak",
        "title_full": "Join us Saturday for the First Peoples Celebration - NewsBreak",
        "published": "2025-10-08T20:43:00.000+03:00",
        "replies_count": 0,
        "participants_count": 1,
        "site_type": "news",
        "country": "US",
        "main_image": "https://img.particlenews.com/img/id/1Jzt71_15UZQiF500",
        "performance_score": 0,
        "domain_rank": 2819,
        "domain_rank_updated": "2025-10-06T00:00:00.000+03:00",
        "licensing_agency": [],
        "social": {
            "facebook": {
                "likes": 0,
                "comments": 0,
                "shares": 0
            },
            "vk": {
                "shares": 0
            }
        }
    },
    "uuid": "b662259ad386bfc907bb8dd44c91f4822f62c808",
    "url": "https://www.newsbreak.com/news/4281929276945-join-us-saturday-for-the-first-peoples-celebration",
    "ord_in_thread": 0,
    "author": "Cascade A&E",
    "published": "2025-10-08T20:43:00.000+03:00",
    "title": "Join us Saturday for the First Peoples Celebration - NewsBreak",
    "text": "By Cascade A&E ,\n15 hours ago (Photo courtesy of OSU-Cascades) Explore & Celebrate the History & Culture of the Confederated Tribes of Warm Springs. Native Artists and Culture Bearers from the Tananáwit Artists Community of Warm Springs. 2pm. Showcase of Traditional Regalia, Native Dancing. Preceded by an Opening Ceremony and Invocation. 4pm. Round Dance with... Read full article\nRead in NewsBreak",
    "highlightText": "",
    "highlightTitle": "",
    "highlightThreadTitle": "",
    "language": "english",
    "sentiment": "positive",
    "categories": [
        "Human Interest",
        "Social Issue",
        "Lifestyle and Leisure"
    ],
    "topics": [
        "Human Interest->ceremony",
        "Social Issue->indigenous people",
        "Social Issue->communities",
        "Lifestyle and Leisure->club and association",
        "Lifestyle and Leisure->holiday"
    ],
    "ai_allow": true,
    "has_canonical": false,
    "breaking": null,
    "webz_reporter": false,
    "external_links": [],
    "external_images": [],
    "internal_images": [],
    "entities": {
        "persons": [
            {
                "name": "Greg Wilson",
                "sentiment": "none"
            },
            {
                "name": "Kim Yawitz",
                "sentiment": "none"
            }
        ],
        "locations": [
            {
                "name": "St. Louis",
                "sentiment": "none"
            }
        ],
        "organizations": [
            {
                "name": "Tananáwit Artists Community of Warm Springs",
                "sentiment": "none",
                "tickers": []
            }
        ]
    },
    "syndication": {
        "syndicated": false,
        "syndicate_id": null,
        "first_syndicated": false
    },
    "trust": {
        "categories": [
            "fake_news"
        ],
        "top_news": [],
        "bias": "center",
        "source": {
            "type": "local_news",
            "city": [
                "Fossil"
            ],
            "state": [
                "Oregon"
            ],
            "country": [
                "US"
            ],
            "domain_type": null,
            "agency": null,
            "organization_name": null
        }
    },
    "rating": null,
    "crawled": "2025-10-09T07:24:50.391+03:00",
    "updated": "2025-10-09T11:45:42.952+03:00"
}