{
    "thread": {
        "uuid": "a02c5223f549cbe22336c6d6e9d0c374a0e7cac4",
        "url": "https://www.newsbreak.com/news/4281434636184-woman-killed-in-domestic-related-shooting-in-conyers-suspect-captured",
        "site_full": "www.newsbreak.com",
        "site": "newsbreak.com",
        "site_section": "https://www.newsbreak.com/suwanee-ga",
        "site_categories": [
            "under_construction"
        ],
        "section_title": "Suwanee, GA Local News and More | NewsBreak",
        "site_title": "NewsBreak: Local News &amp; Alerts",
        "title": "Woman Killed in Domestic-Related Shooting in Conyers; Suspect Captured - NewsBreak",
        "title_full": "Woman Killed in Domestic-Related Shooting in Conyers; Suspect Captured - NewsBreak",
        "published": "2025-10-08T19:52:00.000+03:00",
        "replies_count": 0,
        "participants_count": 1,
        "site_type": "news",
        "country": "US",
        "main_image": "https://img.particlenews.com/img/id/44B09i_15U41WCR00",
        "performance_score": 0,
        "domain_rank": 2819,
        "domain_rank_updated": "2025-10-06T00:00:00.000+03:00",
        "licensing_agency": [],
        "social": {
            "facebook": {
                "likes": 0,
                "comments": 0,
                "shares": 0
            },
            "vk": {
                "shares": 0
            }
        }
    },
    "uuid": "a02c5223f549cbe22336c6d6e9d0c374a0e7cac4",
    "url": "https://www.newsbreak.com/news/4281434636184-woman-killed-in-domestic-related-shooting-in-conyers-suspect-captured",
    "ord_in_thread": 0,
    "author": "Enrique Preiss",
    "published": "2025-10-08T19:52:00.000+03:00",
    "title": "Woman Killed in Domestic-Related Shooting in Conyers; Suspect Captured - NewsBreak",
    "text": "By Enrique Preiss ,\n11 hours ago UPDATE: The victim in this case has been identified as Massey Watson. The suspect, Kyle Dennis, was captured and arrested on Wednesday, October 8th. He is charged with Malice Murder and Kidnapping. Original Post:. The Rockdale County Sheriff’s Office is investigating a fatal shooting believed to be domestic-related that occurred... Read full article\nRead in NewsBreak 6",
    "highlightText": "",
    "highlightTitle": "",
    "highlightThreadTitle": "",
    "language": "english",
    "sentiment": "negative",
    "categories": [
        "Crime, Law and Justice",
        "Human Interest",
        "War, Conflict and Unrest"
    ],
    "topics": [
        "Crime, Law and Justice->shootings",
        "Crime, Law and Justice->homicide",
        "Human Interest->human mishap",
        "War, Conflict and Unrest->civil unrest"
    ],
    "ai_allow": true,
    "has_canonical": false,
    "breaking": null,
    "webz_reporter": false,
    "external_links": [],
    "external_images": [],
    "internal_images": [],
    "entities": {
        "persons": [
            {
                "name": "Massey Watso",
                "sentiment": "negative"
            },
            {
                "name": "Enrique Preiss",
                "sentiment": "negative"
            },
            {
                "name": "Kyle Dennis",
                "sentiment": "none"
            }
        ],
        "locations": [],
        "organizations": [
            {
                "name": "Rockdale County Sheriff’s Office",
                "sentiment": "none",
                "tickers": []
            }
        ]
    },
    "syndication": {
        "syndicated": false,
        "syndicate_id": null,
        "first_syndicated": false
    },
    "trust": {
        "categories": [
            "fake_news"
        ],
        "top_news": [],
        "bias": "center",
        "source": {
            "type": null,
            "city": null,
            "state": null,
            "country": null,
            "domain_type": null,
            "agency": null,
            "organization_name": null
        }
    },
    "rating": null,
    "crawled": "2025-10-09T07:19:05.340+03:00",
    "updated": "2025-10-09T07:26:45.000+03:00"
}