{
    "thread": {
        "uuid": "b54c6fe422099652df756f8a285afad4e49159bb",
        "url": "https://richmond.com/ads/sale/furniture/ad_520796fe-028e-5588-9b25-f44fdab21876.html",
        "site_full": "richmond.com",
        "site": "richmond.com",
        "site_section": "http://richmond.com/ads?f=rss&s=start_time&sd=asc",
        "site_categories": [
            "media"
        ],
        "section_title": "richmond.com - RSS Results",
        "site_title": "Richmond Times-Dispatch | Breaking News | Read Richmond, VA and Virginia breaking news. Get latest news, events and information on sports, weather, entertainment and lifestyles.",
        "title": "Beige sofa & love seat $700. Call 804-556-0288",
        "title_full": "Beige sofa & love seat $700. Call 804-556-0288",
        "published": "2025-10-09T06:00:00.000+03:00",
        "replies_count": 0,
        "participants_count": 0,
        "site_type": "news",
        "country": "US",
        "main_image": "https://bloximages.newyork1.vip.townnews.com/richmond.com/content/tncms/custom/image/73769e9c-c54c-11ea-9ace-179ea39eeb22.jpg?resize=600%2C315",
        "performance_score": 0,
        "domain_rank": 18374,
        "domain_rank_updated": "2025-10-06T00:00:00.000+03:00",
        "licensing_agency": [],
        "social": {
            "facebook": {
                "likes": 0,
                "comments": 0,
                "shares": 0
            },
            "vk": {
                "shares": 0
            }
        }
    },
    "uuid": "b54c6fe422099652df756f8a285afad4e49159bb",
    "url": "https://richmond.com/ads/sale/furniture/ad_520796fe-028e-5588-9b25-f44fdab21876.html",
    "ord_in_thread": 0,
    "author": null,
    "published": "2025-10-09T06:00:00.000+03:00",
    "title": "Beige sofa & love seat $700. Call 804-556-0288",
    "text": "Beige sofa & love seat $700. Call 804-556-0288 Save Share Facebook Twitter Bluesky WhatsApp SMS Email Print Copy article link Details for Beige sofa & love seat $700. Call 804-556-0288 1 hr ago Beige sofa & love seat $700. Call 804-556-0288 Categories Furniture Print Ads Other AMERICAN GUILD OF ORGANISTS, RICHMOND CHAPTER Updated 48 mins ago Services THOMPSON CREEK WINDOW COMPANY Updated 46 mins ago Services STANDARD ROOFING CO, STANDARD ROOFING CO Updated 49 mins ago Jobs GOOCHLAND POWHATAN COMM, GOOCHLAND POWHAT Updated 48 mins ago Other AMERICAN GUILD OF ORGANISTS, RICHMOND CHAPTER Updated Oct 5, 2025 Education LIBRARY OF VIRGINIA Updated 47 mins ago Events Entertainment HOUSE TRADE ADS UNDER $10,000 Updated 46 mins ago Events Entertainment THE CULTURAL ARTS CENTER 20 mins ago Events Entertainment SUNSHINE TOURS Updated 46 mins ago Other VALENTINE RICHMOND HISTORY CTR, VALENTINE RICHMO Updated 48 mins ago",
    "highlightText": "",
    "highlightTitle": "",
    "highlightThreadTitle": "",
    "language": "english",
    "sentiment": "neutral",
    "categories": [
        "Lifestyle and Leisure",
        "Human Interest"
    ],
    "topics": [
        "Lifestyle and Leisure->house and home"
    ],
    "ai_allow": false,
    "has_canonical": false,
    "breaking": null,
    "webz_reporter": false,
    "external_links": [],
    "external_images": [],
    "internal_images": [],
    "entities": {
        "persons": [],
        "locations": [],
        "organizations": [
            {
                "name": "Facebook Twitter Bluesky",
                "sentiment": "negative",
                "tickers": [
                    {
                        "ticker": null,
                        "exchange": null
                    }
                ]
            }
        ]
    },
    "syndication": {
        "syndicated": false,
        "syndicate_id": null,
        "first_syndicated": false
    },
    "trust": {
        "categories": [
            "fake_news"
        ],
        "top_news": [],
        "bias": "center",
        "source": {
            "type": "local_news",
            "city": [
                "Short Pump",
                "Richmond",
                "Chamberlayne",
                "Sandston",
                "Chester",
                "Chatmoss",
                "Richmond West",
                "New Richmond",
                "Midlothian",
                "Glen Allen",
                "Rockwood"
            ],
            "state": [
                "Florida",
                "Virginia",
                "West Virginia"
            ],
            "country": [
                "US"
            ],
            "domain_type": null,
            "agency": null,
            "organization_name": null
        }
    },
    "rating": null,
    "crawled": "2025-10-09T07:21:17.772+03:00",
    "updated": "2025-10-09T07:30:36.000+03:00"
}