{
    "thread": {
        "uuid": "09549ebc0d30d4b00d06ec6454fa8b89d27c9489",
        "url": "https://www.newsbreak.com/gma-560760/4368385147112-last-minute-thanksgiving-prep-tips-and-a-helpful-day-before-timeline",
        "site_full": "www.newsbreak.com",
        "site": "newsbreak.com",
        "site_section": "https://www.newsbreak.com/gma-560760",
        "site_categories": [
            "under_construction"
        ],
        "section_title": "GMA&#x27;s Home Page | NewsBreak",
        "site_title": "NewsBreak: Local News &amp; Alerts",
        "title": "Last-minute Thanksgiving prep, tips and a helpful day-before timeline - NewsBreak",
        "title_full": "Last-minute Thanksgiving prep, tips and a helpful day-before timeline - NewsBreak",
        "published": "2025-11-26T11:00:00.000+02:00",
        "replies_count": 0,
        "participants_count": 1,
        "site_type": "news",
        "country": "US",
        "main_image": "https://img.particlenews.com/img/id/3yDmrP_16sgfBMZ00",
        "performance_score": 0,
        "domain_rank": 2819,
        "domain_rank_updated": "2025-11-23T23:00:00.000+02:00",
        "licensing_agency": [],
        "social": {
            "facebook": {
                "likes": 0,
                "comments": 0,
                "shares": 0
            },
            "vk": {
                "shares": 0
            }
        }
    },
    "uuid": "09549ebc0d30d4b00d06ec6454fa8b89d27c9489",
    "url": "https://www.newsbreak.com/gma-560760/4368385147112-last-minute-thanksgiving-prep-tips-and-a-helpful-day-before-timeline",
    "ord_in_thread": 0,
    "author": "Kelly McCarthy",
    "published": "2025-11-26T11:00:00.000+02:00",
    "title": "Last-minute Thanksgiving prep, tips and a helpful day-before timeline - NewsBreak",
    "text": "By Kelly McCarthy ,\n20 hours ago\nIt's T-minus one day until Thanksgiving !\nHeather Ramsdell, editorial director at The Spruce Eats, shared with \"GMA\" how she will make the most of the day before the big holiday. She also included a helpful checklist to ensure your dinner -- from turkey timing, to plating -- goes off without a hitch.\nSTOCK PHOTO/Getty Images - PHOTO: Thanksgiving dinner set on a table in a stock photo. What to do 1 day before Thanksgiving Thaw the bird: \"Make sure that your turkey is thawed. If it's not, there's time,\" Ramsdell encouraged. Click here for more info on how to safely thaw the turkey in time.\nSTOCK PHOTO/Getty Images - PHOTO: Raw turkey in an undated stock photo. \"Do meal math. Sit down with a mug of coffee and a pencil. Work backwards from the time you want to serve dinner,\" she said.\nTurkey timetable math\nServing time Subtract 10 minutes for carving Subtract 20 minutes for resting Subtract the amount of time you will be cooking your turkey (usually about 14 minutes per pound) Put your turkey in the oven at this time Subtract 30 minutes to preheat the oven Subtract 20 minutes to season the turkey Subtract 1 hour to take the chill off the turkey\nSTOCK PHOTO/Getty Images - PHOTO: A turkey is roasted in the oven in a stock photo. Other meal math\nOnce you know what time to start your turkey, write out your time plan for the day\nTips to make Thanksgiving Day easier STOCK PHOTO/Getty Images - PHOTO: Thanksgiving dinner set on a table in a stock photo. Clear the fridge.\nReview your recipes. This will ensure you have everything on hand and to pick up any last-minute ingredients or tools to get through Thanksgiving .\nMap the kitchen plan: What's cooking and in what location? Make some things in the oven and some on the stove. Don't forget the grill, the microwave, the slow cooker and the instant pot.\nFind and clean all of the serving stuff, platters, servers, gravy boats, dessert plates, glasses, a cooler and make room for extra beverages and wine.\nCheck-in with guests (casually ask them to remind you of any dietary restrictions).\nIf you are bringing food to someone else's house, find out what they need, see if they need a platter, and if you need to heat it, ask the host if there's room to do so.\nIt there's time, make turkey broth with some turkey wings, the turkey neck, heart and gizzard.\nGet some shut-eye!\nThis story was originally published on Nov. 21, 2021.",
    "highlightText": "",
    "highlightTitle": "",
    "highlightThreadTitle": "",
    "language": "english",
    "sentiment": "neutral",
    "categories": [
        "Lifestyle and Leisure"
    ],
    "topics": [
        "Lifestyle and Leisure->lifestyle",
        "Lifestyle and Leisure->holiday"
    ],
    "ai_allow": true,
    "has_canonical": true,
    "breaking": null,
    "webz_reporter": false,
    "external_links": [
        "https://img.particlenews.com/image.php?url=4I7ECl_16sgfBMZ00",
        "https://img.particlenews.com/image.php?type=thumbnail_580x000&url=4I7ECl_16sgfBMZ00",
        "https://img.particlenews.com/image.php?type=thumbnail_580x000&url=4KsfbD_16sgfBMZ00",
        "https://img.particlenews.com/image.php?url=3yDmrP_16sgfBMZ00",
        "https://img.particlenews.com/image.php?url=2UY0BY_16sgfBMZ00",
        "https://img.particlenews.com/image.php?url=4KsfbD_16sgfBMZ00",
        "https://abcnews.go.com/alerts/food",
        "https://img.particlenews.com/image.php?type=thumbnail_580x000&url=2UY0BY_16sgfBMZ00",
        "https://img.particlenews.com/image.php?type=thumbnail_580x000&url=2WlGbz_16sgfBMZ00",
        "https://abcnews.go.com/alerts/thanksgiving",
        "https://www.goodmorningamerica.com/food/story/turkey-tips-hacks-tiktok-butterball-thanksgiving-81320315",
        "https://img.particlenews.com/image.php?type=thumbnail_580x000&url=3yDmrP_16sgfBMZ00",
        "https://img.particlenews.com/image.php?url=2WlGbz_16sgfBMZ00",
        "https://abcnews.go.com/video/embed?id=74202931",
        "https://www.abcnews.go.com/video/embed?id=74202931",
        "https://www.img.particlenews.com/image.php?url=3yDmrP_16sgfBMZ00",
        "https://www.img.particlenews.com/image.php?type=thumbnail_580x000&url=4KsfbD_16sgfBMZ00",
        "https://www.img.particlenews.com/image.php?type=thumbnail_580x000&url=4I7ECl_16sgfBMZ00",
        "https://abcnews.go.com/video/embed",
        "https://www.img.particlenews.com/image.php?url=2WlGbz_16sgfBMZ00",
        "https://www.img.particlenews.com/image.php?url=2UY0BY_16sgfBMZ00",
        "https://www.img.particlenews.com/image.php?url=4I7ECl_16sgfBMZ00",
        "https://img.particlenews.com/image.php",
        "https://www.abcnews.go.com/alerts/thanksgiving",
        "https://goodmorningamerica.com/food/story/turkey-tips-hacks-tiktok-butterball-thanksgiving-81320315",
        "https://www.img.particlenews.com/image.php?type=thumbnail_580x000&url=3yDmrP_16sgfBMZ00",
        "https://www.abcnews.go.com/alerts/food",
        "https://www.img.particlenews.com/image.php?type=thumbnail_580x000&url=2WlGbz_16sgfBMZ00",
        "https://www.img.particlenews.com/image.php?type=thumbnail_580x000&url=2UY0BY_16sgfBMZ00",
        "https://www.img.particlenews.com/image.php?url=4KsfbD_16sgfBMZ00"
    ],
    "external_images": [],
    "internal_images": [],
    "entities": {
        "persons": [
            {
                "name": "Kelly McCarthy",
                "sentiment": "neutral"
            },
            {
                "name": "Heather Ramsdell",
                "sentiment": "neutral"
            }
        ],
        "locations": [],
        "organizations": []
    },
    "syndication": {
        "syndicated": false,
        "syndicate_id": null,
        "first_syndicated": false
    },
    "trust": {
        "categories": [
            "fake_news"
        ],
        "top_news": [],
        "bias": "center",
        "source": {
            "type": null,
            "city": null,
            "state": null,
            "country": null,
            "domain_type": null,
            "agency": null,
            "organization_name": null
        }
    },
    "rating": null,
    "crawled": "2025-11-27T07:26:33.497+02:00",
    "updated": "2025-11-27T07:28:18.000+02:00"
}