{
    "thread": {
        "uuid": "e4cd2d759fa1c4368ee8067201fb8c72150967a4",
        "url": "https://hindi.news18.com/webstories/ajab-gajab/is-volcano-lava-useful-and-how-valuable-is-it-3450135/",
        "site_full": "hindi.news18.com",
        "site": "news18.com",
        "site_section": "https://hindi.news18.com/amp",
        "site_categories": [
            "tech",
            "top_news_in",
            "top_news_ph",
            "top_news_pk",
            "top_news_ae",
            "top_news_qa",
            "top_news_sg",
            "top_news_sa",
            "top_news_kw",
            "top_news"
        ],
        "section_title": "Hindi News: Hindi Samachar, Hindi News Live TV, India News in Hindi, हिंदी न्यूज़ लाइव, हिन्दी समाचार - News18 Hindi",
        "site_title": "News: Get Latest News Today, Breaking News, Top News Headlines, India and World News | News18",
        "title": "कितना कीमती होता है ज्वालामुखी का लावा, इसके इस्तेमाल का बारे में जान हैरान रह जाएंगे आप!",
        "title_full": "कितना कीमती होता है ज्वालामुखी का लावा, इसके इस्तेमाल का बारे में जान हैरान रह जाएंगे आप!",
        "published": "2025-11-27T07:12:00.000+02:00",
        "replies_count": 0,
        "participants_count": 1,
        "site_type": "news",
        "country": "IN",
        "main_image": "https://images.news18.com/webstories/uploads/2024/07/cropped-Volcano-Eruption-00111-1200-900-shutterstock-2024-07-97571a6654b194f1d75bdef9f87447f8.jpg",
        "performance_score": 0,
        "domain_rank": 3556,
        "domain_rank_updated": "2025-11-23T23:00:00.000+02:00",
        "licensing_agency": [],
        "social": {
            "facebook": {
                "likes": 0,
                "comments": 0,
                "shares": 0
            },
            "vk": {
                "shares": 0
            }
        }
    },
    "uuid": "e4cd2d759fa1c4368ee8067201fb8c72150967a4",
    "url": "https://hindi.news18.com/webstories/ajab-gajab/is-volcano-lava-useful-and-how-valuable-is-it-3450135/",
    "ord_in_thread": 0,
    "author": "Nishant.Kumar",
    "published": "2025-11-27T07:12:00.000+02:00",
    "title": "कितना कीमती होता है ज्वालामुखी का लावा, इसके इस्तेमाल का बारे में जान हैरान रह जाएंगे आप!",
    "text": "Nishant Kumar Novembe27, 2025\nNishant Kumar November27, 2025\nNishant Kumar November27, 2025\nNishant Kumar November27, 2025\nNishant Kumar November27, 2025\nNishant Kumar November27, 2025\nNishant Kumar November27, 2025\nNishant Kumar November27, 2025\nNishant Kumar November27, 2025\nNishant Kumar November27, 2025\nNishant Kumar November27, 2025\nNishant Kumar November27, 2025\nNishant Kumar November27, 2025",
    "highlightText": "",
    "highlightTitle": "",
    "highlightThreadTitle": "",
    "language": "shona",
    "sentiment": null,
    "categories": null,
    "topics": null,
    "ai_allow": true,
    "has_canonical": false,
    "breaking": true,
    "webz_reporter": false,
    "external_links": [],
    "external_images": [],
    "internal_images": [],
    "entities": {
        "persons": [],
        "locations": [],
        "organizations": []
    },
    "syndication": {
        "syndicated": null,
        "syndicate_id": null,
        "first_syndicated": false
    },
    "trust": {
        "categories": [
            "fake_news"
        ],
        "top_news": [
            "top_news_in",
            "top_news_ph",
            "top_news_pk",
            "top_news_ae",
            "top_news_qa",
            "top_news_sg",
            "top_news_sa",
            "top_news_kw",
            "top_news"
        ],
        "bias": "center",
        "source": {
            "type": null,
            "city": null,
            "state": null,
            "country": null,
            "domain_type": null,
            "agency": null,
            "organization_name": null
        }
    },
    "rating": null,
    "crawled": "2025-11-27T07:28:30.582+02:00",
    "updated": "2025-11-27T07:28:30.582+02:00"
}