{
    "thread": {
        "uuid": "b10ad1cd81d5cb0565238fb54b09d056fd9759ec",
        "url": "https://irkutsk-news.net/society/2025/11/27/322890.html",
        "site_full": "irkutsk-news.net",
        "site": "irkutsk-news.net",
        "site_section": "https://irkutsk-news.net/other",
        "site_categories": [
            "media"
        ],
        "section_title": "Разное - Лента новостей Иркутска",
        "site_title": "Лента новостей Иркутска",
        "title": "В библиотеки Иркутска поступил пятитомник Валерия Хайрюзова, переданный в дар автором - Лента новостей Иркутска",
        "title_full": "В библиотеки Иркутска поступил пятитомник Валерия Хайрюзова, переданный в дар автором - Лента новостей Иркутска",
        "published": "2025-11-27T07:06:00.000+02:00",
        "replies_count": 0,
        "participants_count": 1,
        "site_type": "news",
        "country": "RU",
        "main_image": "https://irkutsk-news.net/img/20251127/76d4f5ed1d46b23e6632f3209d566bfc.jpg",
        "performance_score": 0,
        "domain_rank": null,
        "domain_rank_updated": null,
        "licensing_agency": [],
        "social": {
            "facebook": {
                "likes": 0,
                "comments": 0,
                "shares": 0
            },
            "vk": {
                "shares": 0
            }
        }
    },
    "uuid": "b10ad1cd81d5cb0565238fb54b09d056fd9759ec",
    "url": "https://irkutsk-news.net/society/2025/11/27/322890.html",
    "ord_in_thread": 0,
    "author": "Администрация Иркутска",
    "published": "2025-11-27T07:06:00.000+02:00",
    "title": "В библиотеки Иркутска поступил пятитомник Валерия Хайрюзова, переданный в дар автором - Лента новостей Иркутска",
    "text": "Централизованная библиотечная система Иркутска пополнилась уникальным изданием – пятитомником произведений известного российского писателя, общественного деятеля, почетного гражданина Иркутска Валерия Хайрюзова. Автор передал книги в дар городским библиотекам, что позволит широкому кругу читателей познакомиться с творчеством признанного мастера сибирской прозы.\nВалерий Николаевич Хайрюзов родился 16 сентября 1944 года в Иркутске. Выпускник Бугурусланского летного училища, прошедший путь от простого пилота до командира корабля, сумел сохранить любовь к родному краю и воплотить ее в своих произведениях. Его литературный талант был отмечен еще в 1980 году премией Ленинского комсомола, а сегодня он является секретарем Союза писателей России, лауреатом Патриаршей литературной премии и премии имени В. Г. Распутина.\nНовый пятитомник включает в себя увлекательные рассказы о сибиряках, документальные очерки о жизни на берегах Байкала, Ангары и Лены, истории о современных героях – летчиках и журналистах, а также повествования о первопроходцах Сибири. Особенность творчества Валерия Хайрюзова– умение показать жизнь простых людей во всей ее полноте, передать дух сибирского характера и сохранить историческую память.\nПознакомиться с новым изданием можно в библиотеках города. Книги уже поступили в фонды ЦБС и доступны для читателей.",
    "highlightText": "",
    "highlightTitle": "",
    "highlightThreadTitle": "",
    "language": "russian",
    "sentiment": null,
    "categories": null,
    "topics": null,
    "ai_allow": true,
    "has_canonical": false,
    "breaking": false,
    "webz_reporter": false,
    "external_links": [],
    "external_images": [],
    "internal_images": [],
    "entities": {
        "persons": [],
        "locations": [],
        "organizations": []
    },
    "syndication": {
        "syndicated": null,
        "syndicate_id": null,
        "first_syndicated": false
    },
    "trust": {
        "categories": [
            "fake_news"
        ],
        "top_news": [],
        "bias": null,
        "source": {
            "type": null,
            "city": null,
            "state": null,
            "country": null,
            "domain_type": null,
            "agency": null,
            "organization_name": null
        }
    },
    "rating": null,
    "crawled": "2025-11-27T07:22:44.407+02:00",
    "updated": "2025-11-27T07:22:44.407+02:00"
}