{
    "thread": {
        "uuid": "9891f3d4a5af7c081f1745aee71415feef2da584",
        "url": "https://malayalam.news18.com/news/money/kerala-gold-rate-update-on-november-27-2025-know-the-rates-srn-752664.html",
        "site_full": "malayalam.news18.com",
        "site": "news18.com",
        "site_section": "https://malayalam.news18.com/photogallery/crime",
        "site_categories": [
            "media",
            "top_news_in",
            "top_news_ph",
            "top_news_pk",
            "top_news_ae",
            "top_news_qa",
            "top_news_sg",
            "top_news_sa",
            "top_news_kw",
            "top_news"
        ],
        "section_title": "Crime Photos | Latest Malayalam Photo Galleries, Picture, Images - News18 Malayalam",
        "site_title": "News: Get Latest News Today, Breaking News, Top News Headlines, India and World News | News18",
        "title": "Gold Rate: സംസ്ഥാനത്തെ സ്വർണവിലയിൽ ഇടിവ്; നിരക്ക് അറിയാം",
        "title_full": "Gold Rate: സംസ്ഥാനത്തെ സ്വർണവിലയിൽ ഇടിവ്; നിരക്ക് അറിയാം",
        "published": "2025-11-27T06:40:00.000+02:00",
        "replies_count": 0,
        "participants_count": 1,
        "site_type": "news",
        "country": "IN",
        "main_image": "https://images.news18.com/malayalam/uploads/2024/11/gold-2-2024-11-a1eb27c1c99e349c4f2334f5b09e7679-3x2.jpg?im=FitAndFill,width=1200,height=675",
        "performance_score": 0,
        "domain_rank": 3556,
        "domain_rank_updated": "2025-11-23T23:00:00.000+02:00",
        "licensing_agency": [],
        "social": {
            "facebook": {
                "likes": 0,
                "comments": 0,
                "shares": 0
            },
            "vk": {
                "shares": 0
            }
        }
    },
    "uuid": "9891f3d4a5af7c081f1745aee71415feef2da584",
    "url": "https://malayalam.news18.com/news/money/kerala-gold-rate-update-on-november-27-2025-know-the-rates-srn-752664.html",
    "ord_in_thread": 0,
    "author": "@News18kerala",
    "published": "2025-11-27T06:40:00.000+02:00",
    "title": "Gold Rate: സംസ്ഥാനത്തെ സ്വർണവിലയിൽ ഇടിവ്; നിരക്ക് അറിയാം",
    "text": "Gold Rate: സംസ്ഥാനത്തെ സ്വർണവിലയിൽ ഇടിവ്; നിരക്ക് അറിയാം\n- Published by:\nSarika N news18-malayalam\nLast Updated:\nഗ്രാമിന് 15 രൂപ ഇടിഞ്ഞ് 11,710 രൂപയിലെത്തി\nതിരുവനന്തപുരം: സംസ്ഥാനത്ത് സ്വർണവിലയിൽ (Gold Rate) ഇന്ന് നേരിയ ഇടിവ്. പവന് 120 രൂപ താഴ്ന്ന് 93,680 രൂപയിലെത്തി. ഗ്രാമിന് 15 രൂപ ഇടിഞ്ഞ് 11,710 രൂപയിലെത്തി. നവംബർ 5 നു രേഖപ്പെടുത്തിയ 89,080 രൂപയാണ് ഈ മാസത്തെ ഏറ്റവും കുറഞ്ഞ നിരക്ക്. ഇന്ന് ഒരു പവൻ സ്വർണം വാങ്ങണമെങ്കിൽ ഏറ്റവും കുറഞ്ഞ പണിക്കൂലി 5%,3% ജിഎസ്ടിയും ഹാൾമാർക്കിങ് ചാർജസും ചേർത്ത് 95000 രൂപയ്ക്ക് പുറത്ത് നൽകണം.\nഒരു ഗ്രാം 24 കാരറ്റ് സ്വർണത്തിന് 12,775 രൂപയും, പവന് 1,02,200 രൂപയുമാണ് ഇന്നത്തെ നിരക്ക്. 18 കാരറ്റിന് ഒരു ഗ്രാമിന് 9,581 രൂപയും പവന് 76,648 രൂപയുമാണ് വില. വെള്ളി വില ഗ്രാമിന് 180 രൂപയും കിലോഗ്രാമിന് 1,80,000 രൂപയുമാണ് ഇന്നത്തെ നിരക്ക്. ആഗോള തലത്തിലെ സാമ്പത്തിക അനിശ്ചിതത്വങ്ങൾ, വർദ്ധിച്ച പണപ്പെരുപ്പ ഭീതി, ഡോളറിനെതിരെ ഇന്ത്യൻ രൂപയുടെ മൂല്യത്തിലുണ്ടായ തുടർച്ചയായ ഇടിവ് തുടങ്ങിയ ഘടകങ്ങളാണ് നിക്ഷേപകരെ സ്വർണത്തിലേക്ക് തിരിയാൻ പ്രേരിപ്പിക്കുന്നത്.\nadvertisement\nവില ഉയരുന്നത് വിവാഹം പോലുള്ള ആവശ്യങ്ങൾക്കായി സ്വർണം വാങ്ങുന്നതിൽ വലിയ കുറവ് രേഖപ്പെടുത്തി. വിൽപന ഇടിഞ്ഞതോടെ സംസ്ഥാനത്തെ സ്വർണ വ്യാപാര മേഖല കനത്ത പ്രതിസന്ധിയിലാണ്.\nഏറ്റവും പുതിയ\nബിസിനസ് വാർത്തകൾ, വ്യക്തിപരമായ സാമ്പത്തിക വിവരങ്ങൾ,ദിവസം തോറുമുള്ള സ്വർണ നിരക്ക് എല്ലാം അറിയാൻ News18 മലയാളത്തിനൊപ്പം വരൂLocation :\nKochi [Cochin],Ernakulam,Kerala\nFirst Published :\nNovember 27, 2025 10:10 AM IST",
    "highlightText": "",
    "highlightTitle": "",
    "highlightThreadTitle": "",
    "language": "english",
    "sentiment": "neutral",
    "categories": [
        "Economy, Business and Finance"
    ],
    "topics": [
        "Economy, Business and Finance->commodity market",
        "Economy, Business and Finance->financial and economic news"
    ],
    "ai_allow": true,
    "has_canonical": false,
    "breaking": true,
    "webz_reporter": false,
    "external_links": [],
    "external_images": [],
    "internal_images": [],
    "entities": {
        "persons": [],
        "locations": [],
        "organizations": []
    },
    "syndication": {
        "syndicated": false,
        "syndicate_id": null,
        "first_syndicated": false
    },
    "trust": {
        "categories": [
            "fake_news"
        ],
        "top_news": [
            "top_news_in",
            "top_news_ph",
            "top_news_pk",
            "top_news_ae",
            "top_news_qa",
            "top_news_sg",
            "top_news_sa",
            "top_news_kw",
            "top_news"
        ],
        "bias": "center",
        "source": {
            "type": null,
            "city": null,
            "state": null,
            "country": null,
            "domain_type": null,
            "agency": null,
            "organization_name": null
        }
    },
    "rating": null,
    "crawled": "2025-11-27T07:19:10.228+02:00",
    "updated": "2025-11-28T08:05:31.000+02:00"
}