{
    "thread": {
        "uuid": "6ca6e2fbeb8bad34f691fae28e4f733b285aadd3",
        "url": "https://urdu.news18.com/photogallery/entertainment/sridevi-sister-julie-returned-to-hindi-cinema-in-2004-after-hiatus-in-1975-give-blockbuster-hit-akshay-kareena-sunil-jackie-shroff-transpg-abi-584484.html",
        "site_full": "urdu.news18.com",
        "site": "news18.com",
        "site_section": "https://urdu.news18.com/videos/international",
        "site_categories": [
            "media",
            "top_news_in",
            "top_news_ph",
            "top_news_pk",
            "top_news_ae",
            "top_news_qa",
            "top_news_sg",
            "top_news_sa",
            "top_news_kw",
            "top_news"
        ],
        "section_title": "video International News in urdu: عالمی منظر",
        "site_title": "News: Get Latest News Today, Breaking News, Top News Headlines, India and World News | News18",
        "title": "1975میں دی بڑی ہٹ ، پھرفلمی دنیا سے اختیارکی دوری، 2004 میں کی دھماکے دار واپسی",
        "title_full": "1975میں دی بڑی ہٹ ، پھرفلمی دنیا سے اختیارکی دوری، 2004 میں کی دھماکے دار واپسی",
        "published": "2025-11-27T07:12:00.000+02:00",
        "replies_count": 0,
        "participants_count": 1,
        "site_type": "news",
        "country": "IN",
        "main_image": "https://images.news18.com/static-urdu/uploads/2025/11/1764219335_1764209120_lak-2025-11-bee11c592a6916b90fd093fc2637599b-3x2.jpg?im=FitAndFill,width=1200,height=675",
        "performance_score": 0,
        "domain_rank": 3556,
        "domain_rank_updated": "2025-11-23T23:00:00.000+02:00",
        "licensing_agency": [],
        "social": {
            "facebook": {
                "likes": 0,
                "comments": 0,
                "shares": 0
            },
            "vk": {
                "shares": 0
            }
        }
    },
    "uuid": "6ca6e2fbeb8bad34f691fae28e4f733b285aadd3",
    "url": "https://urdu.news18.com/photogallery/entertainment/sridevi-sister-julie-returned-to-hindi-cinema-in-2004-after-hiatus-in-1975-give-blockbuster-hit-akshay-kareena-sunil-jackie-shroff-transpg-abi-584484.html",
    "ord_in_thread": 0,
    "author": "@news18urdu",
    "published": "2025-11-27T07:12:00.000+02:00",
    "title": "1975میں دی بڑی ہٹ ، پھرفلمی دنیا سے اختیارکی دوری، 2004 میں کی دھماکے دار واپسی",
    "text": "1975 میں جب رومانوی ڈرامہ ’جولی‘ ریلیز ہوئی تو انھوں نے ہلچل مچا دی۔ نوجوانوں کا ہجوم سینما گھروں میں اُمڈ آیا، اور فلم زبردست ہٹ ہوئی۔\nفلم کی مقبولیت میں کہانی کے ساتھ ساتھ فنکاروں کا بھی ہاتھ رہا۔ اس فلم سے ہندی سنیما میں قدم رکھنے والی اداکارہ لکشمی راتوں رات اسٹار بن گئیں۔ فلم کی ہدایت کاری کے ایس نے کی تھی۔\nدلچسپ بات یہ ہے کہ ’جولی‘ میں سری دیوی کو بھی ایک چھوٹے بچے کے طور پر دکھایا گیا تھا، جو لکشمی کی چھوٹی بہن کا کردار ادا کر رہی تھیں۔ ’جولی‘ ملیالم ہٹ فلم’چٹکری‘ کا ہندی ریمیک تھا۔\nاگرچہ اس فلم نے لکشمی کے لیے بالی وڈ میں دروازے کھول دیے، لیکن وہ بہت زیادہہندی فلمیں نہیں کر سکیں۔ اس کی وجہ یہ تھی کہ وہ جنوبی ہند کی فلموں میں بہت مصروف تھیں اور انہیں ہندی فلموں میں اس قسم کے مضبوط، خواتین پر مبنی کردار نہیں مل رہے تھے جو وہ ادا کرنا چاہتی تھیں۔\nتقریباً تین دہائیوں کے بعد، ان کی زندگی نے ایک نیا موڑ لیا جب انھوں نے 2004 میں فلم ’ہلچل‘ کے ساتھ ہندی سنیما میں شاندار واپسی کی۔ اس فلم میں، انھوں نے کرینہ کپور کی دادی لکشمی دیوی کا مضبوط، اوٹ پٹانگ اور مضحکہ خیز کردار ادا کیا۔ ان کا کردار اتنا مضبوط اور کامک ٹائمنگ سے بھرپور تھا کہ ناظرین کو ان کےمناظر خوب پسندآئے ۔\nفلم ہلچل میں اکشے کھنہ، کرینہ کپور، امریش پوری، جیکی شراف، سنیل شیٹی، پریش راول، اور شکتی کپور نے اداکاری کی۔ کہانی دو حریف خاندانوں کے ایک لڑکے اور لڑکی کے گرد گھومتی ہے جو بدلہ لینے کے لیے ابتدا میں جھوٹی محبت کرتے ہیں، لیکن آہستہ آہستہ محبت میں گرفتار ہو جاتے ہیں۔\nصرف 10 کروڑ کے بجٹ میں بنی اس فلم نے ریلیز ہوتے ہی شاندار مظاہرہ کیا۔ اس نے پہلے ہفتے میں 8 کروڑ روپے کمائے اور کل کلیکشن 31.53 کروڑ روپے تک پہنچا دیا۔",
    "highlightText": "",
    "highlightTitle": "",
    "highlightThreadTitle": "",
    "language": "urdu",
    "sentiment": null,
    "categories": null,
    "topics": null,
    "ai_allow": true,
    "has_canonical": false,
    "breaking": true,
    "webz_reporter": false,
    "external_links": [],
    "external_images": [],
    "internal_images": [],
    "entities": {
        "persons": [],
        "locations": [],
        "organizations": []
    },
    "syndication": {
        "syndicated": null,
        "syndicate_id": null,
        "first_syndicated": false
    },
    "trust": {
        "categories": [
            "fake_news"
        ],
        "top_news": [
            "top_news_in",
            "top_news_ph",
            "top_news_pk",
            "top_news_ae",
            "top_news_qa",
            "top_news_sg",
            "top_news_sa",
            "top_news_kw",
            "top_news"
        ],
        "bias": "center",
        "source": {
            "type": null,
            "city": null,
            "state": null,
            "country": null,
            "domain_type": null,
            "agency": null,
            "organization_name": null
        }
    },
    "rating": null,
    "crawled": "2025-11-27T07:27:33.220+02:00",
    "updated": "2025-11-27T07:27:33.220+02:00"
}