{
    "thread": {
        "uuid": "9227980632a580d0db04a39d3a4cbbce98722290",
        "url": "https://www.newsbreak.com/massachusetts-insights-1857199/4368424014379-transitioning-from-southern-california-to-worcester-a-newcomer-s-guide",
        "site_full": "www.newsbreak.com",
        "site": "newsbreak.com",
        "site_section": "https://newsbreak.com/gardner-ma",
        "site_categories": [
            "under_construction"
        ],
        "section_title": "Gardner, MA Local News and More | NewsBreak",
        "site_title": "NewsBreak: Local News &amp; Alerts",
        "title": "Transitioning from Southern California to Worcester: A Newcomer's Guide - NewsBreak",
        "title_full": "Transitioning from Southern California to Worcester: A Newcomer's Guide - NewsBreak",
        "published": "2025-11-26T23:48:00.000+02:00",
        "replies_count": 0,
        "participants_count": 1,
        "site_type": "news",
        "country": "US",
        "main_image": "https://img.particlenews.com/img/id/1luSDY_16sj7d4J00",
        "performance_score": 0,
        "domain_rank": 2819,
        "domain_rank_updated": "2025-11-23T23:00:00.000+02:00",
        "licensing_agency": [],
        "social": {
            "facebook": {
                "likes": 0,
                "comments": 0,
                "shares": 0
            },
            "vk": {
                "shares": 0
            }
        }
    },
    "uuid": "9227980632a580d0db04a39d3a4cbbce98722290",
    "url": "https://www.newsbreak.com/massachusetts-insights-1857199/4368424014379-transitioning-from-southern-california-to-worcester-a-newcomer-s-guide",
    "ord_in_thread": 0,
    "author": "Massachusetts Insights",
    "published": "2025-11-26T23:48:00.000+02:00",
    "title": "Transitioning from Southern California to Worcester: A Newcomer's Guide - NewsBreak",
    "text": "7 hours ago Photo from Unsplash\nA recent social media post has sparked a lively discussion about the city of Worcester, Massachusetts. The post was made by a Southern California resident who has just accepted a full-time job in Worcester and is seeking advice about relocating to the city. The user asked for tips and insights about the town, prompting a variety of responses from locals and those familiar with the area.\nPublic Opinion\nThe discussion thread on Reddit offered a wealth of advice for the soon-to-be Worcester resident. Many users emphasized the importance of preparing for the city's distinct four seasons, particularly the cold winters. Suggestions included investing in quality winter gear such as boots, coats, gloves, and hats.\nIn addition to practical advice, users also highlighted the cultural and recreational opportunities in and around Worcester. The Worcester Art Museum was mentioned for its impressive collection, and the local theater scene was described as somewhat active. For those seeking more options, Boston and Providence were recommended as they are within an easy drive, provided one avoids traffic.\nOutdoor enthusiasts also had plenty to look forward to. Day trips to Vermont or New Hampshire were suggested for a change of scenery and a chance to experience the mountains. Central Massachusetts was also praised for its beautiful, albeit not overly strenuous, local trails and numerous bike paths within driving distance.\nThe community in Worcester was described as wonderfully diverse, with a myriad of activities available throughout the state and surrounding states.\nWhat do you think?\nWe'd love to hear from our readers. If you're a resident of Worcester or have spent time in the city, what advice would you give to someone moving there? What are your favorite things about Worcester? What should newcomers know before they arrive? Share your thoughts and experiences in the comments below.\nThis content was assisted by AI and may contain errors. Please verify critical information with trusted sources. Learn more.",
    "highlightText": "",
    "highlightTitle": "",
    "highlightThreadTitle": "",
    "language": "english",
    "sentiment": "neutral",
    "categories": [
        "Lifestyle and Leisure",
        "Human Interest"
    ],
    "topics": [
        "Lifestyle and Leisure->lifestyle",
        "Lifestyle and Leisure->travel and tourism"
    ],
    "ai_allow": true,
    "has_canonical": true,
    "breaking": null,
    "webz_reporter": false,
    "external_links": [
        "https://img.particlenews.com/image.php?type=thumbnail_580x000&url=1luSDY_16sj7d4J00",
        "https://images.unsplash.com/photo-1709830807506-c95b5f8fc49c?fm=jpg&q=60&w=3000&ixlib=rb-4.1.0&ixid=M3wxMjA3fDB8MHxzZWFyY2h8Mnx8d29yY2VzdGVyfGVufDB8fDB8fHww",
        "https://img.particlenews.com/image.php?url=1luSDY_16sj7d4J00",
        "https://www.reddit.com/r/WorcesterMA/comments/1p72ai5/moving_to_worcester/",
        "https://images.unsplash.com/photo-1709830807506-c95b5f8fc49c",
        "https://www.img.particlenews.com/image.php?type=thumbnail_580x000&url=1luSDY_16sj7d4J00",
        "https://www.img.particlenews.com/image.php?url=1luSDY_16sj7d4J00",
        "https://img.particlenews.com/image.php",
        "https://reddit.com/r/WorcesterMA/comments/1p72ai5/moving_to_worcester/",
        "https://www.reddit.com/r/WorcesterMA/comments/1p72ai5/moving_to_worcester",
        "https://www.images.unsplash.com/photo-1709830807506-c95b5f8fc49c?fm=jpg&q=60&w=3000&ixlib=rb-4.1.0&ixid=M3wxMjA3fDB8MHxzZWFyY2h8Mnx8d29yY2VzdGVyfGVufDB8fDB8fHww"
    ],
    "external_images": [],
    "internal_images": [],
    "entities": {
        "persons": [],
        "locations": [
            {
                "name": "Southern",
                "sentiment": "none"
            },
            {
                "name": "Reddit",
                "sentiment": "none"
            }
        ],
        "organizations": []
    },
    "syndication": {
        "syndicated": false,
        "syndicate_id": null,
        "first_syndicated": false
    },
    "trust": {
        "categories": [
            "fake_news"
        ],
        "top_news": [],
        "bias": "center",
        "source": {
            "type": null,
            "city": null,
            "state": null,
            "country": null,
            "domain_type": null,
            "agency": null,
            "organization_name": null
        }
    },
    "rating": null,
    "crawled": "2025-11-27T07:27:15.134+02:00",
    "updated": "2025-11-27T07:30:49.000+02:00"
}