{
    "thread": {
        "uuid": "6a826e943063563ec11c18d446f2759c7d9d06b0",
        "url": "https://www.hindustantimes.com/genesis/axis-max-life-launches-bse-500-dividend-leaders-50-index-pension-fund-for-long-term-dividend-led-retirement-corpus-101764220131967.html",
        "site_full": "www.hindustantimes.com",
        "site": "hindustantimes.com",
        "site_section": "https://hindustantimes.com/sports",
        "site_categories": [
            "media",
            "top_news_pk",
            "top_news_gb",
            "top_news_kw",
            "top_news_sa",
            "top_news_nz",
            "top_news_au",
            "top_news_sg",
            "top_news_ie",
            "top_news_za",
            "top_news_ph",
            "top_news_ae",
            "top_news_us",
            "top_news_in",
            "top_news_ca",
            "top_news_my",
            "top_news_iq",
            "top_news_qa",
            "top_news"
        ],
        "section_title": "Sports News, Latest Sports News, Sports News Headlines Today | Hindustan Times",
        "site_title": "News: Today’s News Headlines, Breaking News India, World News and Cricket News | Hindustan Times",
        "title": "Axis Max Life launches BSE 500 Dividend Leaders 50 Index Pension Fund for long-term, dividend-led retirement corpus | Hindustan Times",
        "title_full": "Axis Max Life launches BSE 500 Dividend Leaders 50 Index Pension Fund for long-term, dividend-led retirement corpus | Hindustan Times",
        "published": "2025-11-27T07:14:00.000+02:00",
        "replies_count": 0,
        "participants_count": 1,
        "site_type": "news",
        "country": "IN",
        "main_image": "https://www.hindustantimes.com/ht-img/img/2025/11/27/1600x900/logo/Screenshot_2025-11-27_104153_1764220353845_1764220363829.png",
        "performance_score": 0,
        "domain_rank": 825,
        "domain_rank_updated": "2025-11-23T23:00:00.000+02:00",
        "licensing_agency": [],
        "social": {
            "facebook": {
                "likes": 0,
                "comments": 0,
                "shares": 0
            },
            "vk": {
                "shares": 0
            }
        }
    },
    "uuid": "6a826e943063563ec11c18d446f2759c7d9d06b0",
    "url": "https://www.hindustantimes.com/genesis/axis-max-life-launches-bse-500-dividend-leaders-50-index-pension-fund-for-long-term-dividend-led-retirement-corpus-101764220131967.html",
    "ord_in_thread": 0,
    "author": "@httweets",
    "published": "2025-11-27T07:14:00.000+02:00",
    "title": "Axis Max Life launches BSE 500 Dividend Leaders 50 Index Pension Fund for long-term, dividend-led retirement corpus | Hindustan Times",
    "text": "Axis Max Life launches BSE 500 Dividend Leaders 50 Index Pension Fund for long-term, dividend-led retirement corpus\nThe newly launched BSE 500 Dividend Leaders 50 Index Pension Fund by Axis Max Life Insurance focuses on stable, high dividend-yield companies.\nAxis Max Life Insurance Limited, formerly known as Max Life Insurance Company Limited (“Axis Max Life”/“Company”), has launched the BSE 500 Dividend Leaders 50 Index Pension Fund (SFIN: ULIF04017/11/25PENDIVLEAD104), a passively managed pension fund designed to help customers build retirement wealth through a transparent, factor-based equity strategy. The fund is based on a portfolio of companies that have shown consistent cash flows and the ability to navigate market cycles.\nThe fund is available to new policyholders of the Axis Max Life Forever Young Pension Plan (A Unit-Linked Non-Participating Individual Pension Plan) (UIN: 104L075V07), allowing them to combine life cover with market-linked retirement wealth creation under a single integrated solution. The Index Fund will be available at a Net Asset Value (NAV) of ₹10 per unit during the New Fund Offer (NFO) period until December 1, 2025.\nAt a time when long-term retirement planning is gaining importance, this passive pension fund offers customers a rules-based approach by tracking the BSE 500 Dividend Leaders 50 Index. The index comprises 50 companies from the BSE 500 that rank well on a normalized dividend yield score and meet eligibility criteria including decade-long dividend track records and stable listing history. The index strategy is transparent, diversified across sectors like Energy, Information Technology, and Commodities, and mandates an equity allocation of 80% to 100%. The result is a portfolio tilted towards financially disciplined businesses that have shown steady financial performance over time..\nSachin Bajaj, Executive Vice President and Chief Investments Officer, Axis Max Life, said, “Dividend-yield leaders have historically shown resilience across economic cycles, and this is particularly relevant in today’s uncertain macro environment. By focusing on high dividend yield, a metric often indicative of solid fundamentals, we are providing our policyholders with a long-term equity allocation that offers the potential for outperformance and downside protection compared to the broader market, making it an ideal anchor for a truly secured retirement journey. We believe this fund will strengthen our customers’ ability to stay invested through cycles and build a dependable corpus for their later years.”\nThe new offering draws from the underlying index - the BSE 500 Dividend Leaders 50 Index, which has historically shown its potential to generate returns in line with its methodology. The fund thereby presents an option for customers seeking long-term equity exposure for retirement, while balancing concentration risk through sectoral and stock-level diversification.\nNote to the Reader: This article is part of Hindustan Times' promotional consumer connect initiative and is independently created by the brand. Hindustan Times assumes no editorial responsibility for the content.\nThe content may be for information and awareness purposes and does not constitute any financial advice.",
    "highlightText": "",
    "highlightTitle": "",
    "highlightThreadTitle": "",
    "language": "english",
    "sentiment": "neutral",
    "categories": [
        "Economy, Business and Finance"
    ],
    "topics": [
        "Economy, Business and Finance->investment and opinion pieces",
        "Economy, Business and Finance->financial service"
    ],
    "ai_allow": true,
    "has_canonical": false,
    "breaking": true,
    "webz_reporter": false,
    "external_links": [
        "https://www.axismaxlife.com/",
        "https://axismaxlife.com/",
        "https://www.axismaxlife.com"
    ],
    "external_images": [],
    "internal_images": [],
    "entities": {
        "persons": [],
        "locations": [],
        "organizations": [
            {
                "name": "Hindustan Times",
                "sentiment": "negative",
                "tickers": [
                    {
                        "ticker": null,
                        "exchange": null
                    }
                ]
            },
            {
                "name": "Max Life Insurance Company Limited",
                "sentiment": "none",
                "tickers": [
                    {
                        "ticker": null,
                        "exchange": null
                    }
                ]
            },
            {
                "name": "Max Life Insurance Limited",
                "sentiment": "none",
                "tickers": []
            }
        ]
    },
    "syndication": {
        "syndicated": false,
        "syndicate_id": null,
        "first_syndicated": false
    },
    "trust": {
        "categories": [
            "fake_news"
        ],
        "top_news": [
            "top_news_pk",
            "top_news_gb",
            "top_news_kw",
            "top_news_sa",
            "top_news_nz",
            "top_news_au",
            "top_news_sg",
            "top_news_ie",
            "top_news_za",
            "top_news_ph",
            "top_news_ae",
            "top_news_us",
            "top_news_in",
            "top_news_ca",
            "top_news_my",
            "top_news_iq",
            "top_news_qa",
            "top_news"
        ],
        "bias": "center",
        "source": {
            "type": null,
            "city": null,
            "state": null,
            "country": null,
            "domain_type": null,
            "agency": null,
            "organization_name": null
        }
    },
    "rating": null,
    "crawled": "2025-11-27T07:19:48.885+02:00",
    "updated": "2025-11-28T08:05:04.000+02:00"
}