{
    "thread": {
        "uuid": "ca7ff38a7108395ef3661446b103a0a0a7d2c953",
        "url": "https://hindi.news18.com/photogallery/lifestyle/tips-and-tricks-home-cleaning-tips-for-diwali-in-hindi-local18-9739913.html",
        "site_full": "hindi.news18.com",
        "site": "news18.com",
        "site_section": "https://hindi.news18.com/photogallery/lifestyle",
        "site_categories": [
            "tech",
            "top_news_in",
            "top_news_ph",
            "top_news_pk",
            "top_news_ae",
            "top_news_qa",
            "top_news_sg",
            "top_news_sa",
            "top_news_kw",
            "top_news"
        ],
        "section_title": "Lifestyle Photo Gallery News in Hindi (लाइफस्टाइल फोटो): Latest Trending Health, Fitness and Lifestyle Images in Hindi",
        "site_title": "News: Get Latest News Today, Breaking News, Top News Headlines, India and World News | News18",
        "title": "दिवाली की सफाई में घर का कोना-कोना होगा साफ, बस इन आसान तरीकों को अपनाएं",
        "title_full": "दिवाली की सफाई में घर का कोना-कोना होगा साफ, बस इन आसान तरीकों को अपनाएं",
        "published": "2025-10-15T14:27:00.000+03:00",
        "replies_count": 0,
        "participants_count": 1,
        "site_type": "news",
        "country": "IN",
        "main_image": "https://images.news18.com/ibnkhabar/uploads/2025/10/HYP_5517376_cropped_15102025_115615_picsart_251015_114320232_w_1-16x9.jpg",
        "performance_score": 0,
        "domain_rank": 3556,
        "domain_rank_updated": "2025-10-13T00:00:00.000+03:00",
        "licensing_agency": [],
        "social": {
            "facebook": {
                "likes": 0,
                "comments": 0,
                "shares": 0
            },
            "vk": {
                "shares": 0
            }
        }
    },
    "uuid": "ca7ff38a7108395ef3661446b103a0a0a7d2c953",
    "url": "https://hindi.news18.com/photogallery/lifestyle/tips-and-tricks-home-cleaning-tips-for-diwali-in-hindi-local18-9739913.html",
    "ord_in_thread": 0,
    "author": "@news18india",
    "published": "2025-10-15T14:27:00.000+03:00",
    "title": "दिवाली की सफाई में घर का कोना-कोना होगा साफ, बस इन आसान तरीकों को अपनाएं",
    "text": "दिवाली की सफाई में घर का कोना-कोना होगा साफ, बस इन आसान तरीकों को अपनाएं\nLast Updated:\nHome Cleaning Tips For Diwali: सबसे पहले बात करें प्लानिंग की. सफाई शुरू करने से पहले तय कर लें कि किस दिन कौन-सा हिस्सा साफ करेंगे. एक साथ पूरे घर पर हाथ डालने से काम बिखर जाता है. अगर एक दिन रसोई, अगले दिन बेडरूम और फिर ड्रॉइंग रूम की सफाई की जाए तो काम आसान हो जाता है और थकान भी कम होती है.\nदिवाली का त्योहार नजदीक आते ही घरों में सफाई की होड़ शुरू हो जाती है. हर कोना चमकाना, पुराने सामान हटाना और नई सजावट करना. सब कुछ एक साथ करने से अक्सर लोग थक जाते हैं, लेकिन अगर सफाई को थोड़ा प्लान और स्मार्ट तरीके से किया जाए तो यह मुश्किल नहीं बल्कि मजेदार काम बन सकता है. आइए जानते हैं कुछ आसान और कारगर टिप्स, जिनसे आप घंटों की सफाई मिनटों में कर सकते हैं.\nसबसे पहले बात करें प्लानिंग की. सफाई शुरू करने से पहले तय कर लें कि किस दिन कौन-सा हिस्सा साफ करेंगे. एक साथ पूरे घर पर हाथ डालने से काम बिखर जाता है. अगर एक दिन रसोई, अगले दिन बेडरूम और फिर ड्रॉइंग रूम की सफाई की जाए तो काम आसान हो जाता है और थकान भी कम होती है.\nAdvertisement\nदूसरा महत्वपूर्ण कदम है अनावश्यक सामान हटाना. सफाई का सबसे बड़ा हिस्सा यही होता है कि क्या रखना है और क्या निकालना है. घर में रखे पुराने अखबार, टूटे खिलौने, बेकार बर्तन या कपड़े—इन सबको पहले अलग कर लें. “डिक्लटरिंग” यानी अनावश्यक चीजें हटाना, सफाई को 50% आसान बना देता है.\nअब बात करें स्मार्ट क्लीनिंग टूल्स की. आजकल बाजार में माइक्रोफाइबर कपड़े, डस्टर मॉप, हैंडहेल्ड वैक्यूम क्लीनर और मल्टी-सर्फेस स्प्रे जैसे उत्पाद उपलब्ध हैं, जो सफाई के समय और मेहनत दोनों कम करते हैं. खासकर माइक्रोफाइबर कपड़ा धूल को पकड़ने में बेहद असरदार होता है और इसे बार-बार इस्तेमाल किया जा सकता है.\nरसोई की सफाई के लिए सिरका और बेकिंग सोडा सबसे बढ़िया घरेलू उपाय हैं. गैस स्टोव, सिंक या टाइल्स पर जमी चिकनाई को हटाने के लिए बेकिंग सोडा और नींबू के रस का मिश्रण चमत्कारिक काम करता है. वहीं, सिरका कांच और स्टील की सतहों को चमकदार बना देता है.\nAdvertisement\nबाथरूम और फर्श की सफाई के लिए एक टिप—गुनगुने पानी में थोड़ा-सा डिटर्जेंट और नींबू का रस मिलाकर फर्श पोछें. इससे न केवल दाग हटते हैं बल्कि ताजगी की खुशबू भी बनी रहती है. सफाई के दौरान संगीत सुनना या परिवार को इसमें शामिल करना काम को और भी आनंददायक बना देता है. इससे थकान महसूस नहीं होती और सफाई एक टीम एक्टिविटी बन जाती है.\nन्यूज़18 को गूगल पर अपने पसंदीदा समाचार स्रोत के रूप में जोड़ने के लिए",
    "highlightText": "",
    "highlightTitle": "",
    "highlightThreadTitle": "",
    "language": "hindi",
    "sentiment": null,
    "categories": null,
    "topics": null,
    "ai_allow": true,
    "has_canonical": false,
    "breaking": null,
    "webz_reporter": false,
    "external_links": [],
    "external_images": [],
    "internal_images": [],
    "entities": {
        "persons": [],
        "locations": [],
        "organizations": []
    },
    "syndication": {
        "syndicated": null,
        "syndicate_id": null,
        "first_syndicated": false
    },
    "trust": {
        "categories": [
            "fake_news"
        ],
        "top_news": [
            "top_news_in",
            "top_news_ph",
            "top_news_pk",
            "top_news_ae",
            "top_news_qa",
            "top_news_sg",
            "top_news_sa",
            "top_news_kw",
            "top_news"
        ],
        "bias": "center",
        "source": {
            "type": null,
            "city": null,
            "state": null,
            "country": null,
            "domain_type": null,
            "agency": null,
            "organization_name": null
        }
    },
    "rating": null,
    "crawled": "2025-10-16T07:21:31.623+03:00",
    "updated": "2025-10-17T08:08:42.000+03:00"
}