{
    "thread": {
        "uuid": "7bb31ac9e22a3142885c91b9680cf152cf2370ca",
        "url": "https://hindi.news18.com/news/lifestyle/tips-and-tricks-peel-garlic-in-just-minutes-know-this-easy-home-trick-lahsun-chilne-ke-liye-aasan-tarika-local18-ws-d-9741783.html",
        "site_full": "hindi.news18.com",
        "site": "news18.com",
        "site_section": "https://hindi.news18.com/amp/news",
        "site_categories": [
            "tech",
            "top_news_in",
            "top_news_ph",
            "top_news_pk",
            "top_news_ae",
            "top_news_qa",
            "top_news_sg",
            "top_news_sa",
            "top_news_kw",
            "top_news"
        ],
        "section_title": "Latest News in Hindi: हिंदी की ताज़ा खबर, ब्रेकिंग और लेटेस्ट न्यूज़",
        "site_title": "News: Get Latest News Today, Breaking News, Top News Headlines, India and World News | News18",
        "title": "Kitchen Tips: अब नहीं करना पड़ेगा लहसुन छीलने में मेहनत, ये घरेलू नुस्खे करेंगे काम आसान - Uttar Pradesh News - News18 हिंदी",
        "title_full": "Kitchen Tips: अब नहीं करना पड़ेगा लहसुन छीलने में मेहनत, ये घरेलू नुस्खे करेंगे काम आसान - Uttar Pradesh News - News18 हिंदी",
        "published": "2025-10-16T06:41:00.000+03:00",
        "replies_count": 0,
        "participants_count": 1,
        "site_type": "news",
        "country": "IN",
        "main_image": "https://images.news18.com/ibnkhabar/uploads/2025/10/HYP_5518811_cropped_15102025_221805_img_20251013_174528_waterm_1-16x9.jpg",
        "performance_score": 0,
        "domain_rank": 3556,
        "domain_rank_updated": "2025-10-13T00:00:00.000+03:00",
        "licensing_agency": [],
        "social": {
            "facebook": {
                "likes": 0,
                "comments": 0,
                "shares": 0
            },
            "vk": {
                "shares": 0
            }
        }
    },
    "uuid": "7bb31ac9e22a3142885c91b9680cf152cf2370ca",
    "url": "https://hindi.news18.com/news/lifestyle/tips-and-tricks-peel-garlic-in-just-minutes-know-this-easy-home-trick-lahsun-chilne-ke-liye-aasan-tarika-local18-ws-d-9741783.html",
    "ord_in_thread": 0,
    "author": "@news18india",
    "published": "2025-10-16T06:41:00.000+03:00",
    "title": "Kitchen Tips: अब नहीं करना पड़ेगा लहसुन छीलने में मेहनत, ये घरेलू नुस्खे करेंगे काम आसान - Uttar Pradesh News - News18 हिंदी",
    "text": "lahsun chhilne ke asan upay: देशी मसाले हमारी सब्जियों का स्वाद अनोखा बना देते हैं. लहसुन की बात करें तो यह खाने का जायका बढ़ा देता है. आयुर्वेद में भी लहसुन को बेहद लाभकारी माना गया है. लहसुन की एक छोटी सी कली हमारे शरीर के लिए काफी फायदेमंद होती है. अगर सुबह 2 कली लहसुन खा लें तो इससे ब्लड प्रेशर नियंत्रित रहता है. भारतीय व्यंजनों में लहसुन का काफी उपयोग होता है. सब्जियों के साथ-साथ दाल और पराठों में भी लहसुन का प्रयोग किया जाता है. हालांकि, लहसुन छीलना काफी चुनौतीपूर्ण काम होता है और यह सबसे ज्यादा समय लेने वाला और उबाऊ भी हो सकता है. यही वजह है कि आजकल मार्केट से छोटे और देसी लहसुन गायब होने लगे हैं, क्योंकि इनकी छोटी कलियों को छीलना मुश्किल हो जाता है. आज हम आपको बताएंगे कि लहसुन की कलियों को आसानी से और कम समय में कैसे छील सकते हैं. जिससे आपके हाथ भी न दर्द करें. यह चीज डालने पर हट जाएगा छिलका ग्रामीण सूर्यमोहन शुक्ला ने लोकल 18 से बताया कि सबसे पहले आपको कोई भी लहसुन लेना चाहिए जिसमें गांठें हों. अब इन्हें ऊपर से काटते जाएं. जैसे किसी सब्जी को काटते हैं. लहसुन की सारी गांठों को काटने के बाद इसे किसी बर्तन या बड़ी प्लेट में रखें. अब कटे हुए लहसुन के ऊपर करीब 2 चम्मच अरारोट डालें. अरारोट को लहसुन में मिक्स करें और फिर हाथ से रगड़ते हुए छिलका हटाएं. आप देखेंगे कि लहसुन का छिलका बिना मेहनत के आसानी से निकल रहा है. छीलने से पहले करें यह काम सूर्यमोहन ने आगे बताया कि अगर आप लहसुन को कुछ ही सेकंड में छीलना चाहते हैं तो आपको लहसुन को छीलने से पहले लगभग 5 से 7 मिनट तक पानी में भिगोना चाहिए. उसके बाद जैसे ही आप पानी से लहसुन निकालेंगे और हल्का रगड़ देंगे तो उसका छिलका अपने आप निकल जाएगा. ध्यान रखें कि पानी ज्यादा ठंडा ना हो, सामान्य या हल्का गुनगुना हो. यह भी कर सकते हैं प्रयोग ऊपर दिए गए दो ट्रिक के अलावा आप बेकिंग सोडा के माध्यम से भी लहसुन को आसानी से छील सकते हैं. इसके लिए आप पानी में आधा चम्मच बेकिंग सोडा डालें और लहसुन की कलियों को 5 मिनट तक इस पानी में डाल दें. 5 मिनट बाद जब लहसुन को निकाल कर हाथों से हल्का रगड़ेंगे तो छिलका अपने आप निकल जाएगा.",
    "highlightText": "",
    "highlightTitle": "",
    "highlightThreadTitle": "",
    "language": "hindi",
    "sentiment": null,
    "categories": null,
    "topics": null,
    "ai_allow": true,
    "has_canonical": false,
    "breaking": true,
    "webz_reporter": false,
    "external_links": [],
    "external_images": [],
    "internal_images": [],
    "entities": {
        "persons": [],
        "locations": [],
        "organizations": []
    },
    "syndication": {
        "syndicated": null,
        "syndicate_id": null,
        "first_syndicated": false
    },
    "trust": {
        "categories": [
            "fake_news"
        ],
        "top_news": [
            "top_news_in",
            "top_news_ph",
            "top_news_pk",
            "top_news_ae",
            "top_news_qa",
            "top_news_sg",
            "top_news_sa",
            "top_news_kw",
            "top_news"
        ],
        "bias": "center",
        "source": {
            "type": null,
            "city": null,
            "state": null,
            "country": null,
            "domain_type": null,
            "agency": null,
            "organization_name": null
        }
    },
    "rating": null,
    "crawled": "2025-10-16T07:16:20.077+03:00",
    "updated": "2025-10-17T08:05:53.000+03:00"
}