{
    "thread": {
        "uuid": "81425e6465666205750a0d43049179365ae31aec",
        "url": "https://cn.chinadaily.com.cn/a/202510/16/WS68f06461a310c4deea5ec918.html",
        "site_full": "cn.chinadaily.com.cn",
        "site": "chinadaily.com.cn",
        "site_section": "https://china.chinadaily.com.cn",
        "site_categories": [
            "japan",
            "travel"
        ],
        "section_title": "时评频道 - 中国日报网",
        "site_title": "China Daily Website - Connecting China Connecting the World",
        "title": "东西问·中国学｜短评：世界为何需要\"中国学\"？ - 中国日报网",
        "title_full": "东西问·中国学｜短评：世界为何需要\"中国学\"？ - 中国日报网",
        "published": "2025-10-16T06:11:00.000+03:00",
        "replies_count": 0,
        "participants_count": 1,
        "site_type": "news",
        "country": "CN",
        "main_image": "",
        "performance_score": 0,
        "domain_rank": 2555,
        "domain_rank_updated": "2025-10-13T00:00:00.000+03:00",
        "licensing_agency": [],
        "social": {
            "facebook": {
                "likes": 0,
                "comments": 0,
                "shares": 0
            },
            "vk": {
                "shares": 0
            }
        }
    },
    "uuid": "81425e6465666205750a0d43049179365ae31aec",
    "url": "https://cn.chinadaily.com.cn/a/202510/16/WS68f06461a310c4deea5ec918.html",
    "ord_in_thread": 0,
    "author": "global.chinadaily.com.cn",
    "published": "2025-10-16T06:11:00.000+03:00",
    "title": "东西问·中国学｜短评：世界为何需要\"中国学\"？ - 中国日报网",
    "text": "第二届世界中国学大会13日至15日在上海举行。近500名中外专家学者与会，交流分享各自关于中国的研究心得、思考与创见，这一现象本身就值得关注和探究。\n2025年10月14日，第二届世界中国学大会在上海开幕。本次大会以“世界视野下的历史中国与当代中国”为主题。中新社 记者 汤彦俊 摄 世界为何需要“中国学”？\n透过本届大会主题，即可洞见其中深意。“世界视野下的历史中国与当代中国”，精要概括出世界中国学的要义：融通中外的视角、贯通古今的学问，连结历史与当下。\n正如英国历史学家汤因比所言，人类文明的产生和演化是多元的，在过去6000多年间，世界上出现过多达26种文明。而只有中华文明，是世界上唯一绵延不断且以国家形态发展至今的文明，中华文化是延续至今且从未中断过的文化。在人类文明再次行至“十字路口”的当下，了解和借鉴中华文明的智慧，中华文化的独特，日益成为各国有识之士的共识。\n2025年10月14日，第二届世界中国学大会在上海开幕。会场设世界中国学优秀成果展，文明对话文献展。图为“东西问”出版物在展览区展陈。中新社 记者 韩禹 摄 中国学自然是一门广博的大学问。然而，无论发轫于欧陆的“汉学”(Sinology)，崛起于北美的“中国研究”(China Study或Chinese Study)，抑或梁启超、章太炎先生等提出的“国学”，饶宗颐、李学勤等学者主张的“华学”，均专精于一时或一隅，学术上的分野易导致认知上的壁垒。\n长此以往，便出现了一种现象：汉学家往往对当代中国的日新月异兴趣不足，“中国研究”专家则对古代中国的灿烂文化一知半解；中国本土学者少有国际视野的兼具，海外研究人员又容易缺乏田野调查和一手材料。\n世界需要更全面了解中国，中国也需要更充分对话世界。在此背景下，2023年升级的世界中国学大会，已成为中国与世界对话的重要学术平台。更重要的是，世界中国学作为跨文化、跨学科、跨时代的全新概念，吸引中外广泛关注，影响力已超越纯学术层面，成为中外人文交流、文明互鉴的广阔场域。\n2025年10月14日，第二届世界中国学大会在上海开幕，与会者步入开幕式会场。中新社 记者 汤彦俊 摄 世界中国学既为西方传统汉学、“中国研究”学界提供了新思路，也为全球南方国家，全面深入了解中国及中国学研究前沿，提供了更宽阔的窗口。这不仅使世界中国学本身更具广泛代表性，也让来自不同国家、种族、文化的人们拥有了跨文化共同研究，全面全方位探讨的对象、平等对话交流的舞台。\n立足当下，变乱交织的世界迫切需要稳定、和合、包容、创新。世界中国学既关注中华文明突出特性的阐发，也研究当代中国和平崛起的密码，当各国各界人士愿意为此坐而论道，其价值显而易见。\n反观中国，在推进中国式现代化，实现民族复兴的当下，以历史中国为镜鉴、以其他文明为参照、以人类未来为担当，当属人民所期、世界所盼。\n此际，世界中国学的兴起可谓中国与世界的“双向奔赴”。中国收获的是来自世界的真知灼见，世界得到的是中华文明智慧的回响与人类共创未来的启迪。\n中新社 记者 安英昭\n来源：东西问微信公众号",
    "highlightText": "",
    "highlightTitle": "",
    "highlightThreadTitle": "",
    "language": "chinese",
    "sentiment": null,
    "categories": null,
    "topics": null,
    "ai_allow": true,
    "has_canonical": false,
    "breaking": null,
    "webz_reporter": false,
    "external_links": [],
    "external_images": [],
    "internal_images": [],
    "entities": {
        "persons": [],
        "locations": [],
        "organizations": []
    },
    "syndication": {
        "syndicated": null,
        "syndicate_id": null,
        "first_syndicated": false
    },
    "trust": {
        "categories": [
            "fake_news"
        ],
        "top_news": [],
        "bias": null,
        "source": {
            "type": null,
            "city": null,
            "state": null,
            "country": null,
            "domain_type": null,
            "agency": null,
            "organization_name": null
        }
    },
    "rating": null,
    "crawled": "2025-10-16T07:23:41.690+03:00",
    "updated": "2025-10-16T07:23:41.690+03:00"
}