{
    "thread": {
        "uuid": "f118a7e873cf89abcd6783db5d39621f79fc8780",
        "url": "https://youngstowntimes.com/stories/675790599-ohio-house-passes-bill-to-update-excavation-safety-laws",
        "site_full": "youngstowntimes.com",
        "site": "youngstowntimes.com",
        "site_section": "https://world.einnews.com/ajax/headlines",
        "site_categories": [],
        "section_title": "",
        "site_title": "Youngstown Times",
        "title": "Ohio House passes bill to update excavation safety laws",
        "title_full": "Ohio House passes bill to update excavation safety laws",
        "published": "2025-10-15T14:51:00.000+03:00",
        "replies_count": 0,
        "participants_count": 1,
        "site_type": "news",
        "country": "US",
        "main_image": "https://s3.amazonaws.com/jnswire/jns-media/ad/e1/26777316/webp_424fctxx5c9g9x0is9gljhubuw84.webp",
        "performance_score": 0,
        "domain_rank": null,
        "domain_rank_updated": null,
        "licensing_agency": [],
        "social": {
            "facebook": {
                "likes": 0,
                "comments": 0,
                "shares": 0
            },
            "vk": {
                "shares": 0
            }
        }
    },
    "uuid": "f118a7e873cf89abcd6783db5d39621f79fc8780",
    "url": "https://youngstowntimes.com/stories/675790599-ohio-house-passes-bill-to-update-excavation-safety-laws",
    "ord_in_thread": 0,
    "author": "K. T. Blue",
    "published": "2025-10-15T14:51:00.000+03:00",
    "title": "Ohio House passes bill to update excavation safety laws",
    "text": "State Rep. Monica Robb Blasdel | The Ohio House of Representatives\nState Rep. Monica Robb Blasdel | The Ohio House of Representatives\nThe Ohio House of Representatives has approved House Bill 227, which aims to improve excavation safety standards and restore the state’s eligibility for federal pipeline safety grant funding. The bill was announced by State Representatives Monica Robb Blasdel (R-New Waterford) and Mark Johnson (R-Chillicothe).\nHouse Bill 227 proposes updates to the Ohio Revised Code regarding regulated excavation activities. The changes are intended to enhance public safety, improve coordination between excavators and utility operators, and ensure Ohio complies with federal standards set by the U.S. Department of Transportation.\n“This legislation is about safety, flexibility, and modernization,” said Rep. Robb Blasdel. “By updating Ohio’s excavation laws, we’re giving operators the time and clarity they need to work safely and helping Ohio regain access to federal funding that promotes damage prevention.”\nUnder the bill, utility operators will have two full working days, not including the day of notification, to respond to excavation notices and mark underground utilities. The timeframe for beginning excavation will be extended from 10 working days to 16 calendar days, providing more flexibility for project planning. Additionally, the bill updates the definition of “excavation” by removing outdated blanket exemptions and specifying shallow-depth activities under twelve inches. References to “Limited Basis Participants,” a term no longer used in the industry, are also removed.\n“By aligning Ohio law with federal standards, we’re ensuring safer worksites and unlocking new opportunities for federal support,” said Rep. Johnson.\nThe legislation will now proceed to the Ohio Senate for further consideration.",
    "highlightText": "",
    "highlightTitle": "",
    "highlightThreadTitle": "",
    "language": "english",
    "sentiment": null,
    "categories": null,
    "topics": null,
    "ai_allow": true,
    "has_canonical": false,
    "breaking": null,
    "webz_reporter": false,
    "external_links": [],
    "external_images": [],
    "internal_images": [],
    "entities": {
        "persons": [
            {
                "name": "Monica Robb Blasdel",
                "sentiment": "none"
            },
            {
                "name": "Mark Johnson",
                "sentiment": "none"
            }
        ],
        "locations": [],
        "organizations": []
    },
    "syndication": {
        "syndicated": false,
        "syndicate_id": null,
        "first_syndicated": false
    },
    "trust": {
        "categories": [
            "fake_news"
        ],
        "top_news": [],
        "bias": null,
        "source": {
            "type": null,
            "city": null,
            "state": null,
            "country": null,
            "domain_type": null,
            "agency": null,
            "organization_name": null
        }
    },
    "rating": null,
    "crawled": "2025-10-16T07:28:41.102+03:00",
    "updated": "2025-10-16T07:28:41.102+03:00"
}