{
    "thread": {
        "uuid": "8a3fd68646857b659f151151cfc235d86b04cb68",
        "url": "https://carbondalereporter.com/stories/675790014-southern-illinois-to-host-north-dakota-in-annual-blackout-cancer-football-game",
        "site_full": "carbondalereporter.com",
        "site": "carbondalereporter.com",
        "site_section": "https://carbondalereporter.com/stories.rss",
        "site_categories": [
            "media"
        ],
        "section_title": "Carbondale Reporter",
        "site_title": "Carbondale Reporter",
        "title": "Southern Illinois to host North Dakota in annual Blackout Cancer football game",
        "title_full": "Southern Illinois to host North Dakota in annual Blackout Cancer football game",
        "published": "2025-10-15T11:17:00.000+03:00",
        "replies_count": 0,
        "participants_count": 1,
        "site_type": "news",
        "country": "US",
        "main_image": "https://cdn.metricmedianews.com/ca/9f/26776888/webp_0thau5sp7bfxzzcl6pj4sqoxlozd.webp",
        "performance_score": 0,
        "domain_rank": null,
        "domain_rank_updated": null,
        "licensing_agency": [],
        "social": {
            "facebook": {
                "likes": 0,
                "comments": 0,
                "shares": 0
            },
            "vk": {
                "shares": 0
            }
        }
    },
    "uuid": "8a3fd68646857b659f151151cfc235d86b04cb68",
    "url": "https://carbondalereporter.com/stories/675790014-southern-illinois-to-host-north-dakota-in-annual-blackout-cancer-football-game",
    "ord_in_thread": 0,
    "author": "M. A. Okeefe",
    "published": "2025-10-15T11:17:00.000+03:00",
    "title": "Southern Illinois to host North Dakota in annual Blackout Cancer football game",
    "text": "Saluki Stadium | Southern Illinois University Athletics\nSaluki Stadium | Southern Illinois University Athletics\nThe Southern Illinois University football team will host North Dakota in the annual Blackout Cancer game on Saturday, October 18, at Saluki Stadium in Carbondale. The Salukis, ranked No. 12, will face the No. 9/11 North Dakota team in a Missouri Valley Football Conference matchup, with kickoff set for 2 p.m.\nThe Blackout Cancer game is sponsored by the SIH Foundation. The event features black jerseys worn by players, which are auctioned off before the game. Each jersey displays the name of a loved one who has battled cancer. Proceeds from the auction support the SIH Cancer Institute, which is marking its 10th anniversary.\nSouthern Illinois is coming off its first FCS loss of the season, falling to No. 1 North Dakota State by a score of 45-17. The Salukis allowed a season-high 45 points and turned the ball over three times, including two fumbles in Bison territory. The team totaled 313 yards of offense, with 190 passing and 123 rushing yards. North Dakota State gained 540 total yards against SIU.\nDespite the loss, Southern Illinois remains strong in several statistical categories. The team averages 39 points per game, ranking 12th nationally and third in the conference. The Salukis also have one of the top rushing offenses in the country, averaging 220.8 yards per game, which is 11th in the FCS.\nQuarterback DJ Williams has contributed significantly, throwing for 1,404 yards and 11 touchdowns with only three interceptions through six games. He leads the team with 427 rushing yards and 10 rushing touchdowns, which is tied for the most among all FCS quarterbacks. Williams is also among national leaders in points responsible for, total offense, and passing efficiency.\nWide receiver Vinson Davis III has surpassed his previous career highs this season, recording 31 receptions for 547 yards and three touchdowns through six games. Davis ranks second in the conference and 11th nationally in receiving yards.\nOn defense, Southern Illinois has forced 11 turnovers, tied for second in the conference and 17th nationally. The team’s turnover margin is tied for fifth in the conference and 27th in the country. Cornerback Jeremiah McClendon leads the league with eight pass breakups.\nNorth Dakota enters the game with a 4-2 record and is undefeated in conference play. The Fighting Hawks average 39.3 points per game and allow 18.8 points per game on defense. Quarterback Jerry Kaminski has thrown 17 touchdown passes this season.\nThe Salukis lead the all-time series against North Dakota, 3-1, and are undefeated at home in the matchup.\nFans can follow the game on ESPN+, The Varsity Network, or listen locally on 101.5 CIL-FM. Tickets are available online.",
    "highlightText": "",
    "highlightTitle": "",
    "highlightThreadTitle": "",
    "language": "english",
    "sentiment": null,
    "categories": null,
    "topics": null,
    "ai_allow": true,
    "has_canonical": false,
    "breaking": null,
    "webz_reporter": false,
    "external_links": [],
    "external_images": [],
    "internal_images": [],
    "entities": {
        "persons": [],
        "locations": [
            {
                "name": "Saluki Stadium",
                "sentiment": "none"
            }
        ],
        "organizations": [
            {
                "name": "SIH Cancer Institute",
                "sentiment": "none",
                "tickers": []
            },
            {
                "name": "SIH Foundation",
                "sentiment": "none",
                "tickers": []
            }
        ]
    },
    "syndication": {
        "syndicated": false,
        "syndicate_id": null,
        "first_syndicated": false
    },
    "trust": {
        "categories": [
            "fake_news"
        ],
        "top_news": [],
        "bias": "center",
        "source": {
            "type": null,
            "city": null,
            "state": null,
            "country": null,
            "domain_type": null,
            "agency": null,
            "organization_name": null
        }
    },
    "rating": null,
    "crawled": "2025-10-16T07:17:37.537+03:00",
    "updated": "2025-10-16T07:17:37.537+03:00"
}