{
    "thread": {
        "uuid": "1ae20d8f002946bddd02ab9f21a88ef7e5e51d21",
        "url": "https://williamsburgsun.com/delegate-green-the-virginia-car-tax-is-outdated-unfair-and-hits-working-families-hardest/",
        "site_full": "williamsburgsun.com",
        "site": "williamsburgsun.com",
        "site_section": "https://williamsburgsun.com",
        "site_categories": [],
        "section_title": "Williamsburg Sun -",
        "site_title": "Williamsburg Sun",
        "title": "Delegate Green: The Virginia car tax is 'outdated, unfair, and hits working families hardest' - Williamsburg Sun",
        "title_full": "Delegate Green: The Virginia car tax is 'outdated, unfair, and hits working families hardest' - Williamsburg Sun",
        "published": "2025-10-16T06:40:00.000+03:00",
        "replies_count": 0,
        "participants_count": 1,
        "site_type": "news",
        "country": "US",
        "main_image": "https://d33ioocfz0fzi4.cloudfront.net/jns-media/e2/75/26777262/webp_green.webp",
        "performance_score": 0,
        "domain_rank": null,
        "domain_rank_updated": null,
        "licensing_agency": [],
        "social": {
            "facebook": {
                "likes": 0,
                "comments": 0,
                "shares": 0
            },
            "vk": {
                "shares": 0
            }
        }
    },
    "uuid": "1ae20d8f002946bddd02ab9f21a88ef7e5e51d21",
    "url": "https://williamsburgsun.com/delegate-green-the-virginia-car-tax-is-outdated-unfair-and-hits-working-families-hardest/",
    "ord_in_thread": 0,
    "author": "j. m. dayton",
    "published": "2025-10-16T06:40:00.000+03:00",
    "title": "Delegate Green: The Virginia car tax is 'outdated, unfair, and hits working families hardest' - Williamsburg Sun",
    "text": "Chad Green, a member of the Virginia House of Delegates, has expressed concerns over the car tax, describing it as “outdated and unfair.” He said that Democrats in Richmond are maintaining the tax instead of focusing on working families.\n“Every Virginian knows the pain of the car tax,” said Green, House Delegate. “It’s outdated, unfair, and hits working families hardest. Unfortunately, Democrats in Richmond are fighting to protect the car tax, and not working families.”\nAccording to the City of Williamsburg, personal property taxes are levied on vehicles and other personal property typically garaged within the city. This includes cars, trucks, motorcycles, boats, trailers, aircraft, and manufactured homes. However, antique vehicles with permanent plates are exempt from this tax. The general tax rate is set at $3.50 per $100 of a vehicle’s value as of January 1st, with payments due by December 1st. The city provides relief on the first $20,000 of qualifying vehicle value under the Personal Property Tax Relief Act (PPTRA), and additional exemptions are available for specially equipped vehicles, disabled veterans, and military spouses with appropriate documentation.\nIn 1998, the Virginia General Assembly enacted PPTRA to offer relief on the first $20,000 of a vehicle’s assessed value. According to a report by Axios, this relief has been gradually reduced since 2022 due to increased car valuations. Consequently, higher tax bills have been observed even for older vehicles.\nA Democratic-led Virginia Senate subcommittee reviewed several proposed tax cuts by Governor Glenn Youngkin in January. These proposals included a phased elimination of the car tax and exemption of service tips from state income tax. The subcommittee ultimately rejected or postponed these measures along with expansions to the standard deduction and earned income tax credit. According to the Virginia Mercury, Sen. Louise Lucas chaired the Senate Finance Resources subcommittee which indicated that while these proposals will not advance immediately, they may be addressed in future state budget amendments.\nGreen is a lifelong Peninsula resident from Newport News who serves in the Virginia House of Delegates and practices law through his own firm. He holds degrees from the University of Alabama and Cumberland School of Law and is licensed in Virginia, Alabama, and before the U.S. Supreme Court. Green previously served eight years on the York County Board of Supervisors in roles including chairman and vice chairman. In his current role in the House, he serves on various committees such as Education and Privileges and Elections Committees and has sponsored or co-sponsored over 150 bills focused on taxation, education, veterans’ programs, public safety, and transportation infrastructure oversight.",
    "highlightText": "",
    "highlightTitle": "",
    "highlightThreadTitle": "",
    "language": "english",
    "sentiment": null,
    "categories": null,
    "topics": null,
    "ai_allow": true,
    "has_canonical": false,
    "breaking": false,
    "webz_reporter": false,
    "external_links": [
        "https://www.williamsburgva.gov/245/Personal-Property-Tax",
        "https://virginiamercury.com/2025/01/29/car-tax-credit-hits-dead-end-before-senate-panel/",
        "https://www.axios.com/local/richmond/2024/05/07/richmond-car-tax-bill-increase-2024-changes",
        "https://axios.com/local/richmond/2024/05/07/richmond-car-tax-bill-increase-2024-changes",
        "https://virginiamercury.com/2025/01/29/car-tax-credit-hits-dead-end-before-senate-panel",
        "https://williamsburgva.gov/245/Personal-Property-Tax",
        "https://www.virginiamercury.com/2025/01/29/car-tax-credit-hits-dead-end-before-senate-panel/"
    ],
    "external_images": [],
    "internal_images": [],
    "entities": {
        "persons": [
            {
                "name": "Chad Green",
                "sentiment": "none"
            }
        ],
        "locations": [],
        "organizations": [
            {
                "name": "Virginia House of Delegates",
                "sentiment": "none",
                "tickers": [
                    {
                        "ticker": null,
                        "exchange": null
                    }
                ]
            }
        ]
    },
    "syndication": {
        "syndicated": false,
        "syndicate_id": null,
        "first_syndicated": false
    },
    "trust": {
        "categories": [
            "fake_news"
        ],
        "top_news": [],
        "bias": null,
        "source": {
            "type": null,
            "city": null,
            "state": null,
            "country": null,
            "domain_type": null,
            "agency": null,
            "organization_name": null
        }
    },
    "rating": null,
    "crawled": "2025-10-16T07:24:05.414+03:00",
    "updated": "2025-10-16T07:24:05.414+03:00"
}