{
    "thread": {
        "uuid": "c5302920849f189835bf46cc65acc501af5c4289",
        "url": "https://www.newsbreak.com/wthr-524564/4294558990783-13news-top-stories-11-p-m-oct-15-2025",
        "site_full": "www.newsbreak.com",
        "site": "newsbreak.com",
        "site_section": "https://www.newsbreak.com/wthr-524564",
        "site_categories": [
            "under_construction"
        ],
        "section_title": "WTHR&#x27;s Home Page | NewsBreak",
        "site_title": "NewsBreak: Local News &amp; Alerts",
        "title": "13News top stories: 11 p.m. Oct. 15, 2025 - NewsBreak",
        "title_full": "13News top stories: 11 p.m. Oct. 15, 2025 - NewsBreak",
        "published": "2025-10-16T07:11:00.000+03:00",
        "replies_count": 0,
        "participants_count": 1,
        "site_type": "news",
        "country": "US",
        "main_image": "https://img.particlenews.com/img/id/1WYUN6_15hIA3uJ00",
        "performance_score": 0,
        "domain_rank": 2819,
        "domain_rank_updated": "2025-10-13T00:00:00.000+03:00",
        "licensing_agency": [],
        "social": {
            "facebook": {
                "likes": 0,
                "comments": 0,
                "shares": 0
            },
            "vk": {
                "shares": 0
            }
        }
    },
    "uuid": "c5302920849f189835bf46cc65acc501af5c4289",
    "url": "https://www.newsbreak.com/wthr-524564/4294558990783-13news-top-stories-11-p-m-oct-15-2025",
    "ord_in_thread": 0,
    "author": "WTHR",
    "published": "2025-10-16T07:11:00.000+03:00",
    "title": "13News top stories: 11 p.m. Oct. 15, 2025 - NewsBreak",
    "text": "12 hours ago Here's the latest from 13News. Read full article\nRead in NewsBreak",
    "highlightText": "",
    "highlightTitle": "",
    "highlightThreadTitle": "",
    "language": "english",
    "sentiment": null,
    "categories": null,
    "topics": null,
    "ai_allow": true,
    "has_canonical": false,
    "breaking": false,
    "webz_reporter": false,
    "external_links": [],
    "external_images": [],
    "internal_images": [],
    "entities": {
        "persons": [],
        "locations": [],
        "organizations": []
    },
    "syndication": {
        "syndicated": false,
        "syndicate_id": null,
        "first_syndicated": false
    },
    "trust": {
        "categories": [
            "fake_news"
        ],
        "top_news": [],
        "bias": "center",
        "source": {
            "type": null,
            "city": null,
            "state": null,
            "country": null,
            "domain_type": null,
            "agency": null,
            "organization_name": null
        }
    },
    "rating": null,
    "crawled": "2025-10-16T07:27:45.436+03:00",
    "updated": "2025-10-16T19:16:18.638+03:00"
}