{
    "thread": {
        "uuid": "f487de72d235431566950dc4f2ce1557457cd2e9",
        "url": "https://floridapolitics.com/archives/729911-israel-boycott-anti-bds",
        "site_full": "floridapolitics.com",
        "site": "floridapolitics.com",
        "site_section": "https://news.google.com/search?q=itself%20when%3A1h&hl=en-US&gl=US&ceid=US%3Aen",
        "site_categories": [
            "media",
            "law_government_and_politics",
            "politics"
        ],
        "section_title": "Google News - Search",
        "site_title": "Florida Politics",
        "title": "Anti-BDS bills punishing 'academic boycott' of Israel advance in Senate, House",
        "title_full": "Anti-BDS bills punishing 'academic boycott' of Israel advance in Senate, House",
        "published": "2025-04-03T00:21:00.000+03:00",
        "replies_count": 0,
        "participants_count": 1,
        "site_type": "news",
        "country": "US",
        "main_image": "https://floridapolitics.com/wp-content/uploads/2015/12/Israel-US-flags-AP-e1457634061212.jpg",
        "performance_score": 0,
        "domain_rank": 9431,
        "domain_rank_updated": "2025-04-01T00:00:00.000+03:00",
        "licensing_agency": [],
        "social": {
            "facebook": {
                "likes": 0,
                "comments": 0,
                "shares": 0
            },
            "vk": {
                "shares": 0
            }
        }
    },
    "uuid": "f487de72d235431566950dc4f2ce1557457cd2e9",
    "url": "https://floridapolitics.com/archives/729911-israel-boycott-anti-bds",
    "ord_in_thread": 0,
    "author": "A.G. Gancarski",
    "published": "2025-04-03T00:21:00.000+03:00",
    "title": "Anti-BDS bills punishing 'academic boycott' of Israel advance in Senate, House",
    "text": "Florida’s tradition of pro-Israel legislation is on track to continue in 2025, as Senate and House measures punishing so-called academic boycotts are moving through committees.\nAn anti-boycott, divest, sanction (BDS) measure ( SB 1678 ) that would defend Israel against its opponents in schools and non-governmental agencies advanced through the Senate Appropriations Committee with unanimous support. The companion measure ( HB 1519 ) cleared the House State Affairs Committee by a 23-2 vote.\nSen. Tom Leek , the Senate sponsor, said the bill was necessary to stop “attempts to weaken the state’s ability to conduct trade and exchange with Israel” and to “close the loop on prior good work” by the Legislature in combating anti-Israel sentiment that “often amounts to ethnic and religious discrimination.”\nRep. Hillary Cassel , the House sponsor, extolled the “mutually beneficial relationship” and “economic partnership between Florida and Israel” by contextualizing previous anti-BDS laws and making the case for the proposal, which she said would ensure that “this is where antisemitism goes to die in Florida.”\nThe measures propose that anti-Israeli actions undertaken by “an educational institution, a nonprofit organization, an agency, a local governmental entity or unit thereof, or a foreign government” amount to an “academic boycott.”\nThey also would mandate cessation of state contracts and grants with those entities on the wrong side of the ideological conflict if they don’t change their ways.\nThese entities would have 90 days to correct their noncompliance and be removed from what would be called the Scrutinized Companies or Other Entities that Boycott Israel List under this proposal. Otherwise, the state would divest itself of contracts with them.\nIf the bill is passed, public funds, such as the State Board of Administration or State University System, cannot invest in these companies. Additionally, it requires that arts and culture grants not go to support antisemitic work.\nThe bill would also target agreements, like foreign exchange programs, with foreign universities deemed to be supporting antisemitism.\nIn the Senate panel, Leek was asked about “guardrails” protecting free speech, and cited court precedent establishing the right to pass anti-BDS laws.\nThe House discussion was more lively, with Cassel asked about whether an individual doing a “Nazi salute” would represent a violation of the law, whether “commercial speech” was protected speech, and whether “unscripted” remarks in art installations could merit a grace period for “correction.”\nDemocratic Rep. Debra Tendrich argued that the slippery slope from criticism of Israel to overt antisemitism in today’s culture make this legislation “extremely needed.”\n“It now turns to beyond just being Israeli but being Jewish,” the legislator from Palm Beach said. “Many of you have heard this story where I’ve been out of gas station, someone’s seen my Jewish star and wished I crashed and died and called me a Jewish murderer.”",
    "highlightText": "",
    "highlightTitle": "",
    "highlightThreadTitle": "",
    "language": "english",
    "sentiment": "negative",
    "categories": [
        "Politics",
        "Social Issue"
    ],
    "topics": [
        "Politics->government policy",
        "Politics->political process",
        "Politics->international relations",
        "Social Issue->discrimination",
        "Social Issue->social condition",
        "Social Issue->social problem"
    ],
    "ai_allow": true,
    "has_canonical": false,
    "breaking": true,
    "webz_reporter": false,
    "external_links": [
        "https://www.flhouse.gov/Sections/Bills/billsdetail.aspx?BillId=82275&SessionId=105",
        "https://www.flhouse.gov/Sections/Representatives/details.aspx?MemberId=4924&LegislativeTermId=91",
        "https://www.flsenate.gov/Session/Bill/2025/1678",
        "https://www.flhouse.gov/Sections/Bills/billsdetail.aspx",
        "https://www.flhouse.gov/Sections/Representatives/details.aspx",
        "https://flhouse.gov/Sections/Representatives/details.aspx?MemberId=4924&LegislativeTermId=91",
        "https://flsenate.gov/Session/Bill/2025/1678",
        "https://flhouse.gov/Sections/Bills/billsdetail.aspx?BillId=82275&SessionId=105"
    ],
    "entities": {
        "persons": [
            {
                "name": "Debra Tendrich",
                "sentiment": "negative"
            },
            {
                "name": "Tom Leek",
                "sentiment": "neutral"
            },
            {
                "name": "Hillary Cassel",
                "sentiment": "neutral"
            }
        ],
        "locations": [
            {
                "name": "Israel",
                "sentiment": "negative"
            },
            {
                "name": "Florida",
                "sentiment": "neutral"
            },
            {
                "name": "Palm Beach",
                "sentiment": "neutral"
            }
        ],
        "organizations": [
            {
                "name": "BDS",
                "sentiment": "positive",
                "tickers": []
            },
            {
                "name": "SB 1678",
                "sentiment": "positive",
                "tickers": []
            },
            {
                "name": "the Senate Appropriations Committee",
                "sentiment": "positive",
                "tickers": []
            },
            {
                "name": "the Scrutinized Companies or Other Entities that Boycott Israel List",
                "sentiment": "negative",
                "tickers": []
            },
            {
                "name": "HB",
                "sentiment": "neutral",
                "tickers": []
            },
            {
                "name": "the House State Affairs Committee",
                "sentiment": "neutral",
                "tickers": []
            },
            {
                "name": "Legislature",
                "sentiment": "neutral",
                "tickers": []
            },
            {
                "name": "the State Board of Administration or",
                "sentiment": "neutral",
                "tickers": []
            },
            {
                "name": "State University System",
                "sentiment": "neutral",
                "tickers": []
            },
            {
                "name": "Cassel",
                "sentiment": "neutral",
                "tickers": []
            }
        ]
    },
    "syndication": {
        "syndicated": false,
        "syndicate_id": null,
        "first_syndicated": false
    },
    "trust": {
        "categories": [
            "fake_news"
        ],
        "bias": null
    },
    "rating": null,
    "crawled": "2025-04-03T00:29:47.532+03:00",
    "updated": "2025-04-03T08:05:40.960+03:00"
}