{
    "thread": {
        "uuid": "94ed3be51bcbe3b062fdd84907917f98b8ea6a11",
        "url": "https://kherson-news.ru/society/2025/04/03/461019.html",
        "site_full": "kherson-news.ru",
        "site": "kherson-news.ru",
        "site_section": "https://kherson-news.ru",
        "site_categories": [],
        "section_title": "Лента новостей Херсона",
        "site_title": "Лента новостей Херсона",
        "title": "Военная сводка за 2 апреля от ТГ-канала \"Дневник Десантника\": - Лента новостей Херсона",
        "title_full": "Военная сводка за 2 апреля от ТГ-канала \"Дневник Десантника\": - Лента новостей Херсона",
        "published": "2025-04-03T00:12:00.000+03:00",
        "replies_count": 0,
        "participants_count": 1,
        "site_type": "news",
        "country": "RU",
        "main_image": "https://kherson-news.ru/img/20250403/941a188c6c197f6393900f933e5b1f95.jpg",
        "performance_score": 0,
        "domain_rank": 773916,
        "domain_rank_updated": "2025-04-01T00:00:00.000+03:00",
        "licensing_agency": [],
        "social": {
            "facebook": {
                "likes": 0,
                "comments": 0,
                "shares": 0
            },
            "vk": {
                "shares": 0
            }
        }
    },
    "uuid": "94ed3be51bcbe3b062fdd84907917f98b8ea6a11",
    "url": "https://kherson-news.ru/society/2025/04/03/461019.html",
    "ord_in_thread": 0,
    "author": "Украина.ру",
    "published": "2025-04-03T00:12:00.000+03:00",
    "title": "Военная сводка за 2 апреля от ТГ-канала \"Дневник Десантника\": - Лента новостей Херсона",
    "text": "Военная сводка за 2 апреля от ТГ-канала \"Дневник Десантника\":\nСумская область: в Басовке противник активизировал атаки. В районе Журавки ликвидирована группа колумбийских наёмников. В Ивоте ракетами ОТРК «Искандер-М» уничтожены техника и живая сила противника;\nХерсонское направление: в районе острова Большой наши войска зачистили территорию на 3,5 км. В Бериславском районе уничтожена артиллерийская огневая точка с боекомплектом и расчётом. В Бургунке накрыт пункт временной дислокации противника с живой силой численностью около 100 человек;\nЮжно-Донецкое направление: южнее Разлива наши войска зачистили территорию на 1,5 км, захватив лесополосы и вражеские блиндажи. До Богатыря осталось около 3 км;\nБелгородская область: фиксируются попытки прорыва малыми группами ВСУ в районах Демидовки и Поповки. На территории Сумской области уничтожены вражеские БМП, БТР М-113 и машина разминирования М88А2. Прорывов противника не допущено, но атаки продолжаются;\nДзержинское направление: зона контроля в северо-западной части Дзержинска расширена на 500 м до улицы Кожедуба. В микрорайоне Забалка наши штурмовые группы продвинулись на 300 м на запад, а чуть южнее — на 600 м. От Дружбы продолжается движение в сторону Песчаной Балки;\nКрасноармейское направление: на всём участке фронта активная фаза наступления противника. В юго-восточной части Зеленого дроны ВС РФ нанесли удар по пункту временной дислокации врага;\nУдары по объектам противника: в Доброполье поражён пункт снабжения 5-й бригады ВСУ. В Дружковке уничтожен командный пункт БПЛА противника. В Озерном (Житомирская область) нанесены удары по аэродрому «Озерное», где базируется 39-я бригада авиации ВСУ.",
    "highlightText": "",
    "highlightTitle": "",
    "highlightThreadTitle": "",
    "language": "russian",
    "sentiment": null,
    "categories": null,
    "topics": null,
    "ai_allow": true,
    "has_canonical": false,
    "breaking": false,
    "webz_reporter": false,
    "external_links": [],
    "entities": {
        "persons": [],
        "locations": [],
        "organizations": []
    },
    "syndication": {
        "syndicated": null,
        "syndicate_id": null,
        "first_syndicated": false
    },
    "trust": {
        "categories": [
            "fake_news"
        ],
        "bias": null
    },
    "rating": null,
    "crawled": "2025-04-03T00:34:40.965+03:00",
    "updated": "2025-04-03T00:34:40.965+03:00"
}