{
    "thread": {
        "uuid": "31432feb397cf67046ab2674ba9aa4e665f45473",
        "url": "https://www.breitbart.com/politics/2025/04/02/they-charge-us-we-charge-them-trump-reveals-chart-of-reciprocal-tariffs",
        "site_full": "www.breitbart.com",
        "site": "breitbart.com",
        "site_section": "https://www.breitbart.com/economy",
        "site_categories": [
            "media",
            "law_government_and_politics",
            "politics",
            "top_news_us",
            "top_news"
        ],
        "section_title": "Economy - Latest News",
        "site_title": "Breitbart News Network",
        "title": "'They Charge Us, We Charge Them': Trump Reveals Chart of Reciprocal Tariffs",
        "title_full": "'They Charge Us, We Charge Them': Trump Reveals Chart of Reciprocal Tariffs",
        "published": "2025-04-03T00:03:00.000+03:00",
        "replies_count": 100,
        "participants_count": 57,
        "site_type": "news",
        "country": "US",
        "main_image": "https://media.breitbart.com/media/2025/04/GettyImages-2208186491-640x335.jpg",
        "performance_score": 0,
        "domain_rank": 1702,
        "domain_rank_updated": "2025-04-01T00:00:00.000+03:00",
        "licensing_agency": [],
        "social": {
            "facebook": {
                "likes": 0,
                "comments": 0,
                "shares": 0
            },
            "vk": {
                "shares": 0
            }
        }
    },
    "uuid": "e65a086c886f9d6ef0acb52881b14bab2d30ac8c",
    "url": "https://www.breitbart.com/politics/2025/04/02/they-charge-us-we-charge-them-trump-reveals-chart-of-reciprocal-tariffs#post-30",
    "ord_in_thread": 30,
    "author": "charles sham",
    "published": "2025-04-03T00:18:00.000+03:00",
    "title": "",
    "text": "We are the richest country in the world due to free trade. Trump will correct that and we will soon become one of the poorest",
    "highlightText": "",
    "highlightTitle": "",
    "highlightThreadTitle": "",
    "language": "english",
    "sentiment": null,
    "categories": null,
    "topics": null,
    "ai_allow": true,
    "has_canonical": false,
    "breaking": true,
    "webz_reporter": false,
    "external_links": null,
    "entities": {
        "persons": [],
        "locations": [],
        "organizations": []
    },
    "syndication": {
        "syndicated": false,
        "syndicate_id": null,
        "first_syndicated": false
    },
    "trust": {
        "categories": [
            "fake_news"
        ],
        "bias": null
    },
    "rating": null,
    "crawled": "2025-04-03T01:01:31.837+03:00",
    "updated": "2025-04-03T01:01:31.837+03:00"
}