{
    "thread": {
        "uuid": "ecf5e5a4957711c04f4bf6bca4c8a9f126e3e443",
        "url": "http://business.mammothtimes.com/mammothtimes/article/abnewswire-2025-4-2-auckland-get-top-dollar-for-your-vehicle-with-for-cars-now",
        "site_full": "business.mammothtimes.com",
        "site": "mammothtimes.com",
        "site_section": "http://business.mammothtimes.com/mammothtimes/markets/news",
        "site_categories": [],
        "section_title": "Stock Market News | NSDQ, NYSE, and AMEX Stock Market News, Market News Categories, Market Indicators | User | mammothtimes.com ",
        "site_title": null,
        "title": "Auckland Get Top Dollar for Your Vehicle With For Cars Now | User | mammothtimes.com",
        "title_full": "Auckland Get Top Dollar for Your Vehicle With For Cars Now | User | mammothtimes.com",
        "published": "2025-04-03T00:04:00.000+03:00",
        "replies_count": 0,
        "participants_count": 1,
        "site_type": "news",
        "country": "US",
        "main_image": "",
        "performance_score": 0,
        "domain_rank": 97534,
        "domain_rank_updated": "2025-04-01T00:00:00.000+03:00",
        "licensing_agency": [],
        "social": {
            "facebook": {
                "likes": 0,
                "comments": 0,
                "shares": 0
            },
            "vk": {
                "shares": 0
            }
        }
    },
    "uuid": "ecf5e5a4957711c04f4bf6bca4c8a9f126e3e443",
    "url": "http://business.mammothtimes.com/mammothtimes/article/abnewswire-2025-4-2-auckland-get-top-dollar-for-your-vehicle-with-for-cars-now",
    "ord_in_thread": 0,
    "author": "Mammoth Times",
    "published": "2025-04-03T00:04:00.000+03:00",
    "title": "Auckland Get Top Dollar for Your Vehicle With For Cars Now | User | mammothtimes.com",
    "text": "Are you tired of seeing that old, scrap car sitting in your driveway, gathering dust and costing you money every day? At cashforcarsnow.nz, our Cash For Cars Auckland service is here to help you turn that unwanted vehicle into instant cash—all while making the process simple, fast, and completely hassle-free. Whether your car is broken down, outdated, or simply no longer needed, we’re the local solution you can trust.\nWhy Let Your Scrap Car Hold You Back?\nMany Auckland residents find themselves burdened by a scrap car that not only takes up valuable space but also adds unexpected costs. Here are a few challenges you might be facing:\nClutter and Reduced Space: An old car can crowd your driveway, block access, and make your property look untidy.\nOngoing Costs: Even if your car isn’t on the road, you may still be paying for insurance, registration, or storage fees, which can add up over time.\nSafety Concerns: Deteriorating vehicles can leak fluids or rust, posing potential hazards to you, your family, and even your neighbors.\nLow Resale Value: Traditional buyers or trade-in offers often undervalue your vehicle, leaving you with little return for something that could be converted into cash.\nIf any of these issues resonate with you, it’s time to consider a better solution — one that not only clears your space but also puts money back into your pocket.\nThe Cash For Cars Auckland Solution by cashforcarsnow.nz\nAt cashforcarsnow.nz , we understand the frustration of owning a scrap car. That’s why we’ve designed our Cash For Cars Auckland service to address your problems head-on and provide you with a straightforward, effective solution. Here’s how we do it:\nTop-Dollar Offers That Truly Reflect Your Car’s Value\nWe believe that every car has value—even if it’s scrap. Our experienced team conducts a thorough evaluation of your vehicle, taking into account its condition, make, model, and market demand. This means you get the best possible cash offer available in Auckland. With our transparent pricing and no hidden fees, you can trust that you’re getting a fair deal, every single time.\nFast, Reliable Service When You Need It Most\nTime is of the essence when you’re looking to sell your scrap car. That’s why we’ve streamlined our process to ensure a swift turnaround from start to finish. Here’s our simple four-step process:\nEasy Contact: Reach out to us via our website or give us a call. Provide a few basic details about your car, and we’ll get started immediately.\nInstant Evaluation: Our team will quickly assess your vehicle and present you with a no-obligation cash offer. We pride ourselves on our honest, competitive pricing.\nRapid Pickup: Once you accept our offer, our fully equipped tow truck will arrive at your location in just 15 minutes. We know you don’t want to wait around, and our speedy service ensures your car is collected as quickly as possible.\nImmediate Payment: When our team picks up your car, you receive cash on the spot. It’s that simple—no drawn-out negotiations, no hidden paperwork, just fast cash and a cleared driveway.\nEnvironmentally Responsible Car Recycling\nAt cashforcarsnow.nz, we’re not just about putting cash in your hands—we’re also committed to protecting the environment. When you sell your scrap car to us, you’re choosing an eco-friendly option. We take every precaution to ensure that your vehicle is dismantled and recycled responsibly:\nSafe Dismantling: We recover valuable materials such as metals and components, reducing the need for new raw materials.\nProper Disposal: Hazardous substances like battery acid, fluids, and other components are disposed of in accordance with strict environmental regulations.\nLandfill Reduction: By recycling your scrap car, we help decrease the number of vehicles that end up in landfills, contributing to a cleaner, greener Auckland for everyone.\nLocal Expertise and a Customer-First Approach\nAs a locally operated business, we understand the unique needs of Auckland residents. Our friendly team is always ready to offer personalized service that meets your specific requirements. We’re proud to serve our community with a level of transparency, reliability, and efficiency that you won’t find with national chains or faceless companies. Our numerous satisfied customers across Auckland have experienced the ease and benefits of our service—and we’d love to help you too.\nReal Stories, Real Impact\nImagine clearing out that scrap car that’s been an eyesore for years and suddenly having extra cash to spend on something you’ve been wanting. That’s what happened for many of our customers. One Auckland homeowner recently shared how quickly our team arrived—within 15 minutes of their call—and how the cash offer they received was far better than what they’d been offered by traditional buyers. These success stories are a testament to our commitment to delivering top cash offers and a hassle-free experience every time.\nTake the First Step Towards a Better Tomorrow\nIf you’re ready to say goodbye to that unwanted scrap car and hello to a more spacious, profitable future, it’s time to contact cashforcarsnow.nz. Our Cash For Cars Auckland service is here to solve your car-related problems by offering top-dollar payouts, rapid service, and environmentally responsible recycling—all in one convenient package.\nDon’t let your scrap car continue to drain your resources or clutter your property. Reach out to us today and experience the simplicity and satisfaction of turning your old vehicle into instant cash. With our Cash For Cars Auckland , you’re not just selling a car—you’re taking a positive step toward a clutter-free, greener, and more financially rewarding future.\nGet in touch now and let us help you transform that scrap car into the cash you deserve!\nMedia Contact\nCompany Name: Cash For Cars Now\nContact Person: Jhon Thomas\nEmail: Send Email\nAddress: 294 Great South Road, Papatoetoe\nCity: Auckland\nCountry: New Zealand\nWebsite: https://cashforcarsnow.nz/\nStock Quote API & Stock News API supplied by www.cloudquote.io\nQuotes delayed at least 20 minutes.\nBy accessing this page, you agree to the following\nand .",
    "highlightText": "",
    "highlightTitle": "",
    "highlightThreadTitle": "",
    "language": "english",
    "sentiment": "positive",
    "categories": [
        "Economy, Business and Finance",
        "Lifestyle and Leisure",
        "Human Interest"
    ],
    "topics": [
        "Economy, Business and Finance->consumer goods",
        "Economy, Business and Finance->products and services",
        "Economy, Business and Finance->business service",
        "Lifestyle and Leisure->lifestyle"
    ],
    "ai_allow": true,
    "has_canonical": false,
    "breaking": false,
    "webz_reporter": false,
    "external_links": [
        "https://www.abnewswire.com/press_stat.php?pr=auckland-get-top-dollar-for-your-vehicle-with-for-cars-now",
        "https://images.financialcontent.com/investcenter/fcon_dark.svg",
        "https://markets.financialcontent.com/stocks",
        "https://www.cloudquote.io",
        "https://www.googletagmanager.com/gtag/js?id=UA-8590502-3",
        "http://cashforcarsnow.nz/",
        "https://tracking.newsrpm.com/pixel?slug=abnewswire-2025-4-2-auckland-get-top-dollar-for-your-vehicle-with-for-cars-now",
        "https://www.abnewswire.com/companyname/cashforcarsnow.nz_155398.html",
        "https://www.cloudquote.io/article/5",
        "https://www.cloudquote.io/article/6",
        "https://www.abnewswire.com/email_contact_us.php?pr=auckland-get-top-dollar-for-your-vehicle-with-for-cars-now",
        "https://cashforcarsnow.nz/",
        "https://www.abnewswire.com/email_contact_us.php",
        "https://www.googletagmanager.com/gtag/js",
        "https://cloudquote.io/article/5",
        "https://www.markets.financialcontent.com/stocks",
        "https://cloudquote.io/article/6",
        "https://www.tracking.newsrpm.com/pixel?slug=abnewswire-2025-4-2-auckland-get-top-dollar-for-your-vehicle-with-for-cars-now",
        "https://www.images.financialcontent.com/investcenter/fcon_dark.svg",
        "https://cloudquote.io",
        "http://www.cashforcarsnow.nz/",
        "https://googletagmanager.com/gtag/js?id=UA-8590502-3",
        "https://www.cashforcarsnow.nz/",
        "https://abnewswire.com/press_stat.php?pr=auckland-get-top-dollar-for-your-vehicle-with-for-cars-now",
        "https://www.abnewswire.com/press_stat.php",
        "https://abnewswire.com/companyname/cashforcarsnow.nz_155398.html",
        "https://cashforcarsnow.nz",
        "https://abnewswire.com/email_contact_us.php?pr=auckland-get-top-dollar-for-your-vehicle-with-for-cars-now",
        "http://cashforcarsnow.nz",
        "https://tracking.newsrpm.com/pixel"
    ],
    "entities": {
        "persons": [
            {
                "name": "Jhon Thomas",
                "sentiment": "neutral"
            }
        ],
        "locations": [
            {
                "name": "Auckland",
                "sentiment": "neutral"
            },
            {
                "name": "Papatoetoe\nCity",
                "sentiment": "neutral"
            },
            {
                "name": "New Zealand",
                "sentiment": "neutral"
            }
        ],
        "organizations": [
            {
                "name": "Cars Auckland",
                "sentiment": "neutral",
                "tickers": []
            },
            {
                "name": "Real Stories",
                "sentiment": "neutral",
                "tickers": []
            },
            {
                "name": "Media Contact\nCompany Name",
                "sentiment": "neutral",
                "tickers": []
            },
            {
                "name": "API & Stock News API",
                "sentiment": "neutral",
                "tickers": []
            }
        ]
    },
    "syndication": {
        "syndicated": false,
        "syndicate_id": null,
        "first_syndicated": false
    },
    "trust": {
        "categories": [
            "fake_news"
        ],
        "bias": null
    },
    "rating": null,
    "crawled": "2025-04-03T00:09:08.022+03:00",
    "updated": "2025-04-03T00:09:08.022+03:00"
}