{
    "thread": {
        "uuid": "4af0bbf9dea3b6ee5cc21a9afe097dc52c8a3f70",
        "url": "https://www.thegatewaypundit.com/2025/02/trump-launch-investigation-californias-130-billion-high-speed",
        "site_full": "www.thegatewaypundit.com",
        "site": "thegatewaypundit.com",
        "site_section": "https://news.whatfinger.com/feed",
        "site_categories": [
            "social",
            "top_news_us",
            "top_news"
        ],
        "section_title": "Whatfinger Wire News",
        "title": "Trump to Launch Investigation Into California's \"$130 Billion\" High-Speed Rail Disaster Project | The Gateway Pundit | by Jim Hᴏft",
        "title_full": "Trump to Launch Investigation Into California's \"$130 Billion\" High-Speed Rail Disaster Project | The Gateway Pundit | by Jim Hᴏft",
        "published": "2025-02-09T15:48:00.000+02:00",
        "replies_count": 36,
        "participants_count": 26,
        "site_type": "news",
        "country": "US",
        "main_image": "https://www.thegatewaypundit.com/wp-content/uploads/2025/02/flv_california_train.jpg",
        "performance_score": 0,
        "domain_rank": 5772,
        "domain_rank_updated": "2025-02-03T23:00:00.000+02:00",
        "social": {
            "facebook": {
                "likes": 0,
                "comments": 0,
                "shares": 0
            },
            "vk": {
                "shares": 0
            }
        }
    },
    "uuid": "9825772001af1c426f04d66d50d3b952d6244e52",
    "url": "https://www.thegatewaypundit.com/2025/02/trump-launch-investigation-californias-130-billion-high-speed#post-32",
    "ord_in_thread": 32,
    "parent_url": null,
    "author": "downercows",
    "published": "2025-02-09T16:43:01.643+02:00",
    "title": "",
    "text": "If I recall rightly, Nancy Pilosi’s husband was heavily involved with this project in terms of contracting for it.",
    "highlightText": "",
    "highlightTitle": "",
    "highlightThreadTitle": "",
    "language": "english",
    "sentiment": null,
    "categories": null,
    "topics": null,
    "ai_allow": true,
    "has_canonical": false,
    "breaking": null,
    "webz_reporter": false,
    "external_links": null,
    "external_images": [],
    "entities": {
        "persons": [],
        "organizations": [],
        "locations": []
    },
    "syndication": {
        "syndicated": false,
        "syndicate_id": null,
        "first_syndicated": false
    },
    "trust": {
        "categories": [
            "fake_news"
        ]
    },
    "rating": null,
    "crawled": "2025-02-09T16:43:01.643+02:00",
    "updated": "2025-02-09T19:39:54.514+02:00"
}