{
    "thread": {
        "uuid": "74c5f918f63851be7b1be7b8db804bd1e75d85cb",
        "url": "https://www.newsbreak.com/news/4097358846822-colleton-medical-earns-blue-distinction-for-knee-and-hip-replacement-care-excellence",
        "site_full": "www.newsbreak.com",
        "site": "newsbreak.com",
        "site_section": "https://www.newsbreak.com/walterboro-sc",
        "site_categories": [
            "under_construction",
            "non_standard_content"
        ],
        "section_title": "Walterboro, SC Local News and More | NewsBreak",
        "site_title": "NewsBreak: Local News &amp; Alerts",
        "title": "Colleton Medical earns Blue Distinction for knee and hip replacement care excellence - NewsBreak",
        "title_full": "Colleton Medical earns Blue Distinction for knee and hip replacement care excellence - NewsBreak",
        "published": "2025-07-09T22:18:00.000+03:00",
        "replies_count": 0,
        "participants_count": 1,
        "site_type": "news",
        "country": "US",
        "main_image": "https://img.particlenews.com/img/id/1aXb22_12XaslQ300",
        "performance_score": 0,
        "domain_rank": 3213,
        "domain_rank_updated": "2025-06-03T00:00:00.000+03:00",
        "licensing_agency": [],
        "social": {
            "facebook": {
                "likes": 0,
                "comments": 0,
                "shares": 0
            },
            "vk": {
                "shares": 0
            }
        }
    },
    "uuid": "74c5f918f63851be7b1be7b8db804bd1e75d85cb",
    "url": "https://www.newsbreak.com/news/4097358846822-colleton-medical-earns-blue-distinction-for-knee-and-hip-replacement-care-excellence",
    "ord_in_thread": 0,
    "author": "Alfare Silva",
    "published": "2025-07-09T22:18:00.000+03:00",
    "title": "Colleton Medical earns Blue Distinction for knee and hip replacement care excellence - NewsBreak",
    "text": "abcnews4.com\nColleton Medical earns Blue Distinction for knee and hip replacement care excellence\nBy Alfare Silva,\n9 hours agoComments\nYOU MAY ALSO LIKE\n · user · 19.3K followers\nRaiden Storm Weather\nSevere Thunderstorms Expected for North, Central, and Southern Arizona for July 3, 2025\nArizona Weather Force has issued a Severe Thunderstorm Watch and Thunderstorm Watch, effective Thursday, July 3rd, 2025, for the following zones;. Issued Zones: Pima, Pinal, Maricopa, Yavapai County, Santa Cruz, Cochise, and Gila County … Mogollon Rim … Flagstaff to Grand Canyon … Western half of Graham County … Winslow/Snowflake/Holbrook.\n · user · 26.1K followers\nMeteorologist Joe Cioffi\nSevere thunderstorm & flash flood risks rise North Carolina & Virginia through Thursday July 10\nThunderstorms are front and center across Virginia and North Carolina for the next several days and as each day passes, we have increasing risks for severe thunderstorms and flash flooding. The Storm Prediction Center is indicating that a slight risk or a 15 percent chance exists Wednesday and possibly Thursday across North Carolina and Virginia. The risks from these severe thunderstorms are damaging winds in excess of 55 mph and hail up to 2 inches in diamater.\n · user · 32.8K followers\nDianna Carney\nLocal Habitat for Humanity ReStore Closes Doors After 10-Years\nOld Colony Habitat for Humanity's ReStore in Attleboro has permanently closed its doors after serving the community for ten years, the organization announced this week. The ReStore operated on a model that benefited both the environment and affordable housing, accepting new and gently used items that might otherwise end up in landfills and selling them at significant discounts. All proceeds directly funded Old Colony Habitat's home building projects, which provide affordable housing to families in need.\nAttleboro, MA ·10d\n · user · 17.4K followers\nJim O’Rear\nFloridians Will Be Banned From Controlling The Weather Next Week.\nWell, folks, it’s official — starting July 1st, modifying the weather in Florida is banned. That’s right. No more amateur cloud whispering. No more budget Dr. Evils trying to tweak the thermostat or juice the humidity. The dream is dead. RIP Florida’s Supervillain Starter Kit.\n · user · 32.8K followers\nDianna Carney\nMeet The Loving Dog Left Locked in Closet After Owners Moved Now Looking For Love\nGreat Dog Rescue New England, a dedicated foster-based dog rescue in Massachusetts, would like you to meet Star Bright, a resilient 2-year-old Boxer and Black Lab mix who was let down by humans in a huge way. According to the local rescue, Star once had a home and a family of her own. However, when her former human family sold their house and moved away, they first locked Star in a closet and left her there with no food. She was not discovered until the new owners of the home found her, and luckily, it was not too late. Since entering their care, Great Dog Rescue New England has placed Star with a loving foster family where she is learning to trust humans again.\n · user · 13.9K followers\nBucks County Beacon\nEpiscopal Church Ends Federal Government Partnership Over Priority Resettlement of White Afrikaners\nA nearly 40-year-long public-private partnership between the Episcopal Church in the United States and the federal government to resettle and support immigrants will end this year.\n · user · 3.2K followers\nJim DeLillo\nDeadly Bacteria Found in 45,000 Pounds of Frozen Shrimp—Nationwide Recall Issued\nAI was utilized for research, writing, citation management, and editing. Seafood lovers, beware: nearly 45,000 pounds of frozen shrimp have been yanked from shelves across the U.S. after testing positive for Listeria monocytogenes, a potentially deadly bacteria that thrives in refrigerated environments and poses serious health risks—especially for the elderly, pregnant women, and those with weakened immune systems.\n · user · 19.3K followers\nThe HD Post\nMajor snack brand laid off 432 workers from SoCal plant\nCALIFORNIA – Frito-Lay sent the Employment Development Department (EDD) a notification that it would be laying off 432 employees effective June 9, from its Rancho Cucamonga production plant.\n · user · 17.4K followers\nJim O’Rear\nBlack bear breaks into Florida backyard and has a pool day.\nOh, Florida. You’ve done it again. Just when you think the madness is simmering down—bam!—a black bear waltzes into a Punta Gorda backyard, strips down, and decides it’s time for a spa day.\n · user · 19.3K followers\nRaiden Storm Weather\nSevere Weather and Tornado Setup For The Evening and Night of June 27, 2025; Dakotas On Target\nNational Weather Force’s Northern Plains Weather Force sector is monitoring an upper-level low coming out of the Pacific Northwest for Friday, June 27, 2025. This system is similar in zonal-flow and upper divergence (lift) to one earlier this month across North Dakota.\n · user · 17.4K followers\nJim O’Rear\nPolk County Sheriff Steals Money From Driver During Traffic Stop.\nPolk County, Florida—where the weather is hot, the gators are bold, and apparently, the deputies are running side hustles out of the squad car. Meet Justin Register, a now-former traffic enforcement deputy who decided that law enforcement just wasn’t lucrative enough… so he allegedly started a little freelance wallet-lightening business right there on the shoulder of the road near Fort Meade.\n · user · 13.3K followers\nTanner Callais\nHere’s How Much Money Cruise Ships Make Off Every Passenger (Infographic)\nIt starts the moment that you book your cruise. That low headline cruise fare suddenly doubles when two people are added… is bumped up with things like port taxes and fees… and even more money with the addition of gratuities.\n · user · 14.1K followers\nClean Eating Kitchen\nWhy Am I Always Tired: 10 Tips for Women\nThis post may contain affiliate links which won’t change your price but will share some commission. This article includes ten reasons and actionable tips for women who wonder, “why am I always tired?” The fatigue and lack of energy can be debilitating. Here are some tips to naturally stop feeling so tired and get your life back.\n · user · 500 followers\nMichael Wilson\nTrans Woman Challenges Wyoming's New Bathroom Law—And Walks Out Without Consequence\nCHEYENNE, WY — July 2, 2025 — In a bold act of civil disobedience, transgender woman Rihanna Kelver, 27, walked into the women’s restroom inside the Wyoming State Capitol—directly beside Governor Mark Gordon’s office—in protest of the state’s new bathroom law. Her stunt, aimed at spotlighting what she calls a “worthless” and unenforceable policy, left officials and lawmakers stunned when no legal action followed.\n · user · 27.3K followers\nThecookinchicks\nChicken & Stuffing Casserole: Easy, Quick, & Kid Approved!\nChicken and Stuffing Casserole is the perfect meal for busy worknights! Using only a few ingredients, this can be ready to go in no time! Comfort food at its finest!. This casserole is one of my go-to meal options on busy nights. You know, the nights where all the kids have homework, extracurricular events, and time just doesn’t seem to be on your side. Yep, this casserole is JUST the thing to make! Prep is ahead of time and simply pop into the oven come dinnertime!\n · user · 27.2K followers\nMorristown Minute\n324 Charged in $14.6B National Health Care Fraud\n15 Charged in New Jersey as Part of $14.6 Billion National Health Care Fraud Crackdown. Federal authorities target physicians, pharmacies, and clinics across New Jersey in coordinated effort to curb widespread medical fraud affecting Medicare and Medicaid.\nwebsite\nislands.com\nOne Of South Carolina's Most Intriguing Hidden Gems Is A Mysterious Passage Leading To Stunning Views\nTucked away in the Northwestern region of South Carolina is the Blue Ridge Escarpment, a stunning area where the iconic Blue Ridge Mountains rise up over seemingly endless forests and foothills. Within this region is a hidden gem: Caesar's Head State Park, one of the many highlights of the 10,000-acre Mountain Bridge Wilderness Area.\n · user · 3.2K followers\nJim DeLillo\nOver 800,000 Units of Cream Cheese Recalled for Salmonella Risk: Is Your Brand on the List?\nAI was utilized for research, writing, citation management, and editing. A massive recall has been issued by Schreiber Foods Inc. of Green Bay, Wisconsin, after 836,721 units of cream cheese were potentially contaminated with Salmonella. The recall spans multiple well-known brands and covers at least 20 U.S. states and Puerto Rico.\n · user · 3.2K followers\nJim DeLillo\n$80 Billion in Gold That Nobody Can Get To\nAI was utilized for research, writing, citation management, and editing. In late 2024, Chinese state media announced a “supergiant” gold discovery in Hunan Province’s Pingjiang County: potentially 1,000 metric tons of gold—valued around US $83 billion—lying up to 3,000 m beneath the surface (reuters.com).\n · user · 32.8K followers\nDianna Carney\nMeet The Tiny Puppy Searching For Love After Recovering From Deadly Illness\nGreat Dog Rescue New England (GDRNE), a dedicated foster-based dog rescue in Massachusetts, would like you to meet Xena, a brave 11-week-old puppy who has already overcome significant challenges in her young life. Not only was she living on the streets as a stray at only a few weeks old, but when Xena was found, she had the deadly illness Parvo, which can often be a death sentence to young dogs. Thankfully, after bringing her into their care, GDRNE was happily able to report that, “She has survived and now she is the happiest girl ever who is ready to find her forever family!” The rescue went on to give this strong girl the nickname “Warrior Princess” to highlight that she is a true survivor.\n · user · 32.8K followers\nDianna Carney\nMeet The Little Dog Who Survived His Entire Life on the Streets Now Looking For a Loving Family\nGreat Dog Rescue New England, a dedicated foster-based dog rescue in Massachusetts, recently introduced Nemo, a charming one-year-old Cairn Terrier and Cattle Dog mix who is patiently waiting for his forever family to come find him. Nemo's journey began when he was born to stray parents. Though it is unclear how he spent his early life living on the streets, he was eventually brought into Great Dog Rescue New England’s care alongside three others who were also born to other strays. Now living with a Northern foster family, Nemo is finally learning what it means to be loved and have a home. His forever home, however, is still something he has not found.\n · user · 26.1K followers\nMeteorologist Joe Cioffi\nFlash flood risks rise with severe thunderstorms Pennsylvania New Jersey Maryland & Virginia\nWe are setting up for an absolutely steamy day across Eastern Pennsylvania to Southern New England and that will come with risks. The Storm Prediction Center is indicating a slight risk for severe thunderstorms from the Lower Hudson Valley to New York City, west into Pennsylvania and south through New Jersey, Maryland, Delaware and Virginia. The potential for damaging winds of 55 mph or higher exists with these thunderstorms.\n · user · 19.3K followers\nThe HD Post\nPopular hair care brand relocating headquarters from California to Texas\nCALIFORNIA – John Paul Mitchell Systems (JPMS) will expand their corporate headquarters from California to Dallas County, Texas, and establish a new global product distribution center, according to Texas governor Greg Abbott.\n · user · 32.8K followers\nDianna Carney\nAfter Years of Neglect This Gentle Giant is Still Waiting for Her Happily Ever After\nSandy Paws Rescue Inc., a foster-based dog rescue in Massachusetts, is seeking help to find a permanent home for Ava, a 5-year-old Rottweiler who continues to wait for her forever family. \"Ava is still waiting for her love match! Can you share her post?\" The rescue shared with their communiy. Despite her challenging past, Ava has blossomed in her foster home and is ready to find her forever family. Ava's journey began in a rural shelter in central Texas, where she was rescued after years of being used for breeding and living in a garage. \"Rescued from a neglectful situation—shockingly, at the hands of a former police officer—Ava is now beginning her journey toward healing,\" the rescue organization shared on her profile.\n · user · 3.4K followers\nThe Maine Monitor\nA 13-year-old immigrant was arrested in Maine. It took 2 weeks to get her home.\nThis story appears as part of a collaboration between The Maine Monitor and Maine Focus, the investigative team of the Bangor Daily News, a partnership to strengthen investigative journalism in Maine. You can show your support for this effort with a donationto The Monitor. Read more about the partnership.\n · user · 500 followers\nMichael Wilson\nDiddy Under Fire Again: $10M Lawsuit Alleges Drugging & STD Transmission\nSean “Diddy” Combs is facing yet another legal storm. A former male dancer, Edmond Laurent, has filed a $10 million lawsuit against the music mogul in Los Angeles Superior Court. Laurent claims he was drugged, sexually assaulted, and contracted a sexually transmitted disease after attending private industry parties hosted by Combs in the late 2000s.\n · user · 48.4K followers\nMargaret Minnicks\n10 students fell through a grate while on a tour at Virginia Tech in Blacksburg, Virginia\nWRIC 8 News reported that 10 students from Washington County Public Schools were on a tour at Virginia Tech in Blacksburg, Virginia on Wednesday, June 25, 2025 when an accident occurred.\nBlacksburg, VA ·12d",
    "highlightText": "",
    "highlightTitle": "",
    "highlightThreadTitle": "",
    "language": "english",
    "sentiment": "positive",
    "categories": [
        "Health",
        "Human Interest"
    ],
    "topics": [
        "Health->hospital",
        "Health->medical service",
        "Health->health treatment and procedure",
        "Human Interest->award and prize"
    ],
    "ai_allow": true,
    "has_canonical": false,
    "breaking": null,
    "webz_reporter": false,
    "external_links": [],
    "entities": {
        "persons": [],
        "locations": [],
        "organizations": []
    },
    "syndication": {
        "syndicated": false,
        "syndicate_id": null,
        "first_syndicated": false
    },
    "trust": {
        "categories": [
            "fake_news"
        ],
        "top_news": [],
        "bias": "center",
        "source": {
            "type": "local_news",
            "city": [
                "Walterboro"
            ],
            "state": [
                "South Carolina"
            ],
            "country": [
                "US"
            ],
            "domain_type": null,
            "agency": null,
            "organization_name": null
        }
    },
    "rating": null,
    "crawled": "2025-07-10T07:28:02.212+03:00",
    "updated": "2025-07-10T04:36:09.000+00:00"
}