{
    "thread": {
        "uuid": "86b657e170d0d76d90bcd4f822af5b78334455b8",
        "url": "https://tamil.hindustantimes.com/sports/cricket/live-scorecard-indonesia-vs-philippines-live-score-idnphi07102025262509",
        "site_full": "tamil.hindustantimes.com",
        "site": "hindustantimes.com",
        "site_section": "https://tamil.hindustantimes.com/cricket",
        "site_categories": [
            "top_news_pk",
            "top_news_gb",
            "top_news_kw",
            "top_news_sa",
            "top_news_nz",
            "top_news_au",
            "top_news_sg",
            "top_news_ie",
            "top_news_za",
            "top_news_ph",
            "top_news_ae",
            "top_news_us",
            "top_news_in",
            "top_news_ca",
            "top_news_my",
            "top_news_iq",
            "top_news_qa",
            "top_news"
        ],
        "section_title": "Cricket News in Tamil: Tamil Cricket News | தமிழில் கிரிக்கெட் செய்திகள், தமிழில் சமீபத்திய கிரிக்கெட் செய்திகள்  ",
        "site_title": "News: Today’s News Headlines, Breaking News India, World News and Cricket News | Hindustan Times",
        "title": "indonesia vs philippines லைவ் ஸ்கோர்",
        "title_full": "indonesia vs philippines லைவ் ஸ்கோர்",
        "published": "2025-07-10T05:06:00.000+03:00",
        "replies_count": 0,
        "participants_count": 0,
        "site_type": "news",
        "country": "IN",
        "main_image": "https://tamil.hindustantimes.com/assets/images/Tamilpng.png",
        "performance_score": 0,
        "domain_rank": 862,
        "domain_rank_updated": "2025-06-03T00:00:00.000+03:00",
        "licensing_agency": [],
        "social": {
            "facebook": {
                "likes": 0,
                "comments": 0,
                "shares": 0
            },
            "vk": {
                "shares": 0
            }
        }
    },
    "uuid": "86b657e170d0d76d90bcd4f822af5b78334455b8",
    "url": "https://tamil.hindustantimes.com/sports/cricket/live-scorecard-indonesia-vs-philippines-live-score-idnphi07102025262509",
    "ord_in_thread": 0,
    "author": null,
    "published": "2025-07-10T05:06:00.000+03:00",
    "title": "indonesia vs philippines லைவ் ஸ்கோர்",
    "text": "விரைவான ஸ்கோர்கார்டு\nINA INA\nPHI PHI\nPhilippines\nBBI Rising Asia Tri-Series, 2025, Thur, 10 July '25\nLive\nINA INA\nIndonesia\n172/5 (20.0)\nvs\nPHI PHI\n156/0 (13.0)\nPhilippines need 17 runs in 42 balls at 2.42 rpo\nBali\nMatch 7பேட்டிங் | R | B | 4s | 6s | SR |\n---|---|---|---|---|---|\nArashdeep Samra | 101 | 50 | 5 | 10 | 202 |\nAmanpreet Sirah* | 43 | 28 | 5 | 1 | 153.57 |\nபவுலிங் | O | M | R | W | NB | WD | ECON |\n---|---|---|---|---|---|---|---|\nFerdinando Banunaek | 3 | 0 | 27 | 0 | 0 | 2 | 9.00 |\nJulang Dzulfikar | 1 | 0 | 5 | 0 | 0 | 0 | 5.00 |\n- CRR: 12.00\n- RRR: 2.42\n- Last 5 ov (RR):63/0(12.60)\n- Partnership: 156 runs, 13.0 ov (RR: 12.0)\nCommentary\nஸ்கோர் புள்ளிவிவரங்கள்\nComparison of both teams on basis of Runs and Overs",
    "highlightText": "",
    "highlightTitle": "",
    "highlightThreadTitle": "",
    "language": "english",
    "sentiment": "neutral",
    "categories": [
        "Sport",
        "Economy, Business and Finance",
        "Lifestyle and Leisure"
    ],
    "topics": [
        "Sport->cricket",
        "Sport->regular competition",
        "Sport->sport event",
        "Economy, Business and Finance->media and entertainment industry",
        "Lifestyle and Leisure->leisure",
        "Lifestyle and Leisure->game"
    ],
    "ai_allow": true,
    "has_canonical": false,
    "breaking": null,
    "webz_reporter": false,
    "external_links": [],
    "entities": {
        "persons": [],
        "locations": [],
        "organizations": []
    },
    "syndication": {
        "syndicated": false,
        "syndicate_id": null,
        "first_syndicated": false
    },
    "trust": {
        "categories": [
            "fake_news"
        ],
        "top_news": [
            "top_news_pk",
            "top_news_gb",
            "top_news_kw",
            "top_news_sa",
            "top_news_nz",
            "top_news_au",
            "top_news_sg",
            "top_news_ie",
            "top_news_za",
            "top_news_ph",
            "top_news_ae",
            "top_news_us",
            "top_news_in",
            "top_news_ca",
            "top_news_my",
            "top_news_iq",
            "top_news_qa",
            "top_news"
        ],
        "bias": "center",
        "source": {
            "type": null,
            "city": null,
            "state": null,
            "country": null,
            "domain_type": null,
            "agency": null,
            "organization_name": null
        }
    },
    "rating": null,
    "crawled": "2025-07-10T07:25:52.080+03:00",
    "updated": "2025-07-10T04:30:13.000+00:00"
}