{
    "thread": {
        "uuid": "0fbc550c38b7c392b08bb87ff9604bf4f9839507",
        "url": "https://www.protothema.gr/world/article/1666784/o-trab-apokalei-apateones-tous-proin-dieuthudes-tis-cia-kai-tou-fbi-borei-na-hreiastei-na-plirosoun-to-timima/",
        "site_full": "www.protothema.gr",
        "site": "protothema.gr",
        "site_section": "https://protothema.gr/life-style/article/1446444/zozo-sapoudzaki-i-sudrofikotita-paizei-sovaro-rolo-sti-zoi-mou/?utm_source=rss",
        "site_categories": [
            "media",
            "top_news_za",
            "top_news_gr",
            "top_news"
        ],
        "section_title": "Ζωζώ Σαπουντζάκη: Η συντροφικότητα παίζει σοβαρό ρόλο στη ζωή μου",
        "site_title": "Πρώτο Θέμα - ειδήσεις από την Ελλάδα και όλο τον κόσμο - Έκτακτη επικαιρότητα",
        "title": "Ο Τραμπ αποκαλεί «απατεώνες» τους πρώην διευθυντές της CIA και του FBI: «Μπορεί να χρειαστεί να πληρώσουν το τίμημα»",
        "title_full": "Ο Τραμπ αποκαλεί «απατεώνες» τους πρώην διευθυντές της CIA και του FBI: «Μπορεί να χρειαστεί να πληρώσουν το τίμημα»",
        "published": "2025-07-10T07:17:00.000+03:00",
        "replies_count": 0,
        "participants_count": 0,
        "site_type": "news",
        "country": "GR",
        "main_image": "https://www.protothema.gr/images/640x360share/jpg/files/2025-06-30/maketa-trump.jpg",
        "performance_score": 0,
        "domain_rank": 11954,
        "domain_rank_updated": "2025-06-03T00:00:00.000+03:00",
        "licensing_agency": [],
        "social": {
            "facebook": {
                "likes": 0,
                "comments": 0,
                "shares": 0
            },
            "vk": {
                "shares": 0
            }
        }
    },
    "uuid": "0fbc550c38b7c392b08bb87ff9604bf4f9839507",
    "url": "https://www.protothema.gr/world/article/1666784/o-trab-apokalei-apateones-tous-proin-dieuthudes-tis-cia-kai-tou-fbi-borei-na-hreiastei-na-plirosoun-to-timima/",
    "ord_in_thread": 0,
    "author": null,
    "published": "2025-07-10T07:17:00.000+03:00",
    "title": "Ο Τραμπ αποκαλεί «απατεώνες» τους πρώην διευθυντές της CIA και του FBI: «Μπορεί να χρειαστεί να πληρώσουν το τίμημα»",
    "text": "10.07.2025, 07:17 Ο Αμερικανός πρόεδρος Ντόναλντ Τραμπ χαρακτήρισε χθες Τετάρτη «απατεώνες» δυο από τα μαύρα πρόβατά του, τον πρώην διευθυντή του FBI Τζέιμς Κόμι και τον πρώην διευθυντή της CIA Τζον Μπρέναν , σε βάρος των οποίων διενεργείται έρευνα από την ομοσπονδιακή αστυνομία, εκτιμώντας πως μπορεί να κληθούν να λογοδοτήσουν.\nΠροχθές Τρίτη, το Fox News, το τηλεοπτικό δίκτυο που προτιμά η αμερικανική δεξιά, μετέδωσε πως το FBI έχει αρχίσει να διενεργεί έρευνα για την πιθανή τέλεση «αξιόποινων πράξεων» σε βάρος των κ.κ. Κόμι και Μπρέναν, στο πλαίσιο της έρευνας για αθέμιτη σύμπραξη της ομάδας του τότε ακόμη υποψηφίου προέδρου Τραμπ, καθώς και για υποτιθέμενες ψευδείς δηλώσεις που μπορεί να έκαναν ενώπιον του Κογκρέσου.\nΤο υπουργείο Δικαιοσύνης «δεν σχολιάζει έρευνες σε εξέλιξη», περιορίστηκε να πει χθες εκπρόσωπός του.\n«Δεν ξέρω τίποτα περισσότερο από ό,τι διάβασα», διαβεβαίωσε ο πρόεδρος Τραμπ, ερωτηθείς από δημοσιογράφο στον Λευκό Οίκο αν θα ήθελε να δει τους δυο άνδρες στη φυλακή. «Αλλά αυτό που μπορώ να σας πω είναι πως αυτοί οι δυο άνθρωποι είναι πολύ ανέντιμοι. Θεωρώ πως είναι τελειωμένοι απατεώνες και μπορεί να χρειαστεί να πληρώσουν το τίμημα γι’ αυτό», πρόσθεσε.\nΚατά τη διάρκεια της πρώτης του θητείας, ο ρεπουμπλικάνος είχε καθαιρέσει από το αξίωμά του τον Τζέιμς Κόμι, το 2017, καθώς το FBI ερευνούσε την υποτιθέμενη ανάμιξη της Ρωσίας στην προεκλογική εκστρατεία του 2016.\nΗ έρευνα ανατέθηκε στον ειδικό εισαγγελέα Ρόμπερτ Μάλερ — τον προκάτοχο του κ. Κόμι στην ηγεσία του FBI. Στο πόρισμά του το 2019, ο κ. Μάλερ ανέφερε πως δεν υπήρχαν επαρκείς αποδείξεις για αθέμιτη σύμπραξη της Μόσχας και της ομάδας του κ. Τραμπ , αλλά τόνισε πως ασκήθηκε σειρά πιέσεων, που προκαλούσαν προβληματισμό, από τον ρεπουμπλικάνο για να παρακωλυθεί η έρευνα.\nΤο 2018 ο Ντόναλντ Τραμπ ακύρωσε την άδεια χειρισμού απορρήτων του Τζον Μπρέναν, διευθυντή της CIA επί προεδρίας του δημοκρατικού προκατόχου του Μπαράκ Ομπάμα, που είχε κάνει λόγο για «αθέμιτη σύμπραξη» της ομάδας που διεξήγαγε την εκστρατεία του μεγιστάνα και της Ρωσίας.\n10.07.2025, 07:17",
    "highlightText": "",
    "highlightTitle": "",
    "highlightThreadTitle": "",
    "language": "greek",
    "sentiment": null,
    "categories": null,
    "topics": null,
    "ai_allow": true,
    "has_canonical": false,
    "breaking": true,
    "webz_reporter": false,
    "external_links": [
        "https://www.google.com/url?q=https://www.protothema.gr/greece/article/1666611/fotia-tora-sto-asprohori-oropou-epiheiroun-2-aeroskafi-kai-3-elikoptera/&source=gmail&ust=1752177239913000&usg=AOvVaw15KoCQLONMORHjPowoucrI",
        "https://www.google.com/url?q=https://www.protothema.gr/oles-oi-eidiseis/&source=gmail&ust=1752177239913000&usg=AOvVaw1yniJ_kQWGkAPlzsppq9fL",
        "https://www.google.com/url?q=https://www.protothema.gr/greece/article/1666726/agonia-gia-ton-ellina-frouro-tou-eternity-c-feretai-na-einai-sta-heria-ton-adarton-houthi/&source=gmail&ust=1752177239913000&usg=AOvVaw3D8PKECjehBY7vDGOdYwSq",
        "https://www.google.com/url?q=https://www.protothema.gr/greece/article/1666688/tholosa-kai-xespasa-sto-paidi-i-mana-mou-me-trelainei-i-omologia-tis-eirinis-mourtzoukou-gia-tis-dolofonies-ton-vrefon/&source=gmail&ust=1752177239913000&usg=AOvVaw1o7L7DawbfF8hTCP_BFQfb",
        "https://www.google.com/url",
        "https://google.com/url?q=https://protothema.gr/greece/article/1666611/fotia-tora-sto-asprohori-oropou-epiheiroun-2-aeroskafi-kai-3-elikoptera/&source=gmail&ust=1752177239913000&usg=AOvVaw15KoCQLONMORHjPowoucrI",
        "https://google.com/url?q=https://protothema.gr/greece/article/1666688/tholosa-kai-xespasa-sto-paidi-i-mana-mou-me-trelainei-i-omologia-tis-eirinis-mourtzoukou-gia-tis-dolofonies-ton-vrefon/&source=gmail&ust=1752177239913000&usg=AOvVaw1o7L7DawbfF8hTCP_BFQfb",
        "https://google.com/url?q=https://protothema.gr/oles-oi-eidiseis/&source=gmail&ust=1752177239913000&usg=AOvVaw1yniJ_kQWGkAPlzsppq9fL",
        "https://google.com/url?q=https://protothema.gr/greece/article/1666726/agonia-gia-ton-ellina-frouro-tou-eternity-c-feretai-na-einai-sta-heria-ton-adarton-houthi/&source=gmail&ust=1752177239913000&usg=AOvVaw3D8PKECjehBY7vDGOdYwSq"
    ],
    "entities": {
        "persons": [],
        "locations": [],
        "organizations": []
    },
    "syndication": {
        "syndicated": null,
        "syndicate_id": null,
        "first_syndicated": false
    },
    "trust": {
        "categories": [
            "fake_news"
        ],
        "top_news": [
            "top_news_za",
            "top_news_gr",
            "top_news"
        ],
        "bias": "right",
        "source": {
            "type": null,
            "city": null,
            "state": null,
            "country": null,
            "domain_type": null,
            "agency": null,
            "organization_name": null
        }
    },
    "rating": null,
    "crawled": "2025-07-10T07:33:28.870+03:00",
    "updated": "2025-07-10T09:23:11.167+03:00"
}