{
    "thread": {
        "uuid": "93193bfadf20f83290641771daa69d4e38451160",
        "url": "https://khabarovsk-news.net/incident/2025/07/10/266852.html",
        "site_full": "khabarovsk-news.net",
        "site": "khabarovsk-news.net",
        "site_section": "https://khabarovsk-news.net/rss.xml",
        "site_categories": [
            "media"
        ],
        "section_title": "Лента новостей Хабаровска",
        "site_title": "Лента новостей Хабаровска",
        "title": "В Еврейской автономной области перед судом предстанет сотрудница администрации, обвиняемая в злоупотреблении должностными полномочиями",
        "title_full": "В Еврейской автономной области перед судом предстанет сотрудница администрации, обвиняемая в злоупотреблении должностными полномочиями",
        "published": "2025-07-10T05:49:00.000+03:00",
        "replies_count": 0,
        "participants_count": 1,
        "site_type": "news",
        "country": "RU",
        "main_image": "https://khabarovsk-news.net/img/20250710/fb08e679b4d01790f0cb7e934940ad52_o.jpg",
        "performance_score": 0,
        "domain_rank": null,
        "domain_rank_updated": null,
        "licensing_agency": [],
        "social": {
            "facebook": {
                "likes": 0,
                "comments": 0,
                "shares": 0
            },
            "vk": {
                "shares": 0
            }
        }
    },
    "uuid": "93193bfadf20f83290641771daa69d4e38451160",
    "url": "https://khabarovsk-news.net/incident/2025/07/10/266852.html",
    "ord_in_thread": 0,
    "author": "Следком Хабаровский край",
    "published": "2025-07-10T05:49:00.000+03:00",
    "title": "В Еврейской автономной области перед судом предстанет сотрудница администрации, обвиняемая в злоупотреблении должностными полномочиями",
    "text": "Вторым отделом по расследованию особо важных дел СУ СК России по Хабаровскому краю и ЕАО завершено расследование уголовного дела в отношении сотрудницы администрации одного из районов ЕАО. Она обвиняется в совершении преступления, предусмотренного ч. 1 ст. 285 УК РФ (злоупотребление должностными полномочиями).\nПо версии следствия, ранее пребывая в должности заместителя главы администрации муниципального образования, женщина решила получить в безвозмездное пользование муниципальную квартиру. Для этого обвиняемая внесла недостоверные сведения в документы о наличии якобы законных оснований для предоставления по договору социального найма жилья её родственнику в доме, признанном аварийным. После этого женщина незаконно включила данные родственника в список граждан для переселения из аварийного жилья и предоставленную ему благоустроенную квартиру сдавала третьим лицам.\nПо уголовному делу проведены необходимые следственные и иные процессуальные действия, получены результаты судебных экспертиз, что позволило предъявить фигурантке обвинение в совершении инкриминируемого преступления.\nУголовное дело с утвержденным обвинительным заключением направлено в суд для рассмотрения по существу. Вину в совершении преступления обвиняемая не признала.",
    "highlightText": "",
    "highlightTitle": "",
    "highlightThreadTitle": "",
    "language": "russian",
    "sentiment": null,
    "categories": null,
    "topics": null,
    "ai_allow": true,
    "has_canonical": false,
    "breaking": null,
    "webz_reporter": false,
    "external_links": [],
    "entities": {
        "persons": [],
        "locations": [],
        "organizations": []
    },
    "syndication": {
        "syndicated": null,
        "syndicate_id": null,
        "first_syndicated": false
    },
    "trust": {
        "categories": [
            "fake_news"
        ],
        "top_news": [],
        "bias": null,
        "source": {
            "type": null,
            "city": null,
            "state": null,
            "country": null,
            "domain_type": null,
            "agency": null,
            "organization_name": null
        }
    },
    "rating": null,
    "crawled": "2025-07-10T07:27:22.614+03:00",
    "updated": "2025-07-10T07:27:22.614+03:00"
}