{
    "thread": {
        "uuid": "779592e6b92797584a4f5f7c47d1c8a99c326d99",
        "url": "https://www.newsbreak.com/love-us-stars-292783197/4097963903494-can-t-forget-about-my-youngest-semaj-he-very-intelligent-for-his-age-9-f-he-will-be-goin-to-pre-k-this-year-sit-starts-at-home-oddlysatisfying-caughtoncamera",
        "site_full": "www.newsbreak.com",
        "site": "newsbreak.com",
        "site_section": "https://local.newsbreak.com/love-us-stars-292783197",
        "site_categories": [
            "under_construction"
        ],
        "section_title": "Love US Stars&#x27;s Home Page | NewsBreak",
        "site_title": "NewsBreak: Local News &amp; Alerts",
        "title": "Can't Forget About My Youngest Semaj He Very Intelligent For His Age 9, F He Will Be Goin To Pre-K This Year SIt Starts At Home #OddlySatisfying #CaughtOnCamera - NewsBreak",
        "title_full": "Can't Forget About My Youngest Semaj He Very Intelligent For His Age 9, F He Will Be Goin To Pre-K This Year SIt Starts At Home #OddlySatisfying #CaughtOnCamera - NewsBreak",
        "published": "2025-07-10T04:39:00.000+03:00",
        "replies_count": 0,
        "participants_count": 0,
        "site_type": "news",
        "country": "US",
        "main_image": "https://img.particlenews.com/img/id/16uT8Z_12YCHX2D00",
        "performance_score": 0,
        "domain_rank": 3213,
        "domain_rank_updated": "2025-06-03T00:00:00.000+03:00",
        "licensing_agency": [],
        "social": {
            "facebook": {
                "likes": 0,
                "comments": 0,
                "shares": 0
            },
            "vk": {
                "shares": 0
            }
        }
    },
    "uuid": "779592e6b92797584a4f5f7c47d1c8a99c326d99",
    "url": "https://www.newsbreak.com/love-us-stars-292783197/4097963903494-can-t-forget-about-my-youngest-semaj-he-very-intelligent-for-his-age-9-f-he-will-be-goin-to-pre-k-this-year-sit-starts-at-home-oddlysatisfying-caughtoncamera",
    "ord_in_thread": 0,
    "author": null,
    "published": "2025-07-10T04:39:00.000+03:00",
    "title": "Can't Forget About My Youngest Semaj He Very Intelligent For His Age 9, F He Will Be Goin To Pre-K This Year SIt Starts At Home #OddlySatisfying #CaughtOnCamera - NewsBreak",
    "text": "Can't Forget About My Youngest Semaj He Very Intelligent For His Age 9, F He Will Be Goin To Pre-K This Year SIt Starts At Home #OddlySatisfying #CaughtOnCamera - NewsBreak",
    "highlightText": "",
    "highlightTitle": "",
    "highlightThreadTitle": "",
    "language": "english",
    "sentiment": null,
    "categories": null,
    "topics": null,
    "ai_allow": true,
    "has_canonical": false,
    "breaking": null,
    "webz_reporter": false,
    "external_links": [],
    "entities": {
        "persons": [],
        "locations": [],
        "organizations": []
    },
    "syndication": {
        "syndicated": false,
        "syndicate_id": null,
        "first_syndicated": false
    },
    "trust": {
        "categories": [
            "fake_news"
        ],
        "top_news": [],
        "bias": "center",
        "source": {
            "type": null,
            "city": null,
            "state": null,
            "country": null,
            "domain_type": null,
            "agency": null,
            "organization_name": null
        }
    },
    "rating": null,
    "crawled": "2025-07-10T07:26:05.505+03:00",
    "updated": "2025-07-10T07:26:05.505+03:00"
}