{
    "thread": {
        "uuid": "895d2e47221abaaaeec8a5fff2c042df91ba1c9e",
        "url": "https://actualidad-rt.com/actualidad/540818-suma-supremo-tribunal-brasil-multa-x",
        "site_full": "actualidad-rt.com",
        "site": "actualidad-rt.com",
        "site_section": "https://actualidad-rt.com/actualidad",
        "site_categories": [],
        "section_title": "RT en Español - Actualidad",
        "title": "La suma con la que el Supremo Tribunal de Brasil multa a X por incumplir una orden judicial",
        "title_full": "La suma con la que el Supremo Tribunal de Brasil multa a X por incumplir una orden judicial",
        "published": "2025-02-21T00:01:00.000+02:00",
        "replies_count": 0,
        "participants_count": 1,
        "site_type": "news",
        "country": "ES",
        "main_image": "https://mf.b37mrtl.ru/actualidad/public_images/2025.02/article/67b79f2759bf5b648d26976d.jpg",
        "performance_score": 0,
        "domain_rank": 441609,
        "domain_rank_updated": "2025-02-17T23:00:00.000+02:00",
        "social": {
            "facebook": {
                "likes": 0,
                "comments": 0,
                "shares": 0
            },
            "vk": {
                "shares": 0
            }
        }
    },
    "uuid": "895d2e47221abaaaeec8a5fff2c042df91ba1c9e",
    "url": "https://actualidad-rt.com/actualidad/540818-suma-supremo-tribunal-brasil-multa-x",
    "ord_in_thread": 0,
    "parent_url": null,
    "author": "RT en Español",
    "published": "2025-02-21T00:01:00.000+02:00",
    "title": "La suma con la que el Supremo Tribunal de Brasil multa a X por incumplir una orden judicial",
    "text": "La suma con la que el Supremo Tribunal de Brasil multa a X por incumplir una orden judicial\nEl magistrado Alexandre de Moraes, del Supremo Tribunal Federal (STF) de Brasil, multó a la empresa X con 8,1 millones de reales (alrededor de 1,4 millones de dólares) por incumplir una orden judicial que obligaba a la red social a suministrar los datos de registro de una cuenta atribuida a un bloguero ultra.\nEn la resolución, suscrita por el juez el miércoles pero difundida este jueves, De Moraes exhortó a la plataforma propiedad del multimillonario Elon Musk —con quien tuvo un pleito muy mediático— a que realice el pago integral de \"inmediato\".\nLa solicitud del poderoso juez brasileño forma parte de una investigación, comenzada a mediados del año pasado, contra el bloguero Allan dos Santos, seguidor del exmandatario brasileño Jair Bolsonaro, por presuntos delitos en las redes sociales al considerar que difunde bulos.\nEn ese momento X bloqueó momentáneamente su cuenta, pero alegó que sus operadores \"no recogen\" datos de registro, lo que generó el incumplimiento de la decisión, en una de tantas tensiones entre la red social y la Justicia brasileña.\nEntretanto, el exmandatario compartió en X el pronunciamiento de su hijo, el diputado Eduardo Bolsonaro, quien calificó esta sentencia como \"ataque a la libertad de expresión\", defendió la labor de comunicación de Dos Santos e indicó que De Moraes busca \"silenciar a los disidentes\".",
    "highlightText": "",
    "highlightTitle": "",
    "highlightThreadTitle": "",
    "language": "spanish",
    "sentiment": null,
    "categories": null,
    "topics": null,
    "ai_allow": true,
    "has_canonical": true,
    "breaking": false,
    "webz_reporter": false,
    "external_links": [
        "https://portal.stf.jus.br/processos/downloadPeca.asp?id=15374107243&ext=.pdf",
        "https://x.com/BolsonaroSP/status/1892660236453924945",
        "https://portal.stf.jus.br/processos/downloadPeca.asp",
        "https://www.portal.stf.jus.br/processos/downloadPeca.asp?id=15374107243&ext=.pdf",
        "https://www.x.com/BolsonaroSP/status/1892660236453924945"
    ],
    "external_images": [],
    "entities": {
        "persons": [
            {
                "name": "Alexandre de Moraes",
                "sentiment": "none"
            },
            {
                "name": "Jair Bolsonaro",
                "sentiment": "none"
            },
            {
                "name": "Elon Musk",
                "sentiment": "none"
            }
        ],
        "organizations": [
            {
                "name": "Supremo Tribunal de Brasil",
                "sentiment": "none"
            },
            {
                "name": "Supremo Tribunal Federal",
                "sentiment": "none"
            },
            {
                "name": "STF",
                "sentiment": "none"
            }
        ],
        "locations": []
    },
    "syndication": {
        "syndicated": null,
        "syndicate_id": null,
        "first_syndicated": false
    },
    "trust": {
        "categories": [
            "fake_news"
        ]
    },
    "rating": null,
    "crawled": "2025-02-21T00:18:36.482+02:00",
    "updated": "2025-02-21T00:18:36.482+02:00"
}