{
    "thread": {
        "uuid": "ae6b47997fa919642b0f1cd8824aacf6f034735d",
        "url": "https://novyny.zt.ua/politics/2025/02/20/234430.html",
        "site_full": "novyny.zt.ua",
        "site": "novyny.zt.ua",
        "site_section": "https://novyny.zt.ua/rss/news",
        "site_categories": [],
        "section_title": "Стрічка новин України",
        "title": "А в балалайках они гораздо больше!",
        "title_full": "А в балалайках они гораздо больше!",
        "published": "2025-02-20T23:51:00.000+02:00",
        "replies_count": 0,
        "participants_count": 0,
        "site_type": "news",
        "country": "UA",
        "main_image": "https://novyny.zt.ua/img/20250220/a39a224ef68e4ea06722523d387c9aae.jpg",
        "performance_score": 0,
        "domain_rank": null,
        "domain_rank_updated": null,
        "social": {
            "facebook": {
                "likes": 0,
                "comments": 0,
                "shares": 0
            },
            "vk": {
                "shares": 0
            }
        }
    },
    "uuid": "ae6b47997fa919642b0f1cd8824aacf6f034735d",
    "url": "https://novyny.zt.ua/politics/2025/02/20/234430.html",
    "ord_in_thread": 0,
    "parent_url": null,
    "author": null,
    "published": "2025-02-20T23:51:00.000+02:00",
    "title": "А в балалайках они гораздо больше!",
    "text": "Военные расходы россии, третий год ведущей войну против Украины, на данный момент превышают расходы на оборону у всех стран ЕС и Великобритании вместе взятых. Такие выводы исследования \"Военное равновесие\", проведенного британским Международным институтом стратегических исследований (IISS), публикует газета Financial Times в среду, 12 февраля. Далее следует уточнение в цифрах, которые вызывают искреннее недоумение.\nОбщие расходы россии на оборону в 2024 году выросли на 42% и составили 13,1 триллиона рублей, что эквивалентно 462 млрд долларов по паритету покупательной способности, говорится в этом исследовании. По прогнозу IISS, в 2025 году российские военные расходы вырастут на 13,7% - до 15,6 триллиона рублей (550 млрд долларов).\nДавно не сталкивался подобным бредом в западной прессе...\nНачнем с официальной статистики:\n- бюджет россии на 2024 год: доходы – 35,065 трлн рублей; расходы – 36,661 трлн рублей;\n- средний курс доллара за год 92,818 рублей.\nТ.е. реальный бюджет россии - примерно 388 млрд долларов. Как видите, 462 млрд предполагаемых расходов \"на войну\" никак не вмещаются в 388 млрд бюджета россии. Происходит это потому, что делать расчеты, исходя от количества гамбургеров, которые можно купить на единицу национальной валюты (паритет покупательной способности) некорректно. Конечно, это тешит самолюбие стран третьего мира, сравнивающих свои возможности с экономически развитыми странами по выращиванию бананов или кокосов, но абсолютно некорректно при общем сравнении экономик тех же государств. Для этого и существует такая универсальная единица, как доллар США. Тем более, что дорогостоящую \"начинку\" для военной техники и снаряды для артиллерии россия покупает за рубежом за валюту.\nСомневаюсь, чтобы российская пропаганда могла \"перекупить\" Financial Times. Но то, что столь солидное издание активно сотрудничает с производителями вооружений на Западе тоже ни для кого не секрет. Как ни странно, но нам эта публикация чрезвычайно выгодна - чем больше на Западе будет производиться нового оружия, тем легче наши союзники расстанутся со старым, которое на порядок превосходит новейшее российское. К сожалению, подобные материалы резко увеличивают число неустойчивых граждан, готовых кричать \"все пропало!\" по любому поводу. При этом каждый из них может сам \"раскинуть мозгами\" и сделать выводы по сути прочитанного. Было бы желание...",
    "highlightText": "",
    "highlightTitle": "",
    "highlightThreadTitle": "",
    "language": "russian",
    "sentiment": null,
    "categories": null,
    "topics": null,
    "ai_allow": true,
    "has_canonical": false,
    "breaking": false,
    "webz_reporter": false,
    "external_links": [
        "https://www.ft.com/content/93d44b5a-a087-4059-9891-f18c77efca4b",
        "https://ft.com/content/93d44b5a-a087-4059-9891-f18c77efca4b"
    ],
    "external_images": [],
    "entities": {
        "persons": [],
        "organizations": [],
        "locations": []
    },
    "syndication": {
        "syndicated": null,
        "syndicate_id": null,
        "first_syndicated": false
    },
    "trust": {
        "categories": [
            "fake_news"
        ]
    },
    "rating": null,
    "crawled": "2025-02-21T00:36:38.595+02:00",
    "updated": "2025-02-21T00:36:38.595+02:00"
}