{
    "thread": {
        "uuid": "9e43e94ea10803a56bbc0f04b187ec296a61aa55",
        "url": "https://lenta.kharkiv.ua/sport/2025/02/20/505836.html",
        "site_full": "lenta.kharkiv.ua",
        "site": "lenta.kharkiv.ua",
        "site_section": "https://lenta.kharkiv.ua/rss/news",
        "site_categories": [
            "media"
        ],
        "section_title": "Лента новостей Харькова",
        "title": "Бокс: українець Берінчик та американець Девіс провели першу битву поглядів",
        "title_full": "Бокс: українець Берінчик та американець Девіс провели першу битву поглядів",
        "published": "2025-02-20T23:59:00.000+02:00",
        "replies_count": 0,
        "participants_count": 0,
        "site_type": "news",
        "country": "UA",
        "main_image": "https://lenta.kharkiv.ua/img/20250220/8f95de0976a2d50744fe3985c519b89f.jpg",
        "performance_score": 0,
        "domain_rank": null,
        "domain_rank_updated": null,
        "social": {
            "facebook": {
                "likes": 0,
                "comments": 0,
                "shares": 0
            },
            "vk": {
                "shares": 0
            }
        }
    },
    "uuid": "9e43e94ea10803a56bbc0f04b187ec296a61aa55",
    "url": "https://lenta.kharkiv.ua/sport/2025/02/20/505836.html",
    "ord_in_thread": 0,
    "parent_url": null,
    "author": null,
    "published": "2025-02-20T23:59:00.000+02:00",
    "title": "Бокс: українець Берінчик та американець Девіс провели першу битву поглядів",
    "text": "У Нью-Йорку український чемпіон світу за версією WBO у легкій вазі Денис Берінчик (19-0, 9 КО) та американець Кейшон Девіс (12-0, 8 KO) провели першу битву поглядів.\nПро це повідомляє Чемпіон із посиланням на LuckyPunch.\nДуель поглядів пройшла у дружній атмосфері. Боксери декілька хвилин дивились в очі один одному.\nЇхній бій за звання чемпіона світу в легкій вазі за версією WBO відбудеться 14 лютого в Нью-Йорку (США).",
    "highlightText": "",
    "highlightTitle": "",
    "highlightThreadTitle": "",
    "language": "ukrainian",
    "sentiment": null,
    "categories": null,
    "topics": null,
    "ai_allow": true,
    "has_canonical": false,
    "breaking": false,
    "webz_reporter": false,
    "external_links": [
        "https://champion.com.ua/ukr/boxing/berinchik-ta-devis-zustrilisya-pid-chas-bitvi-poglyadiv-1026291/",
        "https://www.champion.com.ua/ukr/boxing/berinchik-ta-devis-zustrilisya-pid-chas-bitvi-poglyadiv-1026291/",
        "https://champion.com.ua/ukr/boxing/berinchik-ta-devis-zustrilisya-pid-chas-bitvi-poglyadiv-1026291"
    ],
    "external_images": [],
    "entities": {
        "persons": [],
        "organizations": [],
        "locations": []
    },
    "syndication": {
        "syndicated": null,
        "syndicate_id": null,
        "first_syndicated": false
    },
    "trust": {
        "categories": [
            "fake_news"
        ]
    },
    "rating": null,
    "crawled": "2025-02-21T00:29:55.017+02:00",
    "updated": "2025-02-21T00:29:55.017+02:00"
}