{
    "thread": {
        "uuid": "0d4c1dc9d5747ac797a420a0d36031f5b8a4d38d",
        "url": "https://northtrianglenews.com/stories/669834625-cheapest-diesel-in-cities-across-franklin-county-in-week-ending-feb-15",
        "site_full": "northtrianglenews.com",
        "site": "northtrianglenews.com",
        "site_section": "https://northtrianglenews.com",
        "site_categories": [],
        "section_title": "North Triangle News",
        "title": "Cheapest diesel in cities across Franklin County in week ending Feb. 15",
        "title_full": "Cheapest diesel in cities across Franklin County in week ending Feb. 15",
        "published": "2025-02-20T22:00:00.000+02:00",
        "replies_count": 0,
        "participants_count": 1,
        "site_type": "news",
        "country": "US",
        "main_image": "https://s3.amazonaws.com/jnswire/jns-media/f4/f8/22015933/webp_4m7cuwh2nsv4nr6qk2deurkja4up.webp",
        "performance_score": 0,
        "domain_rank": null,
        "domain_rank_updated": null,
        "social": {
            "facebook": {
                "likes": 0,
                "comments": 0,
                "shares": 0
            },
            "vk": {
                "shares": 0
            }
        }
    },
    "uuid": "0d4c1dc9d5747ac797a420a0d36031f5b8a4d38d",
    "url": "https://northtrianglenews.com/stories/669834625-cheapest-diesel-in-cities-across-franklin-county-in-week-ending-feb-15",
    "ord_in_thread": 0,
    "parent_url": null,
    "author": "North Triangle News",
    "published": "2025-02-20T22:00:00.000+02:00",
    "title": "Cheapest diesel in cities across Franklin County in week ending Feb. 15",
    "text": "Federal Energy Regulatory Commission (FERC) Commissioner Allison Clements | www.ferc.gov\nFederal Energy Regulatory Commission (FERC) Commissioner Allison Clements | www.ferc.gov\nGasBuddy.com.\nThe average reported cost of diesel in cities within Franklin County was $3.51 per gallon.\nOf the 43 reported gas stations in cities within Franklin County, six offer diesel.\nThe average reported price of diesel in North Carolina was $3.54, compared to $3.55 the week before.\nDrivers across the U.S. have faced a rollercoaster of gas prices in recent months and years. Though the cost of a gallon of gas is dropping, experts suggest they may rise to $4 before the end of 2024.\nMany analysts blame the COVID-19 pandemic for crushing oil demand and then oil production and Russia's war against Ukraine.\nGas data refers to the price of gas when paid for by cash, not credit. Gas stations can charge drivers more for using credit cards due to surcharge fees. This is prohibited in 10 U.S. states.\nWhile data is accurate as of press time, note that gas prices can fluctuate daily or even hourly.",
    "highlightText": "",
    "highlightTitle": "",
    "highlightThreadTitle": "",
    "language": "english",
    "sentiment": null,
    "categories": null,
    "topics": null,
    "ai_allow": true,
    "has_canonical": false,
    "breaking": false,
    "webz_reporter": false,
    "external_links": [
        "https://www.kiplinger.com/personal-finance/spending/604644/why-are-gas-prices-still-going-up",
        "https://www.gasbuddy.com/",
        "https://www.reuters.com/markets/us/why-are-fuel-prices-rising-again-some-us-regions-2022-10-04/",
        "https://www.nerdwallet.com/article/credit-cards/credit-card-charged-more-gas-station",
        "https://www.reuters.com/markets/us/why-are-fuel-prices-rising-again-some-us-regions-2022-10-04",
        "https://gasbuddy.com/",
        "https://reuters.com/markets/us/why-are-fuel-prices-rising-again-some-us-regions-2022-10-04/",
        "https://nerdwallet.com/article/credit-cards/credit-card-charged-more-gas-station",
        "https://kiplinger.com/personal-finance/spending/604644/why-are-gas-prices-still-going-up",
        "https://www.gasbuddy.com"
    ],
    "external_images": [],
    "entities": {
        "persons": [
            {
                "name": "Allison Clements",
                "sentiment": "none"
            }
        ],
        "organizations": [
            {
                "name": "Federal Energy Regulatory Commission",
                "sentiment": "none"
            },
            {
                "name": "FERC",
                "sentiment": "none"
            }
        ],
        "locations": [
            {
                "name": "County",
                "sentiment": "none"
            }
        ]
    },
    "syndication": {
        "syndicated": false,
        "syndicate_id": null,
        "first_syndicated": false
    },
    "trust": {
        "categories": [
            "fake_news"
        ]
    },
    "rating": null,
    "crawled": "2025-02-21T00:25:59.576+02:00",
    "updated": "2025-02-21T00:25:59.576+02:00"
}