{
    "thread": {
        "uuid": "c789fe769e03df5e77fb890b228492299d93afff",
        "url": "https://uanews.kharkiv.ua/other/2025/02/20/472150.html",
        "site_full": "uanews.kharkiv.ua",
        "site": "uanews.kharkiv.ua",
        "site_section": "https://uanews.kharkiv.ua/incident",
        "site_categories": [
            "media",
            "tennis",
            "sports"
        ],
        "section_title": "Події - Стрічка новин Харкова",
        "title": "У Харкові на Салтівці сталася пожежа в підвалі будинку: загинув чоловік - Стрічка новин Харкова",
        "title_full": "У Харкові на Салтівці сталася пожежа в підвалі будинку: загинув чоловік - Стрічка новин Харкова",
        "published": "2025-02-20T23:41:00.000+02:00",
        "replies_count": 0,
        "participants_count": 0,
        "site_type": "news",
        "country": "UA",
        "main_image": "https://uanews.kharkiv.ua/img/20250220/0db024bea47e0e9b16de1c8a65af99df.jpg",
        "performance_score": 0,
        "domain_rank": null,
        "domain_rank_updated": null,
        "social": {
            "facebook": {
                "likes": 0,
                "comments": 0,
                "shares": 0
            },
            "vk": {
                "shares": 0
            }
        }
    },
    "uuid": "c789fe769e03df5e77fb890b228492299d93afff",
    "url": "https://uanews.kharkiv.ua/other/2025/02/20/472150.html",
    "ord_in_thread": 0,
    "parent_url": null,
    "author": null,
    "published": "2025-02-20T23:41:00.000+02:00",
    "title": "У Харкові на Салтівці сталася пожежа в підвалі будинку: загинув чоловік - Стрічка новин Харкова",
    "text": "Напередодні ввечері, 19 лютого о 20:49, на проспекті Ювілейному у Салтівському районі Харкова сталася побутова пожежа.\nПро це повідомили в ГУ ДСНС України у Харківській області.\nУ підвальному приміщенні горіла дерев’яна лавка площею 3 кв. м. В осередку загоряння вогнеборці виявили тіло людини.\nПричина загоряння встановлюється.",
    "highlightText": "",
    "highlightTitle": "",
    "highlightThreadTitle": "",
    "language": "ukrainian",
    "sentiment": null,
    "categories": null,
    "topics": null,
    "ai_allow": true,
    "has_canonical": false,
    "breaking": false,
    "webz_reporter": false,
    "external_links": [
        "https://kh.dsns.gov.ua/news/nadzvicaini-podiyi/xarkivska-oblast-operativna-informaciia-stanom-na-0700-20-liutogo-2025-roku",
        "https://www.kh.dsns.gov.ua/news/nadzvicaini-podiyi/xarkivska-oblast-operativna-informaciia-stanom-na-0700-20-liutogo-2025-roku"
    ],
    "external_images": [],
    "entities": {
        "persons": [],
        "organizations": [],
        "locations": []
    },
    "syndication": {
        "syndicated": null,
        "syndicate_id": null,
        "first_syndicated": false
    },
    "trust": {
        "categories": [
            "fake_news"
        ]
    },
    "rating": null,
    "crawled": "2025-02-21T00:05:11.965+02:00",
    "updated": "2025-02-21T00:05:11.965+02:00"
}