{
    "thread": {
        "uuid": "a46079bf40ce27a0552cf3e536294d75351c73d3",
        "url": "https://www.newsbreak.com/usa-today-560565/4086791292492-west-virginia-lottery-results-see-winning-numbers-for-powerball-lotto-america-on-july-2-2025",
        "site_full": "www.newsbreak.com",
        "site": "newsbreak.com",
        "site_section": "https://www.newsbreak.com/usa-today-560565",
        "site_categories": [
            "under_construction",
            "non_standard_content"
        ],
        "section_title": "USA TODAY&#x27;s Home Page | NewsBreak",
        "site_title": "NewsBreak: Local News &amp; Alerts",
        "title": "West Virginia Lottery results: See winning numbers for Powerball, Lotto America on July 2, 2025 - NewsBreak",
        "title_full": "West Virginia Lottery results: See winning numbers for Powerball, Lotto America on July 2, 2025 - NewsBreak",
        "published": "2025-07-03T06:30:00.000+03:00",
        "replies_count": 0,
        "participants_count": 0,
        "site_type": "news",
        "country": "US",
        "main_image": "https://img.particlenews.com/img/id/4ITZkz_12Mx2UHR00",
        "performance_score": 0,
        "domain_rank": 3213,
        "domain_rank_updated": "2025-06-03T00:00:00.000+03:00",
        "licensing_agency": [],
        "social": {
            "facebook": {
                "likes": 0,
                "comments": 0,
                "shares": 0
            },
            "vk": {
                "shares": 0
            }
        }
    },
    "uuid": "a46079bf40ce27a0552cf3e536294d75351c73d3",
    "url": "https://www.newsbreak.com/usa-today-560565/4086791292492-west-virginia-lottery-results-see-winning-numbers-for-powerball-lotto-america-on-july-2-2025",
    "ord_in_thread": 0,
    "author": null,
    "published": "2025-07-03T06:30:00.000+03:00",
    "title": "West Virginia Lottery results: See winning numbers for Powerball, Lotto America on July 2, 2025 - NewsBreak",
    "text": "Are you looking to win big? The West Virginia Lottery offers a variety of games if you think it’s your lucky day. Lottery players in West Virginia can choose from popular national games like the Powerball and Mega Millions , which are available in the vast majority of states . Other games include Lotto America, Daily 3, Daily 4 and Cash 25. Big lottery wins around the U.S. include a lucky lottery ticketholder in California who won a $1.27 billion Mega Millions jackpot in December 2024. See more big winners here . And if you do end up cashing a jackpot, here’s what experts say to do first . Here’s a look at Wednesday, July 2, 2025 results for each game: 07-19-21-54-63, Powerball: 21, Power Play: 2 Check Powerball payouts and previous drawings here. 08-19-20-21-39, Star Ball: 07, ASB: 04 Check Lotto America payouts and previous drawings here. 2-0-3 Check Daily 3 payouts and previous drawings here. 5-7-4-6 Check Daily 4 payouts and previous drawings here. Feeling lucky? Explore the latest lottery news & results Winning lottery numbers are sponsored by Jackpocket, the official digital lottery courier of the USA TODAY Network . Tickets can be purchased in person at gas stations, convenience stores and grocery stores. Some airport terminals may also sell lottery tickets. You can also order tickets online through Jackpocket, the official digital lottery courier of the USA TODAY Network , in these U.S. states and territories: Arizona, Arkansas, Colorado, Idaho, Maine, Massachusetts, Minnesota, Montana, Nebraska, New Hampshire, New Jersey, New York, Ohio, Oregon, Puerto Rico, Washington D.C., and West Virginia. The Jackpocket app allows you to pick your lottery game and numbers, place your order, see your ticket and collect your winnings all using your phone or home computer. Jackpocket is the official digital lottery courier of the USA TODAY Network. Gannett may earn revenue for audience referrals to Jackpocket services. GAMBLING PROBLEM? CALL 1-800-GAMBLER, Call 877-8-HOPENY/text HOPENY (467369) (NY). 18+ (19+ in NE, 21+ in AZ). Physically present where Jackpocket operates. Jackpocket is not affiliated with any State Lottery. Eligibility Restrictions apply. Void where prohibited. Terms: jackpocket.com/tos . This results page was generated automatically using information from TinBu and a template written and reviewed by a USA Today editor. You can send feedback using this form . This article originally appeared on USA TODAY: West Virginia Lottery results: See winning numbers for Powerball, Lotto America on July 2, 2025",
    "highlightText": "",
    "highlightTitle": "",
    "highlightThreadTitle": "",
    "language": "english",
    "sentiment": "neutral",
    "categories": [
        "Economy, Business and Finance",
        "Social Issue",
        "Human Interest"
    ],
    "topics": [
        "Economy, Business and Finance->consumer goods",
        "Economy, Business and Finance->financial service",
        "Social Issue->social condition",
        "Social Issue->addiction"
    ],
    "ai_allow": true,
    "has_canonical": true,
    "breaking": false,
    "webz_reporter": false,
    "external_links": [
        "https://jkpt.sng.link/A0spb/pj93/tehs",
        "https://www.usatoday.com/lottery/",
        "https://wvlottery.com/games/draw-games/lotto-america/",
        "https://www.usatoday.com/story/money/lottery/2024/12/28/did-anyone-win-mega-millions-jackpot/77243200007/",
        "https://wvlottery.com/games/draw-games/powerball/",
        "https://www.usatoday.com/picture-gallery/money/lottery/2024/01/02/powerball-jackpot-winners-through-the-years/72083222007/",
        "https://gannett-nxuao.formstack.com/forms/website_appfeedback_automation",
        "https://wvlottery.com/games/draw-games/daily-3/",
        "https://img.particlenews.com/image.php?type=thumbnail_580x000&url=4ITZkz_12Mx2UHR00",
        "https://wvlottery.com/",
        "https://img.particlenews.com/image.php?url=4ITZkz_12Mx2UHR00",
        "https://jackpocket.com/tos",
        "https://www.usatoday.com/story/money/2023/07/19/powerball-how-where-buy-lottery-ticket/70430356007/",
        "https://www.usatoday.com/story/money/personalfinance/2024/12/26/what-to-do-mega-miliions-jackpot-winner/77238184007/",
        "https://wvlottery.com/games/draw-games/daily-4/",
        "https://www.usatoday.com/story/graphics/2024/04/02/states-you-can-buy-powerball-tickets-online/73118601007/",
        "https://www.usatoday.com/story/money/lottery/2024/12/27/mega-millions-how-to-play-drawing-time-buying-tickets/77261084007/",
        "https://www.usatoday.com/story/money/lottery/2025/07/02/west-virginia-lottery-results-winning-numbers/84454829007/",
        "https://www.jkpt.sng.link/A0spb/pj93/tehs",
        "https://usatoday.com/story/money/lottery/2024/12/28/did-anyone-win-mega-millions-jackpot/77243200007/",
        "https://www.wvlottery.com/games/draw-games/daily-3/",
        "https://usatoday.com/picture-gallery/money/lottery/2024/01/02/powerball-jackpot-winners-through-the-years/72083222007/",
        "https://www.usatoday.com/story/money/lottery/2024/12/27/mega-millions-how-to-play-drawing-time-buying-tickets/77261084007",
        "https://www.wvlottery.com/games/draw-games/lotto-america/",
        "https://wvlottery.com",
        "https://www.usatoday.com/story/money/personalfinance/2024/12/26/what-to-do-mega-miliions-jackpot-winner/77238184007",
        "https://usatoday.com/story/money/lottery/2024/12/27/mega-millions-how-to-play-drawing-time-buying-tickets/77261084007/",
        "https://usatoday.com/story/graphics/2024/04/02/states-you-can-buy-powerball-tickets-online/73118601007/",
        "https://wvlottery.com/games/draw-games/lotto-america",
        "https://usatoday.com/story/money/2023/07/19/powerball-how-where-buy-lottery-ticket/70430356007/",
        "https://wvlottery.com/games/draw-games/daily-4",
        "https://wvlottery.com/games/draw-games/powerball",
        "https://www.usatoday.com/story/graphics/2024/04/02/states-you-can-buy-powerball-tickets-online/73118601007",
        "https://www.gannett-nxuao.formstack.com/forms/website_appfeedback_automation",
        "https://usatoday.com/story/money/personalfinance/2024/12/26/what-to-do-mega-miliions-jackpot-winner/77238184007/",
        "https://www.wvlottery.com/",
        "https://www.usatoday.com/story/money/lottery/2025/07/02/west-virginia-lottery-results-winning-numbers/84454829007",
        "https://usatoday.com/lottery/",
        "https://www.jackpocket.com/tos",
        "https://wvlottery.com/games/draw-games/daily-3",
        "https://www.img.particlenews.com/image.php?type=thumbnail_580x000&url=4ITZkz_12Mx2UHR00",
        "https://www.wvlottery.com/games/draw-games/daily-4/",
        "https://www.usatoday.com/lottery",
        "https://usatoday.com/story/money/lottery/2025/07/02/west-virginia-lottery-results-winning-numbers/84454829007/",
        "https://www.wvlottery.com/games/draw-games/powerball/",
        "https://www.usatoday.com/story/money/lottery/2024/12/28/did-anyone-win-mega-millions-jackpot/77243200007",
        "https://www.img.particlenews.com/image.php?url=4ITZkz_12Mx2UHR00",
        "https://img.particlenews.com/image.php",
        "https://www.usatoday.com/story/money/2023/07/19/powerball-how-where-buy-lottery-ticket/70430356007",
        "https://www.usatoday.com/picture-gallery/money/lottery/2024/01/02/powerball-jackpot-winners-through-the-years/72083222007"
    ],
    "entities": {
        "persons": [],
        "locations": [],
        "organizations": []
    },
    "syndication": {
        "syndicated": false,
        "syndicate_id": null,
        "first_syndicated": false
    },
    "trust": {
        "categories": [
            "fake_news"
        ],
        "top_news": [],
        "bias": "center"
    },
    "rating": null,
    "crawled": "2025-07-03T07:20:40.407+03:00",
    "updated": "2025-07-03T04:22:28.000+00:00"
}