{
    "thread": {
        "uuid": "7e76c75534b2bfaa523c83cf106afa18e05b84fb",
        "url": "https://www.newsbreak.com/breakingac-1591194/4086718258325-absecon-roadwork-closes-shoulder-along-delilah-road-westbound",
        "site_full": "www.newsbreak.com",
        "site": "newsbreak.com",
        "site_section": "https://www.newsbreak.com/breakingac-1591194",
        "site_categories": [
            "under_construction"
        ],
        "section_title": "BreakingAC&#x27;s Home Page | NewsBreak",
        "site_title": "NewsBreak: Local News &amp; Alerts",
        "title": "Absecon roadwork closes shoulder along Delilah Road westbound - NewsBreak",
        "title_full": "Absecon roadwork closes shoulder along Delilah Road westbound - NewsBreak",
        "published": "2025-07-03T01:13:00.000+03:00",
        "replies_count": 0,
        "participants_count": 1,
        "site_type": "news",
        "country": "US",
        "main_image": "https://img.particlenews.com/img/id/0Laly0_12MsPP7x00",
        "performance_score": 0,
        "domain_rank": 3213,
        "domain_rank_updated": "2025-06-03T00:00:00.000+03:00",
        "licensing_agency": [],
        "social": {
            "facebook": {
                "likes": 0,
                "comments": 0,
                "shares": 0
            },
            "vk": {
                "shares": 0
            }
        }
    },
    "uuid": "7e76c75534b2bfaa523c83cf106afa18e05b84fb",
    "url": "https://www.newsbreak.com/breakingac-1591194/4086718258325-absecon-roadwork-closes-shoulder-along-delilah-road-westbound",
    "ord_in_thread": 0,
    "author": "Access Network news report",
    "published": "2025-07-03T01:13:00.000+03:00",
    "title": "Absecon roadwork closes shoulder along Delilah Road westbound - NewsBreak",
    "text": "Atlantic County has issued the following traffic advisories for the week of June 30. The shoulder along the Delilah Road westbound on-ramp at the White Horse Pike (Rt. 30) will be in effect from 7 a.m. to 3:30 p.m. Thursday for guide rail repair work, weather permitting. Motorists may experience minor delays and should plan travel time accordingly or seek an alternate route. Traffic directors will be on site to assist.\nThe northbound lane of Shore Road in Somers Point will be closed between Dawes and Ocean avenues from 6 a.m. to 2:30 p.m. Monday through Thursday this week, weather permitting. The southbound lane will remain open. Motorists should follow the posted detour and plan travel time accordingly or seek an alternate route. Police will be on site to assist.\nLane shifts will be in effect on English Creek Avenue between West Jersey Avenue and the Black Horse Pike in Egg Harbor Township from 7:30 a.m. to 4 p.m. Monday through Thursday for restoration and guide rail work, weather permitting. Motorists should follow the posted work zone signs and plan travel time accordingly or seek an alternate route. Police and traffic directors will be on site to assist.\nCLICK HERE for a complete list of traffic advisories on or impacting Atlantic County roadways, and to subscribe to receive notice of advisories as they are issued.",
    "highlightText": "",
    "highlightTitle": "",
    "highlightThreadTitle": "",
    "language": "english",
    "sentiment": "neutral",
    "categories": [
        "Crime, Law and Justice",
        "Social Issue"
    ],
    "topics": [
        "Crime, Law and Justice->reckless driving",
        "Crime, Law and Justice->investigation (criminal)",
        "Crime, Law and Justice->law enforcement",
        "Social Issue->social condition",
        "Social Issue->social services"
    ],
    "ai_allow": true,
    "has_canonical": false,
    "breaking": null,
    "webz_reporter": false,
    "external_links": [
        "https://img.particlenews.com/image.php?url=0Laly0_12MsPP7x00",
        "https://img.particlenews.com/image.php?type=thumbnail_580x000&url=0Laly0_12MsPP7x00",
        "http://www.atlanticcountynj.gov",
        "https://img.particlenews.com/image.php",
        "https://www.img.particlenews.com/image.php?type=thumbnail_580x000&url=0Laly0_12MsPP7x00",
        "https://www.img.particlenews.com/image.php?url=0Laly0_12MsPP7x00",
        "http://atlanticcountynj.gov"
    ],
    "entities": {
        "persons": [],
        "locations": [
            {
                "name": "Atlantic County",
                "sentiment": "none"
            },
            {
                "name": "West Jersey Avenue",
                "sentiment": "none"
            }
        ],
        "organizations": []
    },
    "syndication": {
        "syndicated": false,
        "syndicate_id": null,
        "first_syndicated": false
    },
    "trust": {
        "categories": [
            "fake_news"
        ],
        "top_news": [],
        "bias": "center"
    },
    "rating": null,
    "crawled": "2025-07-03T07:17:43.964+03:00",
    "updated": "2025-07-03T04:20:59.000+00:00"
}