{
    "thread": {
        "uuid": "d43b0c9ca6391ca84313bcf32d75e99bd40d0397",
        "url": "https://www.youtube.com/watch?v=PSnDTUcRTVQ",
        "site_full": "www.youtube.com",
        "site": "youtube.com",
        "site_section": "https://rss.app/feeds/_26yatrqju2csdc4j.xml",
        "site_categories": [
            "television",
            "",
            "entertainment"
        ],
        "section_title": "All News",
        "site_title": "YouTube",
        "title": "Trump's FBI Is A Total Joke",
        "title_full": "Trump's FBI Is A Total Joke",
        "published": "2025-12-17T20:23:00.000+02:00",
        "replies_count": 100,
        "participants_count": 96,
        "site_type": "news",
        "country": "US",
        "main_image": "https://i.ytimg.com/vi/PSnDTUcRTVQ/maxresdefault.jpg",
        "performance_score": 0,
        "domain_rank": 9,
        "domain_rank_updated": "2025-12-14T23:00:00.000+02:00",
        "licensing_agency": [],
        "social": {
            "facebook": {
                "likes": 0,
                "comments": 0,
                "shares": 0
            },
            "vk": {
                "shares": 0
            }
        }
    },
    "uuid": "92d1b8707ebc37dcf30b81d22ff3f8518c1e84df",
    "url": "https://www.youtube.com/watch?v=PSnDTUcRTVQ#post-76",
    "ord_in_thread": 76,
    "author": "@northlight6759",
    "published": "2025-12-18T01:57:00.000+02:00",
    "title": "",
    "text": "Do I detect a WoW reference? 👀",
    "highlightText": "",
    "highlightTitle": "",
    "highlightThreadTitle": "",
    "language": "english",
    "sentiment": null,
    "categories": null,
    "topics": null,
    "ai_allow": true,
    "has_canonical": false,
    "breaking": null,
    "webz_reporter": false,
    "external_links": null,
    "external_images": null,
    "internal_images": null,
    "entities": {
        "persons": [],
        "locations": [],
        "organizations": []
    },
    "syndication": {
        "syndicated": false,
        "syndicate_id": null,
        "first_syndicated": false
    },
    "trust": {
        "categories": [
            "fake_news"
        ],
        "top_news": [],
        "bias": "left",
        "source": {
            "type": null,
            "city": null,
            "state": null,
            "country": null,
            "domain_type": null,
            "agency": null,
            "organization_name": null
        }
    },
    "rating": null,
    "crawled": "2025-12-18T07:18:01.389+02:00",
    "updated": "2025-12-18T07:18:01.389+02:00"
}