{
    "thread": {
        "uuid": "9c485e4b94bc42041680df6cc861a67769af3da7",
        "url": "https://www.newsbreak.com/news/4401203766571-knox-county-criminal-docket-closed-cases",
        "site_full": "www.newsbreak.com",
        "site": "newsbreak.com",
        "site_section": "https://www.newsbreak.com/waldoboro-me",
        "site_categories": [
            "under_construction"
        ],
        "section_title": "Waldoboro, ME Local News and More | NewsBreak",
        "site_title": "NewsBreak: Local News &amp; Alerts",
        "title": "Knox County Criminal Docket closed cases - NewsBreak",
        "title_full": "Knox County Criminal Docket closed cases - NewsBreak",
        "published": "2025-12-17T15:13:00.000+02:00",
        "replies_count": 0,
        "participants_count": 1,
        "site_type": "news",
        "country": "US",
        "main_image": "https://img.particlenews.com/img/id/2gQZvv_17OkzzxA00",
        "performance_score": 0,
        "domain_rank": 2819,
        "domain_rank_updated": "2025-12-14T23:00:00.000+02:00",
        "licensing_agency": [],
        "social": {
            "facebook": {
                "likes": 0,
                "comments": 0,
                "shares": 0
            },
            "vk": {
                "shares": 0
            }
        }
    },
    "uuid": "9c485e4b94bc42041680df6cc861a67769af3da7",
    "url": "https://www.newsbreak.com/news/4401203766571-knox-county-criminal-docket-closed-cases",
    "ord_in_thread": 0,
    "author": "Sarah Shepherd",
    "published": "2025-12-17T15:13:00.000+02:00",
    "title": "Knox County Criminal Docket closed cases - NewsBreak",
    "text": "By Sarah Shepherd ,\n16 hours ago ROCKLAND – The following cases were handled in the state court in Knox County from Dec. 1-12. Justin C. Anthony, 39, of Owls Head, operating under the influence (drugs or combination) in Rockland July 6, 2025, $750 fine, license suspended 150 days. Sherrie Demmons, 58, of Warren, unlawful possession... Read full article\nRead in NewsBreak 1",
    "highlightText": "",
    "highlightTitle": "",
    "highlightThreadTitle": "",
    "language": "english",
    "sentiment": "neutral",
    "categories": [
        "Crime, Law and Justice"
    ],
    "topics": [
        "Crime, Law and Justice->court"
    ],
    "ai_allow": true,
    "has_canonical": false,
    "breaking": null,
    "webz_reporter": false,
    "external_links": [],
    "external_images": [],
    "internal_images": [],
    "entities": {
        "persons": [
            {
                "name": "Sarah Shepherd",
                "sentiment": "negative"
            },
            {
                "name": "Justin C. Anthony",
                "sentiment": "none"
            },
            {
                "name": "Sherrie Demmons",
                "sentiment": "none"
            }
        ],
        "locations": [],
        "organizations": []
    },
    "syndication": {
        "syndicated": false,
        "syndicate_id": null,
        "first_syndicated": false
    },
    "trust": {
        "categories": [
            "fake_news"
        ],
        "top_news": [],
        "bias": "center",
        "source": {
            "type": null,
            "city": null,
            "state": null,
            "country": null,
            "domain_type": null,
            "agency": null,
            "organization_name": null
        }
    },
    "rating": null,
    "crawled": "2025-12-18T07:17:02.097+02:00",
    "updated": "2025-12-18T07:18:21.000+02:00"
}