{
    "thread": {
        "uuid": "5f69df704a2e53fdf6aa9eea7ed3774879449ce8",
        "url": "https://esrt.press/actualidad/544326-duro-diagn%C3%B3stico-onu-sancion-abad-ecuador",
        "site_full": "esrt.press",
        "site": "esrt.press",
        "site_section": "https://esrt.press/actualidad",
        "site_categories": [],
        "section_title": "RT en Español - Actualidad",
        "site_title": "RT en Español - Noticias internacionales",
        "title": "El duro diagnóstico de la ONU sobre la sanción contra Abad en Ecuador",
        "title_full": "El duro diagnóstico de la ONU sobre la sanción contra Abad en Ecuador",
        "published": "2025-03-27T00:37:00.000+02:00",
        "replies_count": 0,
        "participants_count": 1,
        "site_type": "news",
        "country": "ES",
        "main_image": "https://mf.b37mrtl.ru/actualidad/public_images/2025.03/original/67e481af59bf5b4fbf20b911.jpg",
        "performance_score": 0,
        "domain_rank": 952373,
        "domain_rank_updated": "2025-03-24T23:00:00.000+02:00",
        "licensing_agency": [],
        "social": {
            "facebook": {
                "likes": 0,
                "comments": 0,
                "shares": 0
            },
            "vk": {
                "shares": 0
            }
        }
    },
    "uuid": "5f69df704a2e53fdf6aa9eea7ed3774879449ce8",
    "url": "https://esrt.press/actualidad/544326-duro-diagn%C3%B3stico-onu-sancion-abad-ecuador",
    "ord_in_thread": 0,
    "author": "RT en Español",
    "published": "2025-03-27T00:37:00.000+02:00",
    "title": "El duro diagnóstico de la ONU sobre la sanción contra Abad en Ecuador",
    "text": "El duro diagnóstico de la ONU sobre la sanción contra Abad en Ecuador\nLa relatora especial de las Naciones Unidas sobre la violencia contra la mujer, Reem Alsalem, manifestó su \"preocupación\" por la sanción impuesta por el Tribunal Contencioso Electoral (TCE) de Ecuador en contra de la vicepresidenta del país, Verónica Abad, que incluye la suspensión por dos años de sus derechos políticos y una multa de 30 salarios básicos unificados (14.100 dólares), al ser acusada de haber cometido violencia política de género, tras una denuncia que impulsó la canciller ecuatoriana, Gabriela Sommerfeld.\n\"El mandato que ejerzo advierte sobre los riesgos del uso distorsionado de figuras legales vinculadas a la violencia política, especialmente cuando se emplean para restringir el ejercicio del poder a mujeres electas. En este caso, preocupa particularmente que se haya aplicado una sanción de suspensión de derechos políticos a una autoridad con mandato constitucional, sin que se haya demostrado violencia real, daño efectivo, ni afectación al ejercicio de funciones públicas\", escribió Alsalem en su cuenta en X.\nSigo con preocupación los reportes provenientes de\n— Reem Alsalem UNSR Violence Against Women and Girls (@UNSRVAW)[#Ecuador]sobre la sanción impuesta a la vicepresidenta[@veroniabad], mediante resolución del Tribunal Contencioso Electoral, con base en una interpretación extensiva de la figura de violencia política contra las mujeres…[March 26, 2025]\nLa relatora recordó que ya en febrero pasado, junto con el experto independiente de Naciones Unidas sobre el Orden Internacional, George Katrougalos, expresó su alarma por las denuncias de acoso y persecución política en contra de Abad.",
    "highlightText": "",
    "highlightTitle": "",
    "highlightThreadTitle": "",
    "language": "spanish",
    "sentiment": null,
    "categories": null,
    "topics": null,
    "ai_allow": true,
    "has_canonical": true,
    "breaking": false,
    "webz_reporter": false,
    "external_links": [
        "https://actualidad.rt.com/actualidad/544054-tribunal-electoral-ecuador-ratifica-sentencia-abad",
        "https://actualidad.rt.com/actualidad/540606-expertos-onu-alarmados-situacion-abad-ecuador",
        "https://www.actualidad.rt.com/actualidad/544054-tribunal-electoral-ecuador-ratifica-sentencia-abad",
        "https://www.actualidad.rt.com/actualidad/540606-expertos-onu-alarmados-situacion-abad-ecuador"
    ],
    "entities": {
        "persons": [],
        "locations": [],
        "organizations": []
    },
    "syndication": {
        "syndicated": null,
        "syndicate_id": null,
        "first_syndicated": false
    },
    "trust": {
        "categories": [
            "fake_news"
        ]
    },
    "rating": null,
    "crawled": "2025-03-27T00:44:48.730+02:00",
    "updated": "2025-03-27T00:44:48.730+02:00"
}