{
    "thread": {
        "uuid": "ebb76ecccba376803fa1e6f1bf9ae237dd058e72",
        "url": "https://www.newsmax.com/politics/tiktok-china/2025/03/26/id/1204490",
        "site_full": "www.newsmax.com",
        "site": "newsmax.com",
        "site_section": "https://www.newsmax.com/finance",
        "site_categories": [
            "media",
            "law_government_and_politics",
            "politics",
            "top_news_us",
            "top_news"
        ],
        "section_title": "\r\n\tNewsmax Finance | Business News - Financial Saving &amp; Investing | Newsmax.com\r\n",
        "site_title": "Newsmax – Breaking News | News Videos | Politics, Health, Finance",
        "title": "Trump May Give China Reduction in Tariffs to Get TikTok Deal Done | Newsmax.com",
        "title_full": "Trump May Give China Reduction in Tariffs to Get TikTok Deal Done | Newsmax.com",
        "published": "2025-03-27T00:39:00.000+02:00",
        "replies_count": 0,
        "participants_count": 1,
        "site_type": "news",
        "country": "US",
        "main_image": "https://www.newsmax.com/CMSPages/GetFile.aspx?guid=109a353d-fb9a-4a0c-afac-a43fb3322e50&amp;SiteName=Newsmax",
        "performance_score": 0,
        "domain_rank": 2503,
        "domain_rank_updated": "2025-03-24T23:00:00.000+02:00",
        "licensing_agency": [],
        "social": {
            "facebook": {
                "likes": 0,
                "comments": 0,
                "shares": 0
            },
            "vk": {
                "shares": 0
            }
        }
    },
    "uuid": "ebb76ecccba376803fa1e6f1bf9ae237dd058e72",
    "url": "https://www.newsmax.com/politics/tiktok-china/2025/03/26/id/1204490",
    "ord_in_thread": 0,
    "author": "@newsmax",
    "published": "2025-03-27T00:39:00.000+02:00",
    "title": "Trump May Give China Reduction in Tariffs to Get TikTok Deal Done | Newsmax.com",
    "text": "Wednesday, 26 March 2025 06:39 PM EDT\nPresident Donald Trump said on Wednesday he would be willing to reduce tariffs to get a deal done with TikTok's Chinese parent, ByteDance.\nByteDance faces an April 5 deadline to find a non-Chinese buyer for TikTok or face a U.S. ban on national security grounds.\nIn the latest twist over the fate of the popular short-video app, Trump said he was willing to extend the deadline if an agreement over the social media app was not reached.\n\"With respect to TikTok, and China is going to have to play a role in that, possibly in the form of an approval, maybe, and I think they'll do that. Maybe I'll give them a little reduction in tariffs or something to get it done,\" Trump told reporters on Wednesday.\nVice President JD Vance has said he expects the general terms of an agreement that resolves the ownership of the social media platform to be reached by April 5.\nThe future of the app used by nearly half of all Americans has been up in the air since a law, passed last year with overwhelming bipartisan support, required ByteDance to divest TikTok by January 19.\nThe app briefly went dark in January after the U.S. Supreme Court upheld the ban, but flickered back to life days later once Trump took office.\nTrump quickly issued an executive order postponing enforcement of the law to April 5 and said last month that he could further extend that deadline to give himself time to shepherd a deal.\nThe White House has been involved to an unprecedented level in the closely watched deal talks, effectively playing the role of investment bank.\n© 2025 Thomson/Reuters. All rights reserved.\nReceive breaking news and original analysis - sent right to your inbox.\n|\nNewsmax, Moneynews, Newsmax Health, and Independent. American. are registered trademarks of Newsmax Media, Inc. Newsmax TV, and Newsmax World are trademarks of Newsmax Media, Inc.",
    "highlightText": "",
    "highlightTitle": "",
    "highlightThreadTitle": "",
    "language": "english",
    "sentiment": "neutral",
    "categories": [
        "Politics",
        "Economy, Business and Finance"
    ],
    "topics": [
        "Politics->economic policy",
        "Politics->international relations",
        "Economy, Business and Finance->foreign exchange market",
        "Economy, Business and Finance->business governance"
    ],
    "ai_allow": true,
    "has_canonical": false,
    "breaking": true,
    "webz_reporter": false,
    "external_links": [],
    "entities": {
        "persons": [],
        "locations": [],
        "organizations": []
    },
    "syndication": {
        "syndicated": false,
        "syndicate_id": null,
        "first_syndicated": false
    },
    "trust": {
        "categories": [
            "fake_news"
        ]
    },
    "rating": null,
    "crawled": "2025-03-27T00:52:38.196+02:00",
    "updated": "2025-03-27T00:52:38.196+02:00"
}