{
    "thread": {
        "uuid": "3dfaab625fed058251f989cb9f33c75485d15317",
        "url": "https://actualidad.rt.com/actualidad/544306-bandas-sadicas-violentas-manipulan-menores-autolesiones",
        "site_full": "actualidad.rt.com",
        "site": "rt.com",
        "site_section": "https://esrt.space/actualidad",
        "site_categories": [
            "media",
            "top_news_ru",
            "top_news_ar",
            "top_news_cz",
            "top_news_nz",
            "top_news_ae",
            "top_news_th",
            "top_news_sa",
            "top_news_co",
            "top_news_vn",
            "top_news_rs",
            "top_news_qa",
            "top_news_pk",
            "top_news_pe",
            "top_news_eg",
            "top_news_ch",
            "top_news_za",
            "top_news_ma",
            "top_news_kw",
            "top_news_ve",
            "top_news_mx",
            "top_news_ca",
            "top_news_cl",
            "top_news_iq",
            "top_news"
        ],
        "section_title": "RT en Español - Actualidad",
        "site_title": "RT en Español - Noticias internacionales",
        "title": "Exponen como bandas \"sádicas y violentas\" de adolescentes manipulan a menores - RT",
        "title_full": "Exponen como bandas \"sádicas y violentas\" de adolescentes manipulan a menores - RT",
        "published": "2025-03-27T00:41:00.000+02:00",
        "replies_count": 0,
        "participants_count": 1,
        "site_type": "news",
        "country": "RU",
        "main_image": "https://mf.b37mrtl.ru/actualidad/public_images/2025.03/article/67e43cb459bf5b4a2126fef5.jpg",
        "performance_score": 0,
        "domain_rank": 632,
        "domain_rank_updated": "2025-03-24T23:00:00.000+02:00",
        "licensing_agency": [],
        "social": {
            "facebook": {
                "likes": 0,
                "comments": 0,
                "shares": 0
            },
            "vk": {
                "shares": 0
            }
        }
    },
    "uuid": "3dfaab625fed058251f989cb9f33c75485d15317",
    "url": "https://actualidad.rt.com/actualidad/544306-bandas-sadicas-violentas-manipulan-menores-autolesiones",
    "ord_in_thread": 0,
    "author": "RT en Español",
    "published": "2025-03-27T00:41:00.000+02:00",
    "title": "Exponen como bandas \"sádicas y violentas\" de adolescentes manipulan a menores - RT",
    "text": "Exponen como bandas \"sádicas y violentas\" de adolescentes manipulan a menores Publicado: 26 mar 2025 22:41 GMT Los incidentes relacionados con amenazas de grupos en línea aumentaron seis veces entre 2022 y 2024, implicando a miles de usuarios y víctimas en Reino Unido.\nKerkez / Gettyimages.ru Bandas \"sádicas y violentas\" en línea, integradas principalmente por adolescentes varones, se dedican a \"infligir daño y cometer una variedad de delitos\", incluido abuso sexual infantil, ha advertido la Agencia Nacional contra el Crimen (NCA) de Reino Unido.\nLa agencia, encargada de combatir el crimen grave y organizado, reveló este martes en su evaluación anual de tendencias delictivas que los incidentes relacionados con amenazas de grupos en línea aumentaron seis veces entre 2022 y 2024, implicando a miles de usuarios y víctimas.\nMenores de edad en México son arrastrados al crimen organizado a través de TikTok y Fortnite \"Los jóvenes están siendo atraídos hacia estas bandas sádicas y violentas en línea, donde colaboran a gran escala para infligir, o incitar a otros a cometer daños graves \", dijo Graeme Biggar, director general de la NCA, señalando que estos grupos \"existen en el mismo mundo en línea y plataformas que los jóvenes usan a diario\", como juegos y aplicaciones de mensajería instantánea.\nSegún el reporte, estas pandillas llamadas 'redes com' se utilizan para compartir imágenes ilícitas, material sádico, misógino y de abuso sexual infantil, que insensibiliza a los participantes. Además, chantajean a las víctimas, algunas de tan solo 11 años , obligándolas a realizar actos sexuales y autolesionarse, y, en algunos casos, incluso a intentar suicidarse.\nUna tendencia \"profundamente preocupante\" Los miembros de estas bandas suelen ser hombres jóvenes , aunque también hay adultos involucrados, motivados por el estatus, el poder, el control, la misoginia, o la gratificación sexual, aunque otros buscan lucrarse directamente con la delincuencia, afirma la agencia. Además, señala que estas son usadas para manipular a las víctimas — a menudo niños — para que se hagan daño o abusen de sí mismos, de sus hermanos o de sus mascotas.\nAlejamiento digital y penas por 'deepfakes': las nuevas medidas para proteger a menores en España Según la NCA, los miembros de estas redes utilizan tácticas de \"coerción y extorsión\" para manipular a las víctimas, algunos convenciéndolas de que mantienen una relación y victimizarlas aún más al compartir información privada en línea o exponerlas a otros delincuentes, lo que provoca que teman denunciar los delitos.\nEl director general de la agencia dijo que se trata de una tendencia \"profundamente preocupante\", debido a los \" daños atroces y el creciente número de casos\" que se han presentado a causa de esta amenaza. Al mismo tiempo, instó a los padres y tutores a hablar \"abiertamente\" con los niños sobre lo que están haciendo en línea.\n\"Operar en línea claramente hace que estos delincuentes se sientan protegidos e inaccesibles, pero no es así en absoluto. Ya se han dictado condenas\", asegura la agencia, indicando que se han realizado arrestos en el Reino Unido y el extranjero, y se están llevando a cabo otras investigaciones.",
    "highlightText": "",
    "highlightTitle": "",
    "highlightThreadTitle": "",
    "language": "spanish",
    "sentiment": "negative",
    "categories": [
        "Crime, Law and Justice",
        "Social Issue"
    ],
    "topics": [
        "Crime, Law and Justice->organised crime",
        "Crime, Law and Justice->human smuggling and trafficking",
        "Social Issue->juvenile delinquency",
        "Social Issue->children",
        "Social Issue->social problem"
    ],
    "ai_allow": true,
    "has_canonical": false,
    "breaking": true,
    "webz_reporter": false,
    "external_links": [
        "https://www.nationalcrimeagency.gov.uk/news/sadistic-online-harm-groups-putting-people-at-unprecedented-risk-warns-the-nca",
        "https://nationalcrimeagency.gov.uk/news/sadistic-online-harm-groups-putting-people-at-unprecedented-risk-warns-the-nca"
    ],
    "entities": {
        "persons": [
            {
                "name": "Graeme Biggar",
                "sentiment": "neutral"
            }
        ],
        "locations": [
            {
                "name": "Publicado: 26 mar 2025",
                "sentiment": "neutral"
            },
            {
                "name": "Kerkez",
                "sentiment": "neutral"
            },
            {
                "name": "Gettyimages.ru Bandas",
                "sentiment": "neutral"
            },
            {
                "name": "México",
                "sentiment": "neutral"
            },
            {
                "name": "TikTok",
                "sentiment": "neutral"
            },
            {
                "name": "Fortnite",
                "sentiment": "neutral"
            },
            {
                "name": "España",
                "sentiment": "neutral"
            },
            {
                "name": "Al mismo tiempo",
                "sentiment": "neutral"
            },
            {
                "name": "Operar",
                "sentiment": "neutral"
            },
            {
                "name": "Ya se han dictado condenas",
                "sentiment": "neutral"
            },
            {
                "name": "el Reino Unido",
                "sentiment": "neutral"
            }
        ],
        "organizations": [
            {
                "name": "Agencia Nacional contra el Crimen",
                "sentiment": "positive",
                "tickers": []
            },
            {
                "name": "Menores de edad",
                "sentiment": "neutral",
                "tickers": []
            },
            {
                "name": "NCA",
                "sentiment": "neutral",
                "tickers": []
            }
        ]
    },
    "syndication": {
        "syndicated": null,
        "syndicate_id": null,
        "first_syndicated": false
    },
    "trust": {
        "categories": [
            "fake_news"
        ]
    },
    "rating": null,
    "crawled": "2025-03-27T00:47:31.713+02:00",
    "updated": "2025-03-27T00:47:31.713+02:00"
}