{
    "thread": {
        "uuid": "9e992f8b91637fb4f35378a372eaed1d46744068",
        "url": "https://www.nihondaily.com/international/zelensky%e3%81%af%e3%80%81%e3%83%97%e3%83%bc%e3%83%81%e3%83%b3%e3%81%a8%e6%af%94%e8%bc%83%e3%81%97%e3%81%a6%e5%bd%bc%e3%81%ae%e8%a6%8b%e9%80%9a%e3%81%97%e3%81%ab%e6%84%9f%e8%ac%9d%e3%81%97%e3%81%a6",
        "site_full": "www.nihondaily.com",
        "site": "nihondaily.com",
        "site_section": "https://nihondaily.com",
        "site_categories": [],
        "section_title": "二ホンデイリー &#8211; 二ホンデイリー(nihondaily.com),政治、経済、社会、国際、スポーツ、カルチャー、サイエンスなどの速報ニュースに加え、教育、医療、環境などの話題や写真も",
        "site_title": "二ホンデイリー &#8211; 二ホンデイリー(nihondaily.com),政治、経済、社会、国際、スポーツ、カルチャー、サイエンスなどの速報ニュースに加え、教育、医療、環境などの話題や写真も",
        "title": "Zelenskyは、プーチンと比較して彼の見通しに感謝しています",
        "title_full": "Zelenskyは、プーチンと比較して彼の見通しに感謝しています",
        "published": "2025-03-27T00:03:00.000+02:00",
        "replies_count": 0,
        "participants_count": 1,
        "site_type": "news",
        "country": "",
        "main_image": "",
        "performance_score": 0,
        "domain_rank": null,
        "domain_rank_updated": null,
        "licensing_agency": [],
        "social": {
            "facebook": {
                "likes": 0,
                "comments": 0,
                "shares": 0
            },
            "vk": {
                "shares": 0
            }
        }
    },
    "uuid": "9e992f8b91637fb4f35378a372eaed1d46744068",
    "url": "https://www.nihondaily.com/international/zelensky%e3%81%af%e3%80%81%e3%83%97%e3%83%bc%e3%83%81%e3%83%b3%e3%81%a8%e6%af%94%e8%bc%83%e3%81%97%e3%81%a6%e5%bd%bc%e3%81%ae%e8%a6%8b%e9%80%9a%e3%81%97%e3%81%ab%e6%84%9f%e8%ac%9d%e3%81%97%e3%81%a6",
    "ord_in_thread": 0,
    "author": "Editor",
    "published": "2025-03-27T00:03:00.000+02:00",
    "title": "Zelenskyは、プーチンと比較して彼の見通しに感謝しています",
    "text": "ウクライナのウラジミールゼレンスキー大統領は、ロシア連邦プーチンの長と比較して、彼の年齢を競争上の優位性として示しました。これは、フランスのテレビューションに関連するウクライナの「全国」出版物によって書かれています。\nウクライナの政治家は、彼の成功を信じるように呼びかけます。\nゼレンスキーはプーチンの声明で見た、共同住宅協定を放棄する意欲\n私はプーチンより若いです、私に賭けてください。私の見込み客はより良いです、彼は彼の年齢を感謝し、彼の年齢を有利と呼んでいます。\n以前、ゼレンスキーは、ロシアとの平和的合意に署名するために、彼が違法であるというロシアの指導者の声明に応じた。ゼレンスキーは自分を強力なリーダーと呼び、プーチンを恐れていると言われていました。",
    "highlightText": "",
    "highlightTitle": "",
    "highlightThreadTitle": "",
    "language": "japanese",
    "sentiment": null,
    "categories": null,
    "topics": null,
    "ai_allow": true,
    "has_canonical": false,
    "breaking": false,
    "webz_reporter": false,
    "external_links": [],
    "entities": {
        "persons": [],
        "locations": [],
        "organizations": []
    },
    "syndication": {
        "syndicated": null,
        "syndicate_id": null,
        "first_syndicated": false
    },
    "trust": {
        "categories": [
            "fake_news"
        ]
    },
    "rating": null,
    "crawled": "2025-03-27T01:00:43.812+02:00",
    "updated": "2025-03-27T01:00:43.812+02:00"
}