{
    "thread": {
        "uuid": "35e5465aa52694cb374fe358204488c80c2388ce",
        "url": "https://www.breitbart.com/europe/2025/03/26/zelensky-says-u-s-proposed-another-major-minerals-deal",
        "site_full": "www.breitbart.com",
        "site": "breitbart.com",
        "site_section": "https://www.breitbart.com/economy",
        "site_categories": [
            "media",
            "law_government_and_politics",
            "politics",
            "top_news_us",
            "top_news"
        ],
        "section_title": "Economy - Latest News",
        "site_title": "Breitbart News Network",
        "title": "Zelensky Says U.S. Proposed Another 'Major' Minerals Deal",
        "title_full": "Zelensky Says U.S. Proposed Another 'Major' Minerals Deal",
        "published": "2025-03-26T23:27:00.000+02:00",
        "replies_count": 49,
        "participants_count": 13,
        "site_type": "news",
        "country": "US",
        "main_image": "https://media.breitbart.com/media/2025/03/GettyImages-2206472352-640x335.jpg",
        "performance_score": 0,
        "domain_rank": 1709,
        "domain_rank_updated": "2025-03-24T23:00:00.000+02:00",
        "licensing_agency": [],
        "social": {
            "facebook": {
                "likes": 0,
                "comments": 0,
                "shares": 0
            },
            "vk": {
                "shares": 0
            }
        }
    },
    "uuid": "031e5cf7f73ff97efb4cd4e72daa2b74d249fa3a",
    "url": "https://www.breitbart.com/europe/2025/03/26/zelensky-says-u-s-proposed-another-major-minerals-deal#post-49",
    "ord_in_thread": 49,
    "author": "oriana_italy",
    "published": "2025-03-27T00:35:00.000+02:00",
    "title": "",
    "text": "Ivan ? Try harder troll",
    "highlightText": "",
    "highlightTitle": "",
    "highlightThreadTitle": "",
    "language": "english",
    "sentiment": null,
    "categories": null,
    "topics": null,
    "ai_allow": true,
    "has_canonical": false,
    "breaking": true,
    "webz_reporter": false,
    "external_links": null,
    "entities": {
        "persons": [],
        "locations": [],
        "organizations": []
    },
    "syndication": {
        "syndicated": false,
        "syndicate_id": null,
        "first_syndicated": false
    },
    "trust": {
        "categories": [
            "fake_news"
        ]
    },
    "rating": null,
    "crawled": "2025-03-27T00:42:59.298+02:00",
    "updated": "2025-03-27T08:34:17.728+02:00"
}