{
    "thread": {
        "uuid": "19e7059cc9e371e66e0d59392ea147057062dc8e",
        "url": "https://kursk-news.net/society/2025/03/27/564096.html",
        "site_full": "kursk-news.net",
        "site": "kursk-news.net",
        "site_section": "https://kursk-news.net",
        "site_categories": [],
        "section_title": "Лента новостей Курска",
        "site_title": "Лента новостей Курска",
        "title": "Беспрецедентный удар по Белгородчине: Конец разведки боем. У нас есть погибшие. Массовое вторжение ВСУ. Русские пошли на особый манёвр - Лента новостей Курска",
        "title_full": "Беспрецедентный удар по Белгородчине: Конец разведки боем. У нас есть погибшие. Массовое вторжение ВСУ. Русские пошли на особый манёвр - Лента новостей Курска",
        "published": "2025-03-27T00:33:00.000+02:00",
        "replies_count": 0,
        "participants_count": 1,
        "site_type": "news",
        "country": "RU",
        "main_image": "https://kursk-news.net/img/20250327/1eb901e4f584bf11e8bd79c9c9314a3b_o.jpg",
        "performance_score": 0,
        "domain_rank": null,
        "domain_rank_updated": null,
        "licensing_agency": [],
        "social": {
            "facebook": {
                "likes": 0,
                "comments": 0,
                "shares": 0
            },
            "vk": {
                "shares": 0
            }
        }
    },
    "uuid": "19e7059cc9e371e66e0d59392ea147057062dc8e",
    "url": "https://kursk-news.net/society/2025/03/27/564096.html",
    "ord_in_thread": 0,
    "author": "Источник Телеканал Царьград",
    "published": "2025-03-27T00:33:00.000+02:00",
    "title": "Беспрецедентный удар по Белгородчине: Конец разведки боем. У нас есть погибшие. Массовое вторжение ВСУ. Русские пошли на особый манёвр - Лента новостей Курска",
    "text": "Поступили сообщения, что враг готовит беспрецедентный удар по Белгородчине. Если до этого была разведка боем, то, судя по всему, она закончилась. Резервы сосредотачиваются на границе с Курской областью. Также у границы сосредоточено несколько тысяч головорезов на бронетехнике. Массовое вторжение ВСУ с нового направления. Враг до сих пор продолжает попытки прорыва у Поповки, где ранее накаты отбивали наши пограничники. Появились сообщения, что есть погибшие. Русские пошли на особый манёвр.\nСитуация у Белгородчины\nНесколько дней подряд враг пытается малыми группами прорваться через границу Белгородской области - Киев отправлял сотни боевиков по направлению к Графовке. Есть сообщения, что ему удалось оккупировать часть Демидовки.\n24 марта враг попытался прорваться к селу Поповка - 150 спецназовцев ССО пытались взять штурмом опорник, однако наши 25 пограничников отбили все накаты, которые продолжаются до сих пор. Сообщается, что есть погибшие. \"Белорусский силовик\" писал:\nВСУ всё же зашли в Поповку, но без боевых действий, т.к. российские силы вынужденно отошли. Спустя время \"северяне\" выбили малые группы ВСУ, выжившие отступили южнее населённого пункта. Подошедшее на помощь подразделение откопало [пограничников], отправило всех на эвакуацию. В этот момент по ним работала артиллерия, дроны и кассеты. У подошедшего на помощь подразделения также из-за огня противника были убитые и раненые, но парни смогли закрепиться.\nПозже ряд источников сообщил, что опорник был отбит нашими бойцами, враг отступил. Однако военкор Романов ещё 24 марта писал, что Поповка полностью под противником, как и Демидовка.\nАтаки продолжались и 26 марта. К утру военкор Юрий Подоляка сообщал, что противник просачивается через поросшую лесом балку южнее Поповки в лес западнее Демидовки и оттуда пытается иногда зайти и занят то одну, то другую хату. Из которых мы их потом выбиваем. Враг продолжает просачиваться в Гоптаровку, на границе Курской и Белгородской областей, что может стать новым направлением для вторжения.\nСкриншот с канала Юрия Подоляки\nРусские пошли на особый манёвр. Нам удалось занять балку \"заячьи ушки\", что предотвращает проникновение противника в Графовку. Враг подтверждает, что продолжается стягивание резервов к границе. \"Архангел Спецназа\" докладывал:\nСегодня с раннего утра со стороны расположения противника доносились звуки движущейся тяжёлой техники. Оказалось, что враг решил подвести инженерную машину разграждения для разминирования дороги и прокладки прохода на территорию России в направлении Поповки Белгородской области.\nПо данным военкора Радова, 83-й полк сообщает, что понемногу выдавливают хохла из Белгородской области. По Демидовке пока сложно сказать 100-процентно, в динамике. По полкам возле села бьют врага.\nСкриншот с вражеского канала\nБеспрецедентный удар\nЖурналист Руслан Осташко сообщил, что враг готовится к масштабному вторжению в Белгородскую область:\nВСУ сосредоточили свыше четырёх тысяч боевиков. Активно прощупывают оборонительные позиции ВС России.\nОтмечается, что пока личный состав врага не развернут в боевые порядки и массовое поражение нецелесообразно. За сутки уничтожено более полусотни боевиков, два автомобиля и артиллерийское орудие ВСУ. Бои продолжаются.\nСудя по поступающей информации, если до этого была разведка боем, то, судя по всему, она закончилась. На данный момент дроноводы \"Аида\" и других подразделений выжигают подступающую технику врага с Сумской области.\nВнутри украинских ПВД началась небольшая паника. Командирам подразделений пришла директива организовать оборону. При этом задачу на выделение личного состава для мероприятий в Белгородском приграничье с них не снимают. На утро сегодня, общая численность ВСУ напротив Красной Яруги составляет порядка 4 тыс. личного состава и более 100 ед. техники,\n- докладывает ветеран \"Вагнера\", автор канала Condottiero.",
    "highlightText": "",
    "highlightTitle": "",
    "highlightThreadTitle": "",
    "language": "russian",
    "sentiment": null,
    "categories": null,
    "topics": null,
    "ai_allow": true,
    "has_canonical": false,
    "breaking": false,
    "webz_reporter": false,
    "external_links": [],
    "entities": {
        "persons": [],
        "locations": [],
        "organizations": []
    },
    "syndication": {
        "syndicated": null,
        "syndicate_id": null,
        "first_syndicated": false
    },
    "trust": {
        "categories": [
            "fake_news"
        ]
    },
    "rating": null,
    "crawled": "2025-03-27T00:45:18.207+02:00",
    "updated": "2025-03-27T00:45:18.207+02:00"
}