{
    "thread": {
        "uuid": "927528aebd2117d4ddde4fb2172b5bc13b0e41ba",
        "url": "https://www.breitbart.com/politics/2025/03/26/poll-trumps-mass-deportation-agenda-wins-broad-support-americans",
        "site_full": "www.breitbart.com",
        "site": "breitbart.com",
        "site_section": "https://world.einnews.com/ajax/headlines",
        "site_categories": [
            "media",
            "law_government_and_politics",
            "politics",
            "top_news_us",
            "top_news"
        ],
        "section_title": "",
        "site_title": "Breitbart News Network",
        "title": "Poll: Trump's Deportation Agenda Wins Broad Support from Americans",
        "title_full": "Poll: Trump's Deportation Agenda Wins Broad Support from Americans",
        "published": "2025-03-26T22:15:00.000+02:00",
        "replies_count": 33,
        "participants_count": 31,
        "site_type": "news",
        "country": "US",
        "main_image": "https://media.breitbart.com/media/2025/02/Florentin-Chevez-Luna-1-640x335.jpg",
        "performance_score": 0,
        "domain_rank": 1709,
        "domain_rank_updated": "2025-03-24T23:00:00.000+02:00",
        "licensing_agency": [],
        "social": {
            "facebook": {
                "likes": 0,
                "comments": 0,
                "shares": 0
            },
            "vk": {
                "shares": 0
            }
        }
    },
    "uuid": "5d62fd4fbcbb7acf1bd7e6574d7865155778b3aa",
    "url": "https://www.breitbart.com/politics/2025/03/26/poll-trumps-mass-deportation-agenda-wins-broad-support-americans#post-32",
    "ord_in_thread": 32,
    "author": "Prudence Dogood",
    "published": "2025-03-27T00:03:00.000+02:00",
    "title": "",
    "text": "The can all go get jobs at Starbucks.",
    "highlightText": "",
    "highlightTitle": "",
    "highlightThreadTitle": "",
    "language": "english",
    "sentiment": null,
    "categories": null,
    "topics": null,
    "ai_allow": true,
    "has_canonical": false,
    "breaking": true,
    "webz_reporter": false,
    "external_links": null,
    "entities": {
        "persons": [],
        "locations": [],
        "organizations": []
    },
    "syndication": {
        "syndicated": false,
        "syndicate_id": null,
        "first_syndicated": false
    },
    "trust": {
        "categories": [
            "fake_news"
        ]
    },
    "rating": null,
    "crawled": "2025-03-27T00:10:48.798+02:00",
    "updated": "2025-03-27T00:10:48.798+02:00"
}