{
    "thread": {
        "uuid": "c5a172d207cb8d0b24b04d15cf1d50f4b71742f7",
        "url": "https://countylocalnews.com/2025/03/26/breaking-phd-student-arrested-for-criticizing-israel-2",
        "site_full": "countylocalnews.com",
        "site": "countylocalnews.com",
        "site_section": "https://countylocalnews.com/feed/",
        "site_categories": [],
        "section_title": "County Local News",
        "site_title": null,
        "title": "BREAKING: PhD Student Arrested for Criticizing Israel!",
        "title_full": "BREAKING: PhD Student Arrested for Criticizing Israel!",
        "published": "2025-03-27T00:35:00.000+02:00",
        "replies_count": 0,
        "participants_count": 1,
        "site_type": "news",
        "country": "US",
        "main_image": "",
        "performance_score": 0,
        "domain_rank": 547030,
        "domain_rank_updated": "2025-03-24T23:00:00.000+02:00",
        "licensing_agency": [],
        "social": {
            "facebook": {
                "likes": 0,
                "comments": 0,
                "shares": 0
            },
            "vk": {
                "shares": 0
            }
        }
    },
    "uuid": "c5a172d207cb8d0b24b04d15cf1d50f4b71742f7",
    "url": "https://countylocalnews.com/2025/03/26/breaking-phd-student-arrested-for-criticizing-israel-2",
    "ord_in_thread": 0,
    "author": "County Local News",
    "published": "2025-03-27T00:35:00.000+02:00",
    "title": "BREAKING: PhD Student Arrested for Criticizing Israel!",
    "text": "Overview of the Incident\nOn March 26, 2025, a shocking incident unfolded that has ignited widespread outrage and debate on social media platforms. A video surfaced showing a PhD student being arrested for expressing criticism of Israel. The footage, which quickly went viral, has raised significant questions about freedom of speech, academic expression, and the political climate surrounding discussions about Israel.\nThe Viral Video\nThe video, shared by the Twitter account @stairwayto3dom, captures the moment when law enforcement apprehends the PhD student during what appears to be a public demonstration or gathering where the student was voicing concerns regarding Israeli policies. The tweet, which has garnered considerable attention, features an emotional reaction encapsulated in the phrase \"WTF?!!\" indicating the shock and disbelief regarding the circumstances of the arrest.\n- YOU MAY ALSO LIKE TO WATCH THIS TRENDING STORY ON YOUTUBE.\nContextual Background\nTo fully understand the implications of this incident, it is crucial to consider the broader context of academic freedom and political discourse regarding Israel. In recent years, especially amidst heightened tensions in the region, discussions surrounding Israel and Palestine have become increasingly polarized. Critics of Israeli policies often face backlash, sometimes leading to censorship or, in this case, the arrest of individuals expressing dissenting opinions.\nAcademic Freedom Under Scrutiny\nThe arrest of the PhD student raises important questions about academic freedom. Universities are traditionally seen as bastions of free thought and expression, where students and scholars alike can engage in critical discussions without fear of retribution. However, incidents like this one call into question the extent to which academic institutions protect their members from outside pressures, particularly when those pressures stem from political conflicts.\nPublic Reaction\nFollowing the release of the video, social media platforms erupted with reactions from users around the world. Many expressed outrage at the perceived violation of the student’s rights, while others debated the appropriateness of the student’s criticisms. The incident has sparked a broader conversation about the limits of free speech and the potential consequences of speaking out against powerful state actors.\nLegal Implications\nThe legal ramifications of the arrest are still unfolding. Observers are keenly watching to see whether the student will face charges and, if so, what those charges might entail. Legal experts are also weighing in on the case, discussing the potential implications for free speech rights in academic settings. Depending on the outcome, this incident could either reinforce or challenge existing legal protections for academic freedom.\nThe Role of Social Media\nSocial media plays a pivotal role in amplifying voices that might otherwise go unheard. The rapid dissemination of the arrest video highlights how platforms like Twitter serve as vital tools for activism and awareness. In this case, the video not only documented an arrest but also catalyzed a global conversation about the importance of defending free speech, especially in academic settings.\nThe Future of Political Discourse\nThis incident is likely to have lasting effects on how political discourse is conducted, particularly in educational institutions. As debates about Israel and Palestine continue to be contentious, it is essential for universities to establish clear policies that protect the rights of individuals to express dissenting opinions. Failure to do so could lead to a chilling effect where students and faculty hesitate to engage in critical discussions for fear of repercussions.\nConclusion\nThe arrest of the PhD student for criticizing Israel serves as a stark reminder of the ongoing struggles surrounding free speech and political expression. It underscores the importance of defending academic freedom and the rights of individuals to voice their opinions, even when those opinions are unpopular or controversial. As this situation continues to develop, it will be crucial for stakeholders—students, educators, and policymakers alike—to engage in dialogue about the boundaries of free expression and the responsibilities that come with it.\nThe events surrounding this incident highlight the delicate balance between maintaining public order and protecting individual rights. As society grapples with these complexities, it becomes increasingly important to advocate for environments where open dialogue can thrive, enabling critical discussions that contribute to a more informed and engaged citizenry.\nIn summary, the video of the PhD student’s arrest has sparked a wider conversation about the limits of free speech, academic freedom, and the political climate surrounding discussions of Israel. As this situation unfolds, it will be important for all stakeholders to navigate these challenging waters thoughtfully and respectfully.\nBREAKING: Newly released video footage shows a PhD student being ARRESTED for criticising Israel!\nWTF?!!\n[pic.twitter.com/7lnmlnrjGn]— The Saviour (@stairwayto3dom)\n[March 26, 2025]\nBREAKING: Newly released video footage shows a PhD student being ARRESTED for criticising Israel!\nThe world is in shock as newly released video footage reveals the arrest of a PhD student for voicing criticism against Israel. The incident, which has gone viral on social media, raises serious questions about freedom of speech and the treatment of dissenting voices in academic settings. The gravity of this situation cannot be overstated, especially in a society that prides itself on democratic values and the open exchange of ideas.\nIn the video, shared by Twitter user The Saviour, viewers can see the student being taken into custody while expressing opinions that challenge the Israeli government’s policies. This has sparked outrage among students, educators, and human rights advocates globally, igniting discussions about the limits of free speech and the repercussions of expressing dissent.\nWTF?!!\nThe immediate reaction to this incident has been one of disbelief and outrage. Many are asking, “WTF?!!” How can a PhD student, who is presumably engaged in research and critical thinking, be arrested for simply expressing their views? This incident highlights a troubling trend where academic environments, which should be bastions of free thought and debate, are increasingly becoming places where dissent is not tolerated.\nThe video footage has raised eyebrows not only due to the arrest itself but also because it reveals the broader implications for academic freedom. Critics argue that this incident is part of a larger pattern of silencing voices that challenge the status quo, particularly in relation to the Israeli-Palestinian conflict. Academic institutions should be places where diverse perspectives can be aired, debated, and scrutinized, not where students fear for their safety or freedom when expressing their opinions.\nUnderstanding the Context\nTo fully grasp the implications of this incident, it’s essential to understand the broader context surrounding freedom of speech and criticism of Israel. The Israeli-Palestinian conflict is a deeply polarizing issue, and discussions about it often evoke strong emotions. Many people around the world have strong opinions on this topic, and academic institutions should ideally provide a platform for healthy debate and discussion.\nHowever, criticism of Israel has, in some cases, led to accusations of antisemitism, complicating discussions even further. This incident raises vital questions about what constitutes acceptable criticism and whether it can be expressed without fear of retaliation. The arrest of a student merely for expressing their views suggests that there may be a chilling effect on free speech, particularly in relation to contentious political issues.\nPublic Reaction and Outcry\nThe arrest of the PhD student has led to widespread condemnation on social media. Many users have expressed their outrage, sharing the video and using hashtags to draw attention to the issue. The response is not just limited to social media; various academic institutions and human rights organizations are also voicing their concerns about the implications of this incident.\nProminent figures in academia have come forward to defend the student, emphasizing the importance of academic freedom and the need to protect those who dare to challenge prevailing narratives. The fact that such an incident could occur in an academic setting has prompted calls for a reevaluation of policies surrounding free speech and dissent within universities.\nThe Role of Social Media in Advocacy\nSocial media has become a powerful tool for advocacy and activism, allowing voices that might otherwise be marginalized to reach a broader audience. In this case, the video footage of the arrest quickly gained traction, prompting discussions that extend far beyond the immediate incident. Platforms like Twitter allow individuals to share their thoughts, mobilize support, and hold institutions accountable for their actions.\nThe rapid spread of this story illustrates the potential of social media to shine a light on injustices and rally public support. However, it also raises questions about the role of social media in shaping narratives and influencing public opinion. As this incident unfolds, it will be interesting to see how social media continues to play a role in the discourse surrounding academic freedom and the treatment of dissenting voices.\nImplications for Academic Freedom\nThe arrest of a PhD student for criticising Israel raises serious concerns about the state of academic freedom. What does it mean for scholars and students when expressing dissenting opinions can lead to arrest? This incident suggests a troubling trend where academic environments may no longer be places where free thought is encouraged.\nAcademic freedom is a cornerstone of higher education, allowing for the exploration of controversial topics and the engagement of diverse perspectives. If students and faculty members fear that their opinions could lead to legal repercussions, it could stifle innovation, creativity, and critical discourse in academia. This incident serves as a wake-up call for institutions to reaffirm their commitment to protecting academic freedom and ensuring that all voices can be heard without fear of retaliation.\nLegal and Ethical Considerations\nThe legal and ethical implications of this incident cannot be overlooked. Arresting a student for expressing their views raises questions about the legal protections afforded to individuals in academic settings. Are there laws that protect the rights of students to engage in political discourse? What legal avenues do individuals have if they feel their rights are being infringed upon?\nMoreover, this situation poses ethical dilemmas for universities. They must consider their responsibility to foster an environment where students can express diverse viewpoints while also ensuring safety and order. Balancing these competing interests can be challenging, but it is essential for maintaining the integrity of academic institutions.\nMoving Forward: The Need for Dialogue\nAs conversations around this incident continue, it is crucial to foster dialogue about the importance of free speech, academic freedom, and the role of criticism in society. Engaging in respectful discussions about contentious topics can help bridge divides and promote understanding, even in the face of disagreement.\nCreating forums for dialogue within academic institutions can provide a space for students and faculty to explore complex issues, challenge assumptions, and engage with differing viewpoints. Encouraging open discussions can help mitigate fears surrounding dissent and promote a culture of intellectual curiosity and respect.\nIn light of the incident involving the PhD student, universities should take proactive steps to ensure that their policies support free speech and protect individuals who express dissenting opinions. By demonstrating a commitment to academic freedom, institutions can create an environment where students feel safe to express their thoughts and engage in meaningful discussions.\nConclusion: A Call to Action\nThe arrest of a PhD student for criticising Israel has ignited a crucial conversation about the state of free speech and academic freedom. As we navigate this complex issue, it is essential to advocate for the rights of individuals to express their opinions without fear of retaliation. The academic community must come together to reaffirm its commitment to fostering a culture of open dialogue and respect for diverse perspectives.\nThis incident serves as a reminder that the fight for free speech is ongoing. As concerned citizens, we must continue to raise our voices in support of academic freedom and the rights of individuals to engage in critical discourse. Only through collective action and advocacy can we hope to create a society where all voices are heard and valued.",
    "highlightText": "",
    "highlightTitle": "",
    "highlightThreadTitle": "",
    "language": "english",
    "sentiment": null,
    "categories": null,
    "topics": null,
    "ai_allow": true,
    "has_canonical": false,
    "breaking": false,
    "webz_reporter": false,
    "external_links": [
        "https://twitter.com/stairwayto3dom/status/1905020499597615247?ref_src=twsrc%5Etfw",
        "https://twitter.com/stairwayto3dom/status/1905020499597615247",
        "https://www.twitter.com/stairwayto3dom/status/1905020499597615247?ref_src=twsrc%5Etfw"
    ],
    "entities": {
        "persons": [],
        "locations": [],
        "organizations": []
    },
    "syndication": {
        "syndicated": false,
        "syndicate_id": null,
        "first_syndicated": false
    },
    "trust": {
        "categories": [
            "fake_news"
        ]
    },
    "rating": null,
    "crawled": "2025-03-27T00:40:22.810+02:00",
    "updated": "2025-03-27T00:40:22.810+02:00"
}