{
    "thread": {
        "uuid": "1bd16f78fcdd42175f5f6ea8bc926c16b0883621",
        "url": "https://yamal-news.net/economy/2025/03/27/365188.html",
        "site_full": "yamal-news.net",
        "site": "yamal-news.net",
        "site_section": "https://yamal-news.net/rss/news",
        "site_categories": [],
        "section_title": "Лента новостей Ямала",
        "site_title": "Лента новостей Ямала",
        "title": "РБК: Центробанк обсуждает ограничение срока действия карт для иностранцев",
        "title_full": "РБК: Центробанк обсуждает ограничение срока действия карт для иностранцев",
        "published": "2025-03-27T00:01:00.000+02:00",
        "replies_count": 0,
        "participants_count": 1,
        "site_type": "news",
        "country": "RU",
        "main_image": "https://yamal-news.net/img/20250327/8aa17f8923898e8e5e59b35f863b9a3e_o.jpg",
        "performance_score": 0,
        "domain_rank": null,
        "domain_rank_updated": null,
        "licensing_agency": [],
        "social": {
            "facebook": {
                "likes": 0,
                "comments": 0,
                "shares": 0
            },
            "vk": {
                "shares": 0
            }
        }
    },
    "uuid": "1bd16f78fcdd42175f5f6ea8bc926c16b0883621",
    "url": "https://yamal-news.net/economy/2025/03/27/365188.html",
    "ord_in_thread": 0,
    "author": "Источник Ямал-Медиа",
    "published": "2025-03-27T00:01:00.000+02:00",
    "title": "РБК: Центробанк обсуждает ограничение срока действия карт для иностранцев",
    "text": "Росфинмониторинг предложил ограничить срок действия банковских карт для иностранцев, сейчас эта инициатива обсуждается в ЦБ. Об этом РБК рассказал замглавы Росфинмониторинга Герман Негляд.\n«Инициатива в настоящее время обсуждается в Банке России и с Росфинмониторингом, она требует дополнительной проработки. Подобный опыт есть у наших коллег в Казахстане. Такие меры, как и ограничения на количество карт для одного гражданина и иностранца, введены, чтобы бороться с дропами», — сказал Негляд.\nДропы — люди, которые предоставляют банковские карты мошенникам, чтобы те выводили украденные деньги. Обычно мошенники используют целые цепочки по выводу денег, чтобы усложнить поиск или сделать его невозможным. Человек может стать дропом добровольно, продав данные своей карты, либо под воздействием мошенников.\nТем временем министр финансов США Скотт Бессент не исключил, что в рамках переговоров по урегулированию конфликта на Украине одним из путей смягчения санкций против РФ станет переподключение российских банков к SWIFT.\nСамые важные и оперативные новости — в нашем телеграм-канале «Ямал-Медиа».",
    "highlightText": "",
    "highlightTitle": "",
    "highlightThreadTitle": "",
    "language": "russian",
    "sentiment": null,
    "categories": null,
    "topics": null,
    "ai_allow": true,
    "has_canonical": false,
    "breaking": false,
    "webz_reporter": false,
    "external_links": [
        "https://www.rbc.ru/rbcfreenews/67e3ebc99a79475451027d80?from=newsfeed",
        "https://t.me/yamalmedia_89",
        "https://www.rbc.ru/rbcfreenews/67e3ebc99a79475451027d80",
        "https://rbc.ru/rbcfreenews/67e3ebc99a79475451027d80?from=newsfeed",
        "https://www.t.me/yamalmedia_89"
    ],
    "entities": {
        "persons": [],
        "locations": [],
        "organizations": []
    },
    "syndication": {
        "syndicated": null,
        "syndicate_id": null,
        "first_syndicated": false
    },
    "trust": {
        "categories": [
            "fake_news"
        ]
    },
    "rating": null,
    "crawled": "2025-03-27T00:29:10.638+02:00",
    "updated": "2025-03-27T00:29:10.638+02:00"
}