{
    "thread": {
        "uuid": "9c63639cfd8bcf348bdf48c5084c4baac3706705",
        "url": "https://geneseenews.com/stories/670294017-carman-ainsworth-community-schools-education-economically-disadvantaged-students-recorded-lower-performance-in-2022-23-sat",
        "site_full": "geneseenews.com",
        "site": "geneseenews.com",
        "site_section": "https://geneseenews.com",
        "site_categories": [],
        "section_title": "Genesee News",
        "site_title": "Genesee News",
        "title": "Carman-Ainsworth Community Schools Education: Economically disadvantaged students recorded lower performance in 2022-23 SAT",
        "title_full": "Carman-Ainsworth Community Schools Education: Economically disadvantaged students recorded lower performance in 2022-23 SAT",
        "published": "2025-03-27T00:20:00.000+02:00",
        "replies_count": 0,
        "participants_count": 1,
        "site_type": "news",
        "country": "",
        "main_image": "https://s3.amazonaws.com/jnswire/jns-media/ef/75/18188055/webp_baixadoseditedll-fotor-20240909202244ee.webp",
        "performance_score": 0,
        "domain_rank": null,
        "domain_rank_updated": null,
        "licensing_agency": [],
        "social": {
            "facebook": {
                "likes": 0,
                "comments": 0,
                "shares": 0
            },
            "vk": {
                "shares": 0
            }
        }
    },
    "uuid": "9c63639cfd8bcf348bdf48c5084c4baac3706705",
    "url": "https://geneseenews.com/stories/670294017-carman-ainsworth-community-schools-education-economically-disadvantaged-students-recorded-lower-performance-in-2022-23-sat",
    "ord_in_thread": 0,
    "author": "Genesee News",
    "published": "2025-03-27T00:20:00.000+02:00",
    "title": "Carman-Ainsworth Community Schools Education: Economically disadvantaged students recorded lower performance in 2022-23 SAT",
    "text": "Dr. Michael F. Rice Michigan superintendent of public instruction | https://radio.wcmu.org/\nDr. Michael F. Rice Michigan superintendent of public instruction | https://radio.wcmu.org/\nMichigan Department of Education.\nOverall, economically disadvantaged students who took the test scored an average of 847.1. The average registered for the whole district was of 858.5.\nData shows that 8.8% of the group were considered ready for college.\nIn the previous year, 9.8% passed the college readiness benchmark on the SAT.\nIn the 2022-23 school year, white students were the best-performing ethnic group on the test, boasting a college readiness of 23.6% and scores at an average of 948.5.\nThere were a total of 323 students taking the test in the district.\nOverall, students in Michigan are still performing below pre-pandemic levels. According to the test results, their scores are on average 4.5% lower than the pre-pandemic levels.\nA recent study in the state suggested this could be caused by remote schooling. Students who learned remotely experienced more learning loss compared to those who attended in-person classes during the pandemic.\n“This is hurting kids in ways we can’t even imagine, and not just academically,” Senator Thomas Albert said during his time as the House Appropriations Chairman. “The disruption of sports and other extracurricular activities also takes a major toll. It’s going to take years for some of these students to recover academically.”\nMichigan Gov. Gretchen Whitmer was criticized for trying to address these academic failures by using more tutors in the public school system.\n“Relying only on the system that caused academic and mental health setbacks is not looking out for the best interest of children,” Jamie A. Hope wrote in the Michigan Capitol Confidential.\nDue to privacy concerns, exact numbers are not reported for categories with a small number of students.\nSchool | # Tested | % Ready for College | Average Score |\n---|---|---|---|\nCA Alternative Education - Atlantis | 30 | <=20% | 744.3 |\nCarman-Ainsworth High School | 160 | 6.9% | 839.8 |\nGenesee Early College | 17 | 41.2% | 1,048.8 |\nMott Middle College High School | 53 | <=10% | 862.5 |",
    "highlightText": "",
    "highlightTitle": "",
    "highlightThreadTitle": "",
    "language": "english",
    "sentiment": null,
    "categories": null,
    "topics": null,
    "ai_allow": true,
    "has_canonical": false,
    "breaking": false,
    "webz_reporter": false,
    "external_links": [
        "https://detroit.chalkbeat.org/2022/1/10/22875336/epic-remote-learning-loss-michigan-test-scores-achieveme",
        "https://www.michigan.gov/mde/",
        "https://detroit.chalkbeat.org/2022/9/1/23333221/michigan-exam-mstep-pandemic-2022-scores-results",
        "https://www.detroitnews.com/story/news/politics/2021/01/27/michigan-gop-plan-would-halt-state-decisions-school-closures/4274505001/",
        "https://www.michigancapitolconfidential.com/commentary/whitmer-calls-for-using-the-public-school-system-to-fix-the-problems-it-caused",
        "https://michigan.gov/mde/",
        "https://detroitnews.com/story/news/politics/2021/01/27/michigan-gop-plan-would-halt-state-decisions-school-closures/4274505001/",
        "https://www.detroit.chalkbeat.org/2022/9/1/23333221/michigan-exam-mstep-pandemic-2022-scores-results",
        "https://www.michigan.gov/mde",
        "https://michigancapitolconfidential.com/commentary/whitmer-calls-for-using-the-public-school-system-to-fix-the-problems-it-caused",
        "https://www.detroitnews.com/story/news/politics/2021/01/27/michigan-gop-plan-would-halt-state-decisions-school-closures/4274505001",
        "https://www.detroit.chalkbeat.org/2022/1/10/22875336/epic-remote-learning-loss-michigan-test-scores-achieveme"
    ],
    "entities": {
        "persons": [
            {
                "name": "Michael F. Rice",
                "sentiment": "neutral"
            },
            {
                "name": "Thomas Albert",
                "sentiment": "neutral"
            },
            {
                "name": "Gretchen Whitmer",
                "sentiment": "neutral"
            },
            {
                "name": "Jamie A. Hope",
                "sentiment": "neutral"
            }
        ],
        "locations": [
            {
                "name": "Michigan",
                "sentiment": "neutral"
            }
        ],
        "organizations": [
            {
                "name": "Michigan Department of Education",
                "sentiment": "neutral",
                "tickers": []
            },
            {
                "name": "the House Appropriations",
                "sentiment": "neutral",
                "tickers": []
            },
            {
                "name": "the Michigan Capitol Confidential",
                "sentiment": "neutral",
                "tickers": []
            },
            {
                "name": "Carman-Ainsworth High School",
                "sentiment": "neutral",
                "tickers": []
            },
            {
                "name": "Genesee Early College",
                "sentiment": "neutral",
                "tickers": []
            },
            {
                "name": "Mott Middle College High School",
                "sentiment": "neutral",
                "tickers": []
            }
        ]
    },
    "syndication": {
        "syndicated": false,
        "syndicate_id": null,
        "first_syndicated": false
    },
    "trust": {
        "categories": [
            "fake_news"
        ]
    },
    "rating": null,
    "crawled": "2025-03-27T00:59:51.543+02:00",
    "updated": "2025-03-27T00:59:51.543+02:00"
}