{
    "thread": {
        "uuid": "b8156727378394d3eee2c17ad2127b03661d9e5e",
        "url": "https://www.breitbart.com/economy/2025/03/26/watch-live-donald-trump-holds-press-conference-on-tariffs",
        "site_full": "www.breitbart.com",
        "site": "breitbart.com",
        "site_section": "https://world.einnews.com/ajax/headlines",
        "site_categories": [
            "media",
            "law_government_and_politics",
            "politics",
            "top_news_us",
            "top_news"
        ],
        "section_title": "",
        "site_title": "Breitbart News Network",
        "title": "Watch Live: Donald Trump Holds Press Conference on Tariffs",
        "title_full": "Watch Live: Donald Trump Holds Press Conference on Tariffs",
        "published": "2025-03-26T23:18:00.000+02:00",
        "replies_count": 67,
        "participants_count": 35,
        "site_type": "news",
        "country": "US",
        "main_image": "https://media.breitbart.com/media/2025/03/trump-wave-white-house-photo-640x335.jpg",
        "performance_score": 0,
        "domain_rank": 1709,
        "domain_rank_updated": "2025-03-24T23:00:00.000+02:00",
        "licensing_agency": [],
        "social": {
            "facebook": {
                "likes": 0,
                "comments": 0,
                "shares": 0
            },
            "vk": {
                "shares": 0
            }
        }
    },
    "uuid": "145cc09a4f1a8180428de2beefa8c443f8820db6",
    "url": "https://www.breitbart.com/economy/2025/03/26/watch-live-donald-trump-holds-press-conference-on-tariffs#post-66",
    "ord_in_thread": 66,
    "author": "Gene C Clark",
    "published": "2025-03-27T00:09:00.000+02:00",
    "title": "",
    "text": "Haven't seen the particulars. Does this exempt vehicles assembled within the US? That makes a big difference on your comment.",
    "highlightText": "",
    "highlightTitle": "",
    "highlightThreadTitle": "",
    "language": "english",
    "sentiment": null,
    "categories": null,
    "topics": null,
    "ai_allow": true,
    "has_canonical": false,
    "breaking": true,
    "webz_reporter": false,
    "external_links": null,
    "entities": {
        "persons": [],
        "locations": [],
        "organizations": []
    },
    "syndication": {
        "syndicated": false,
        "syndicate_id": null,
        "first_syndicated": false
    },
    "trust": {
        "categories": [
            "fake_news"
        ]
    },
    "rating": null,
    "crawled": "2025-03-27T00:12:32.445+02:00",
    "updated": "2025-03-27T03:34:17.451+02:00"
}