{
    "thread": {
        "uuid": "851c58ba553f15b0d219629a62b7e85524377308",
        "url": "https://countylocalnews.com/2025/03/26/heavyset-texan-arrested-for-tesla-vandalism-spree-outside-buffet",
        "site_full": "countylocalnews.com",
        "site": "countylocalnews.com",
        "site_section": "https://countylocalnews.com/feed/",
        "site_categories": [],
        "section_title": "County Local News",
        "site_title": null,
        "title": "Heavyset Texan Arrested for Tesla Vandalism Spree Outside Buffet!",
        "title_full": "Heavyset Texan Arrested for Tesla Vandalism Spree Outside Buffet!",
        "published": "2025-03-27T00:30:00.000+02:00",
        "replies_count": 0,
        "participants_count": 1,
        "site_type": "news",
        "country": "US",
        "main_image": "",
        "performance_score": 0,
        "domain_rank": 547030,
        "domain_rank_updated": "2025-03-24T23:00:00.000+02:00",
        "licensing_agency": [],
        "social": {
            "facebook": {
                "likes": 0,
                "comments": 0,
                "shares": 0
            },
            "vk": {
                "shares": 0
            }
        }
    },
    "uuid": "851c58ba553f15b0d219629a62b7e85524377308",
    "url": "https://countylocalnews.com/2025/03/26/heavyset-texan-arrested-for-tesla-vandalism-spree-outside-buffet",
    "ord_in_thread": 0,
    "author": "County Local News",
    "published": "2025-03-27T00:30:00.000+02:00",
    "title": "Heavyset Texan Arrested for Tesla Vandalism Spree Outside Buffet!",
    "text": "Tesla Vandalism Spree in Texarkana: A Shocking Incident\nOn March 25, 2025, a bizarre incident unfolded in Texarkana, Texas, when a man was arrested following a vandalism spree targeting several Tesla vehicles. Demarkeyun M. Cox, a 33-year-old individual, reportedly utilized a mini four-wheeler to cause damage to the luxury electric cars parked outside an all-you-can-eat buffet. This incident has sparked widespread attention and raised questions about the motives behind such vandalism.\nThe Incident Unfolds\nAccording to reports, Cox was seen driving the mini four-wheeler recklessly in the parking lot of the buffet, where he allegedly targeted multiple Teslas. Eyewitnesses described the scene as chaotic, with the sound of crashing metal and shattering glass echoing around the area. The incident has raised eyebrows, given the increasing popularity of Tesla vehicles, which are often seen as symbols of innovation and environmental consciousness.\n- YOU MAY ALSO LIKE TO WATCH THIS TRENDING STORY ON YOUTUBE.\nArrest and Charges\nLaw enforcement responded promptly to the scene after receiving multiple reports of the vandalism. Cox was apprehended and charged with several counts of criminal mischief. Initial reports misidentified him as Demarqeuyun Cox, but authorities later confirmed his correct name. The police are investigating the extent of the damage caused to the vehicles, as well as any potential motivations behind Cox’s actions.\nPublic Reaction\nThe public’s reaction to the incident has been one of shock and disbelief. Social media platforms quickly lit up with discussions surrounding the bizarre nature of the vandalism spree. Many users expressed their astonishment that someone would go to such lengths to damage vehicles, especially those that represent a significant investment for their owners. The incident has also sparked a broader conversation about societal attitudes toward electric vehicles and their owners.\nThe Role of Social Media\nThis incident gained traction on social media, notably through a tweet from journalist Andy Ngo, who provided details of the event along with an image related to the vandalism. The power of social media in disseminating information quickly has played a crucial role in keeping the public informed and engaged with the ongoing story. As details continue to emerge, discussions around the motivations for such vandalism remain prevalent.\nAnalyzing the Motives\nWhile the exact motives behind Cox’s actions remain unclear, some speculate that the vandalism could be rooted in broader societal attitudes toward wealth and technology. The juxtaposition of a luxury electric vehicle against the backdrop of an all-you-can-eat buffet raises questions about class and consumerism. Some analysts suggest that acts of vandalism can sometimes be a misguided form of protest against perceived inequalities, although it is essential to note that such actions are never justified.\nThe Bigger Picture: Vandalism Trends\nThis incident is not isolated; it reflects a growing trend of vandalism targeting luxury goods and vehicles. As economic disparities continue to grow, some individuals may resort to destructive behavior as a way to express their frustrations. The rise in such incidents poses challenges for law enforcement and communities as they seek to address the root causes of these behaviors.\nLegal Implications\nFrom a legal standpoint, the charges against Cox could lead to significant consequences. Criminal mischief can carry hefty fines and even jail time, depending on the severity of the damage and whether it was a repeated offense. The legal system will have to assess the situation carefully, weighing the motive behind the vandalism against the impact on the victims. Furthermore, the incident could set a precedent for how similar cases are handled in the future.\nImpact on Tesla Owners\nFor Tesla owners, incidents like this raise concerns about the safety and security of their vehicles. Tesla owners often pride themselves on their investments, both financially and environmentally, and acts of vandalism can feel like personal attacks. The company has a dedicated customer service team that addresses such issues, but incidents like this can lead to increased anxiety among owners regarding the safety of their vehicles.\nConclusion\nThe vandalism spree in Texarkana serves as a reminder of the complexities surrounding ownership, societal attitudes, and the consequences of destructive behavior. As the investigation unfolds, it will be crucial to understand not just the actions of Demarkeyun M. Cox, but also the broader societal factors that may contribute to such incidents. The conversation surrounding this event is likely to continue, as communities seek to address the underlying issues that lead to acts of vandalism and to foster a more positive and constructive dialogue around consumerism and technology.\nFinal Thoughts\nWhile the immediate focus is on the incident itself and its aftermath, it is essential to consider how society can respond to prevent similar occurrences in the future. Engaging in meaningful conversations about wealth, technology, and social equity may help mitigate tensions and reduce the likelihood of such destructive actions. As we move forward, it is crucial to promote understanding and empathy within our communities, recognizing that behind every act of vandalism lies a deeper story waiting to be told.\nA heavyset man in Texarkana, Texas was arrested on March 25 after allegedly starting a Tesla vandalism spree using a mini four-wheeler outside an all-you-can-eat buffet.\nDemarkeyun M. Cox, 33 (originally inaccurately named as Demarqeuyun Cox), is suspected of damaging Tesla…\n[pic.twitter.com/z6LOefFP8z]— Andy Ngo (@MrAndyNgo)\n[March 26, 2025]\nA heavyset man in Texarkana, Texas was arrested on March 25 after allegedly starting a Tesla vandalism spree using a mini four-wheeler outside an all-you-can-eat buffet.\nIn a bizarre incident that has left the community of Texarkana buzzing, a heavyset man named Demarkeyun M. Cox, aged 33, found himself on the wrong side of the law after allegedly embarking on a vandalism spree targeting Tesla vehicles. The events unfolded outside an all-you-can-eat buffet, where Cox reportedly used a mini four-wheeler to cause significant damage. This odd tale has sparked discussions not only about vandalism but also about the culture surrounding electric vehicles and community responsibility.\nDemarkeyun M. Cox, 33 (originally inaccurately named as Demarqeuyun Cox), is suspected of damaging Tesla vehicles.\nCox, who was initially misidentified as Demarqeuyun Cox in early reports, has been accused of causing substantial damage to several Tesla cars parked near the buffet. Eyewitnesses claimed that the scene was both surreal and alarming as the mini four-wheeler tore through the parking lot, leaving behind a trail of destruction. The incident raises questions about the motivations behind such acts of vandalism. Was it a moment of sheer impulse, or is there a deeper issue at play? It’s a topic that many in the community are eager to explore.\nUnderstanding the Incident: What Happened in Texarkana?\nThe events leading up to Cox’s arrest unfolded on a seemingly ordinary day. Patrons were enjoying their meals at the buffet when the chaos began. Reports suggest that Cox, after perhaps indulging in too much of the buffet’s offerings, decided to take his frustrations out on the Teslas parked nearby. The mini four-wheeler, often associated with fun and leisure, turned into an unexpected tool for vandalism. Local authorities quickly responded to the scene, apprehending Cox before the damage escalated further.\nThe Community’s Reaction to the Vandalism Spree\nUnderstandably, the community of Texarkana was shocked by the news. Social media platforms erupted with commentary, with many expressing disbelief that such an unusual incident could occur in their town. Some residents shared their experiences of encountering vandalism in the past, while others pointed fingers at the societal pressures that might lead someone to act out in this way. It’s interesting how a single incident can ignite a broader conversation about community values and responsibilities.\nWhat Drives People to Vandalize? A Look into Motivation\nWhile the motivations behind vandalism can be complex, they often stem from a mix of frustration, anger, or a desire for attention. In Cox’s case, some speculate that it could be a combination of factors, including personal issues or a momentary lapse in judgment. The act of targeting Tesla vehicles specifically introduces another layer to the story; perhaps it reflects a societal divide regarding electric vehicles and their place in modern culture. Are Teslas seen as symbols of wealth and privilege, and did this play a role in the vandalism?\nThe Cost of Vandalism: Impacts on Victims and Community\nThe impact of vandalism extends beyond the immediate damage to vehicles. Victims often face financial burdens due to repair costs, which can be particularly challenging in a community where many are still recovering from economic hardships. Additionally, incidents like this can create a sense of insecurity and mistrust within the community. It’s crucial for residents to come together to address these issues and promote a culture of respect and responsibility.\nLegal Consequences for Cox: What’s Next?\nAs for Cox, he faces legal repercussions for his actions. Vandalism is taken seriously, and the consequences can range from hefty fines to potential jail time, depending on the extent of the damage. The legal process will unfold in the coming weeks, and many are watching closely to see how the situation develops. It serves as a reminder that actions have consequences, and individuals must be held accountable for their behavior.\nThe Role of Electric Vehicles in Society: A Broader Perspective\nElectric vehicles, particularly Teslas, have gained popularity and attention in recent years. As they become more common on the roads, incidents like the vandalism spree in Texarkana highlight the societal implications surrounding them. Some view Teslas as a step toward a more sustainable future, while others criticize them for being symbols of excess. This dichotomy can sometimes foster resentment, leading to acts of vandalism as seen in this case.\nCommunity Involvement: Addressing Vandalism Together\nTo combat issues like vandalism, community involvement is essential. Local leaders and residents can work together to create initiatives aimed at fostering a sense of responsibility and respect among community members. Programs that promote understanding and education about electric vehicles could help bridge the gap between different perspectives. By addressing underlying issues, communities can work towards a more harmonious environment.\nMoving Forward: Lessons from the Texarkana Incident\nThe incident involving Demarkeyun M. Cox serves as a wake-up call for many. It raises important questions about behavior, community values, and the responsibility of individuals within society. As residents of Texarkana reflect on this event, they have an opportunity to engage in meaningful conversations that can lead to positive change. By addressing the root causes of vandalism and fostering a culture of respect, communities can work towards a brighter future.\nFinal Thoughts: The Importance of Understanding\nAs this story continues to unfold, it’s vital for communities to remain vigilant and proactive in addressing issues like vandalism. Understanding the motivations behind such actions is the first step toward prevention. By fostering open dialogue and encouraging community engagement, residents of Texarkana can turn this unfortunate event into an opportunity for growth and improvement. It’s a chance to learn, adapt, and ensure that their community remains a safe and welcoming place for everyone.\n“`\nFeel free to customize any part of this article further!",
    "highlightText": "",
    "highlightTitle": "",
    "highlightThreadTitle": "",
    "language": "english",
    "sentiment": null,
    "categories": null,
    "topics": null,
    "ai_allow": true,
    "has_canonical": false,
    "breaking": false,
    "webz_reporter": false,
    "external_links": [],
    "entities": {
        "persons": [
            {
                "name": "Demarkeyun M. Cox",
                "sentiment": "positive"
            },
            {
                "name": "Andy Ngo",
                "sentiment": "positive"
            },
            {
                "name": "YOUTUBE",
                "sentiment": "neutral"
            },
            {
                "name": "Demarqeuyun Cox",
                "sentiment": "neutral"
            }
        ],
        "locations": [
            {
                "name": "Texarkana",
                "sentiment": "negative"
            },
            {
                "name": "Texas",
                "sentiment": "neutral"
            }
        ],
        "organizations": [
            {
                "name": "Tesla Vandalism Spree",
                "sentiment": "negative",
                "tickers": []
            },
            {
                "name": "The Community’s Reaction to the Vandalism Spree\nUnderstandably",
                "sentiment": "negative",
                "tickers": []
            },
            {
                "name": "The Role of Social Media",
                "sentiment": "neutral",
                "tickers": []
            },
            {
                "name": "Legal Consequences for Cox:",
                "sentiment": "neutral",
                "tickers": []
            },
            {
                "name": "The Role of Electric Vehicles",
                "sentiment": "neutral",
                "tickers": []
            },
            {
                "name": "Broader Perspective\nElectric",
                "sentiment": "neutral",
                "tickers": []
            }
        ]
    },
    "syndication": {
        "syndicated": false,
        "syndicate_id": null,
        "first_syndicated": false
    },
    "trust": {
        "categories": [
            "fake_news"
        ]
    },
    "rating": null,
    "crawled": "2025-03-27T00:40:26.385+02:00",
    "updated": "2025-03-27T00:40:26.385+02:00"
}