{
    "thread": {
        "uuid": "b8b79b25931bc5a5fd3a1696a2be646e94e8f47f",
        "url": "https://volgograd-news.net/society/2025/03/27/379235.html",
        "site_full": "volgograd-news.net",
        "site": "volgograd-news.net",
        "site_section": "https://volgograd-news.net",
        "site_categories": [
            "media"
        ],
        "section_title": "Лента новостей Волгограда",
        "site_title": "Лента новостей Волгограда",
        "title": "Что можно и нельзя делать 27 марта, чтобы жить без бед - Лента новостей Волгограда",
        "title_full": "Что можно и нельзя делать 27 марта, чтобы жить без бед - Лента новостей Волгограда",
        "published": "2025-03-27T00:36:00.000+02:00",
        "replies_count": 0,
        "participants_count": 1,
        "site_type": "news",
        "country": "RU",
        "main_image": "https://volgograd-news.net/img/20250327/b3ddca0311c808877002eda95f5ca0a1_o.jpg",
        "performance_score": 0,
        "domain_rank": null,
        "domain_rank_updated": null,
        "licensing_agency": [],
        "social": {
            "facebook": {
                "likes": 0,
                "comments": 0,
                "shares": 0
            },
            "vk": {
                "shares": 0
            }
        }
    },
    "uuid": "b8b79b25931bc5a5fd3a1696a2be646e94e8f47f",
    "url": "https://volgograd-news.net/society/2025/03/27/379235.html",
    "ord_in_thread": 0,
    "author": "Источник Городские вести",
    "published": "2025-03-27T00:36:00.000+02:00",
    "title": "Что можно и нельзя делать 27 марта, чтобы жить без бед - Лента новостей Волгограда",
    "text": "В народном календаре 27 марта - это Венедиктов день.\nХозяйкам рекомендуют поменять постельное белье и полотенца. Наши предки считали это обязательным, чтобы уберечься от хворей.\nЗакупитесь продуктами и приготовьте несколько вкусных блюд. Считается, что тогда голод и бедность пройдут мимо вашего дома.\nДень отлично подходит для домашних дел: займитесь уборкой и стиркой. Кстати, дела будут ладиться, вы быстро управитесь и останетесь довольны результатом.\nНе общайтесь с людьми, которые вам неприятно. Желательно также избегать связи с тем, с кем вы поругались. Скорее всего, примириться не выйдет, зато можно еще сильнее испортить отношения.\nНе красуйтесь долго у зеркала. Иначе рискуете потерять молодость, красоту и здоровье.\nДень не подходит для судьбоносных важных разговоров. Не заводите их в семье и на работе, если не хотите серьезных проблем.\nНельзя охотиться. Это приведет к бедам.\nСтрого запрещено обижать домашних животных. Нельзя даже повышать на них голос. Нарушителям запрета грозят проблемы.\nЧитайте также:\nЧто запрещено делать 27 марта, чтобы спасти здоровье и красоту\nЧто нельзя делать 26 марта, чтобы не попасть в беду\nЧто запрещено делать 26 марта, чтобы отогнать смерть и беды\nВ Волгограде проведут Первомай\nЧто запрещено делать волгоградцам 24 марта, чтобы не укоротить свой век\nЧто запрещено делать на Сорок Сороков, чтобы не сгубить себя\nВолгоградцам рассказали, что нельзя делать 21 марта ради счастья\nНа улицы Волгограда вышли первые трамваи с символикой Великой Победы",
    "highlightText": "",
    "highlightTitle": "",
    "highlightThreadTitle": "",
    "language": "russian",
    "sentiment": null,
    "categories": null,
    "topics": null,
    "ai_allow": true,
    "has_canonical": false,
    "breaking": false,
    "webz_reporter": false,
    "external_links": [],
    "entities": {
        "persons": [],
        "locations": [],
        "organizations": []
    },
    "syndication": {
        "syndicated": null,
        "syndicate_id": null,
        "first_syndicated": false
    },
    "trust": {
        "categories": [
            "fake_news"
        ]
    },
    "rating": null,
    "crawled": "2025-03-27T01:25:18.335+02:00",
    "updated": "2025-03-27T01:25:18.335+02:00"
}