{
    "thread": {
        "uuid": "d79a65eebe44ccc3261af857d97f429e764a8d3d",
        "url": "https://guardian.ng/appointments/ican-to-leverage-professional-excellence-for-economic-growth",
        "site_full": "guardian.ng",
        "site": "guardian.ng",
        "site_section": "https://guardian.ng/",
        "site_categories": [
            "politics",
            "crime, law and justice",
            "media",
            "economy, business and finance"
        ],
        "section_title": "Homepage | The Guardian Nigeria News - Nigeria and World News",
        "site_title": "Homepage | The Guardian Nigeria News - Nigeria and World News",
        "title": "ICAN to leverage professional excellence for economic growth",
        "title_full": "ICAN to leverage professional excellence for economic growth",
        "published": "2026-02-12T05:10:00.000+02:00",
        "replies_count": 0,
        "participants_count": 1,
        "site_type": "news",
        "country": "NG",
        "main_image": "",
        "performance_score": 0,
        "domain_rank": 15558,
        "domain_rank_updated": "2026-02-08T23:00:00.000+02:00",
        "licensing_agency": [],
        "social": {
            "facebook": {
                "likes": 0,
                "comments": 0,
                "shares": 0
            },
            "vk": {
                "shares": 0
            }
        }
    },
    "uuid": "d79a65eebe44ccc3261af857d97f429e764a8d3d",
    "url": "https://guardian.ng/appointments/ican-to-leverage-professional-excellence-for-economic-growth",
    "ord_in_thread": 0,
    "author": "Kehinde Olatunji",
    "published": "2026-02-12T05:10:00.000+02:00",
    "title": "ICAN to leverage professional excellence for economic growth",
    "text": "The Institute of Chartered Accountants of Nigeria (ICAN) is taking concrete steps aimed at aligning professional excellence with meaningful contributions to the growth of the Nigerian economy.\nThe institute stated this at its 20th Western Zonal Accountants’ Conference, in Lagos, with the theme ‘Revitalising the Nigerian Economy for Sustainable Development: Accelerating New Frontiers.’\nSpeaking on the role of ICAN in national development, the 11th Western Zonal Chairman, Ganiyu Semiu, said the conference was designed to address Nigeria’s prevailing economic realities and the evolving demands of the global economy.\nAccording to him, the theme reflects the institute’s aspiration to align professional excellence with national transformation, while reinforcing the role of chartered accountants as trusted advisers and custodians of accountability in both the public and private sectors.\n“The theme underscores the critical role of chartered and professional accountants as stewards of accountability and architects of sustainable growth in an evolving global economy,” he said.\nIn a similar vein, the Chairman of the 20th Western Zonal Conference, Kolawole Bisiriyu, noted that the outcomes of the conference are expected to influence policy and strategic decision-making.\n“We are not gathered merely to learn and network; we are here to influence the national trajectory through strategic decision-making,” he said, adding that eminent global thought leaders had been invited to provide actionable insights.\nOn ICAN’s standards and ethical framework, the Deputy Conference Chairman, Godwin Emmanuel, said the institute remained guided by integrity, objectivity and defined principles that align with modern economic practices.\nHe explained that ICAN continually reviews its syllabus to ensure relevance to current economic needs, noting that the conference serves as a major platform for professionals from practice, industry, and academia to exchange ideas on economic organisation and sustainability.",
    "summary": "The Institute of Chartered Accountants of Nigeria (ICAN) is taking concrete steps aimed at aligning professional excellence with meaningful contributions to the growth of the Nigerian economy. The institute stated this at its 20th Western Zonal Accountants’ Conference, in Lagos, with the theme ‘Revitalising the Nigerian Economy for Sustainable Development: Accelerating New Frontiers.’ Speaking on the role of ICAN in national development, the 11th Western Zonal Chairman, Ganiyu Semiu, said the conference was designed to address Nigeria’s prevailing economic realities and the evolving demands of the global economy.",
    "highlightText": "",
    "highlightTitle": "",
    "highlightThreadTitle": "",
    "language": "english",
    "sentiment": "positive",
    "categories": [
        "Economy, Business and Finance"
    ],
    "topics": [
        "Economy, Business and Finance->business and market analysis",
        "Economy, Business and Finance->economy",
        "Economy, Business and Finance->business service"
    ],
    "ai_allow": true,
    "has_canonical": false,
    "breaking": null,
    "webz_reporter": false,
    "external_links": [],
    "external_images": [],
    "internal_images": [],
    "entities": {
        "persons": [
            {
                "name": "Ganiyu Semiu",
                "sentiment": "none"
            }
        ],
        "locations": [
            {
                "name": "Lagos",
                "sentiment": "none"
            },
            {
                "name": "Nigeria",
                "sentiment": "none"
            }
        ],
        "organizations": [
            {
                "name": "Institute of Chartered Accountants of Nigeria",
                "sentiment": "negative",
                "tickers": [
                    {
                        "ticker": null,
                        "exchange": null
                    }
                ]
            },
            {
                "name": "ICAN",
                "sentiment": "neutral",
                "tickers": [
                    {
                        "ticker": null,
                        "exchange": null
                    }
                ]
            }
        ]
    },
    "syndication": {
        "syndicated": false,
        "syndicate_id": null,
        "first_syndicated": false
    },
    "trust": {
        "categories": [
            "fake_news"
        ],
        "top_news": [],
        "bias": "center",
        "source": {
            "type": null,
            "city": null,
            "state": null,
            "country": null,
            "domain_type": null,
            "agency": null,
            "organization_name": null
        }
    },
    "rating": null,
    "crawled": "2026-02-12T07:22:09.921+02:00",
    "updated": "2026-02-12T07:25:15.000+02:00"
}