{
    "thread": {
        "uuid": "447a942b8616e7a3bbe3d83e874804892d664be2",
        "url": "https://hindi.news18.com/news/madhya-pradesh/singrauli-double-murder-in-doubt-of-witchcraft-activity-accused-arrested-local18-10175013.html",
        "site_full": "hindi.news18.com",
        "site": "news18.com",
        "site_section": "https://hindi.news18.com/commonfeeds/v1/hin/rss/text.xml",
        "site_categories": [
            "arts, culture and entertainment",
            "media",
            "lifestyle and leisure",
            "politics",
            "tech",
            "economy, business and finance",
            "human interest",
            "crime, law and justice",
            "health"
        ],
        "section_title": "Text News in Hindi, Text Latest News, Text News",
        "site_title": "News: Get Latest News Today, Breaking News, Top News Headlines, India and World News | News18",
        "title": "बच्चा नहीं हो रहा था...पत्नी का गर्भपात हो गया, पड़ोसियों पर 'जादू-टोने' का शक, कुल्हाड़ी से काट डाला - Madhya Pradesh News",
        "title_full": "बच्चा नहीं हो रहा था...पत्नी का गर्भपात हो गया, पड़ोसियों पर 'जादू-टोने' का शक, कुल्हाड़ी से काट डाला - Madhya Pradesh News",
        "published": "2026-02-12T07:02:00.000+02:00",
        "replies_count": 0,
        "participants_count": 1,
        "site_type": "news",
        "country": "IN",
        "main_image": "https://images.news18.com/ibnkhabar/uploads/2026/02/2222-2026-02-285ffdd3cd44d49ba933bcf24ebd1559-16x9.jpg",
        "performance_score": 0,
        "domain_rank": 3556,
        "domain_rank_updated": "2026-02-08T23:00:00.000+02:00",
        "licensing_agency": [],
        "social": {
            "facebook": {
                "likes": 0,
                "comments": 0,
                "shares": 0
            },
            "vk": {
                "shares": 0
            }
        }
    },
    "uuid": "447a942b8616e7a3bbe3d83e874804892d664be2",
    "url": "https://hindi.news18.com/news/madhya-pradesh/singrauli-double-murder-in-doubt-of-witchcraft-activity-accused-arrested-local18-10175013.html",
    "ord_in_thread": 0,
    "author": "@news18india",
    "published": "2026-02-12T07:02:00.000+02:00",
    "title": "बच्चा नहीं हो रहा था...पत्नी का गर्भपात हो गया, पड़ोसियों पर 'जादू-टोने' का शक, कुल्हाड़ी से काट डाला - Madhya Pradesh News",
    "text": "Edited by : Rahul Singh Agency: Local18 Last Updated: Feb 12, 2026, 10:36 IST First Published: Feb 12, 2026, 10:32 IST Singrauli News: वारदात को अंजाम देने के बाद आरोपी छत्रपति सिंह ने खुद को घर में बंद कर लिया. पड़ोसियों ने पुलिस को सूचना दी. पुलिस तुरंत घटनास्थल पर पहुंची और कड़ी मशक्कत के बाद आरोपी को गिरफ्तार किया. जादू-टोने के शक में डबल मर्डर से इलाके में हड़कंप मचा हुआ है. Advertisement रिपोर्ट- अमित सिंह, सिंगरौली. मध्य प्रदेश के सिंगरौली में डबल मर्डर से सनसनी फैल गई. जादू-टोने के शक में मर्डर हुए हैं. जियावन थाना क्षेत्र के अंतरवा गांव का यह मामला है. अंधविश्वास ने दो जिंदगियां लील लीं. 21 वर्षीय आरोपी छत्रपति सिंह ने संतान न होने और पत्नी के गर्भपात का जिम्मेदार पड़ोसियों के जादू-टोने को माना. इसी सनक में उसने केवल सिंह उम्र 65 वर्ष और फूलमती सिंह उम्र 50 वर्ष की कुल्हाड़ी से काटकर निर्मम हत्या कर दी. इस हमले में सुमित्रा सिंह और राम भजन गंभीर रूप से घायल हैं, जिनका इलाज चल रहा है. वारदात के बाद हत्यारे ने खुद को घर में कैद कर लिया था, जिसे पुलिस ने कड़ी मशक्कत के बाद गिरफ्तार किया. महज दो साल पहले शादीशुदा छत्रपति सिंह की इस खौफनाक करतूत से पूरे इलाके में दहशत का माहौल है. पुलिस ने आरोपी को गिरफ्तार कर लिया है. Advertisement",
    "summary": null,
    "highlightText": "",
    "highlightTitle": "",
    "highlightThreadTitle": "",
    "language": "hindi",
    "sentiment": "negative",
    "categories": [
        "Crime, Law and Justice",
        "Human Interest"
    ],
    "topics": [
        "Crime, Law and Justice->investigation (criminal)",
        "Crime, Law and Justice->crime",
        "Crime, Law and Justice->homicide",
        "Human Interest->human mishap"
    ],
    "ai_allow": true,
    "has_canonical": false,
    "breaking": false,
    "webz_reporter": false,
    "external_links": [],
    "external_images": [],
    "internal_images": [],
    "entities": {
        "persons": [],
        "locations": [],
        "organizations": []
    },
    "syndication": {
        "syndicated": null,
        "syndicate_id": null,
        "first_syndicated": false
    },
    "trust": {
        "categories": [
            "fake_news"
        ],
        "top_news": [],
        "bias": "center",
        "source": {
            "type": null,
            "city": null,
            "state": null,
            "country": null,
            "domain_type": null,
            "agency": null,
            "organization_name": null
        }
    },
    "rating": null,
    "crawled": "2026-02-12T07:19:51.988+02:00",
    "updated": "2026-02-12T07:40:10.963+02:00"
}