{
    "thread": {
        "uuid": "9c77de1bfa914305dcdf734ced6a5012b0729eb0",
        "url": "https://hindi.news18.com/news/business/share-market-nifty-it-index-down-today-12th-feb-4-percent-why-it-shares-fall-know-reasons-ws-el-10175008.html",
        "site_full": "hindi.news18.com",
        "site": "news18.com",
        "site_section": "https://hindi.news18.com/commonfeeds/v1/hin/rss/text.xml",
        "site_categories": [
            "arts, culture and entertainment",
            "media",
            "lifestyle and leisure",
            "politics",
            "tech",
            "economy, business and finance",
            "human interest",
            "crime, law and justice",
            "health"
        ],
        "section_title": "Text News in Hindi, Text Latest News, Text News",
        "site_title": "News: Get Latest News Today, Breaking News, Top News Headlines, India and World News | News18",
        "title": "IT Stocks Crash| Why IT Shares Down| Nifty IT Index 4 Percent Down| Nifty IT Index Down| IT Shares Crash: सिर्फ एआई का खौफ नहीं...इन 3 वजहों से आज भरभरा कर गिरे आईटी स्टॉक्स - News18 हिंदी",
        "title_full": "IT Stocks Crash| Why IT Shares Down| Nifty IT Index 4 Percent Down| Nifty IT Index Down| IT Shares Crash: सिर्फ एआई का खौफ नहीं...इन 3 वजहों से आज भरभरा कर गिरे आईटी स्टॉक्स - News18 हिंदी",
        "published": "2026-02-12T06:43:00.000+02:00",
        "replies_count": 0,
        "participants_count": 1,
        "site_type": "news",
        "country": "IN",
        "main_image": "https://images.news18.com/ibnkhabar/uploads/2026/02/image-2026-02-629648fe52f5939d5699bc3b0e383956-16x9.jpg",
        "performance_score": 0,
        "domain_rank": 3556,
        "domain_rank_updated": "2026-02-08T23:00:00.000+02:00",
        "licensing_agency": [],
        "social": {
            "facebook": {
                "likes": 0,
                "comments": 0,
                "shares": 0
            },
            "vk": {
                "shares": 0
            }
        }
    },
    "uuid": "9c77de1bfa914305dcdf734ced6a5012b0729eb0",
    "url": "https://hindi.news18.com/news/business/share-market-nifty-it-index-down-today-12th-feb-4-percent-why-it-shares-fall-know-reasons-ws-el-10175008.html",
    "ord_in_thread": 0,
    "author": "@news18india",
    "published": "2026-02-12T06:43:00.000+02:00",
    "title": "IT Stocks Crash| Why IT Shares Down| Nifty IT Index 4 Percent Down| Nifty IT Index Down| IT Shares Crash: सिर्फ एआई का खौफ नहीं...इन 3 वजहों से आज भरभरा कर गिरे आईटी स्टॉक्स - News18 हिंदी",
    "text": "Nifty IT Index Crash: भारतीय शेयर बाजार में आज गिरावट के साथ कारोबार की शुरुआत की और तीन दिन की तेजी पर ब्रेक लग गया. शुरुआती कारोबार में आईटी शेयरों में बिकवाली के कारण सेंसेक्स और निफ्टी करीब आधा फीसदी नीचे आ गए. सुबह 9:21 बजे तक एसएंडपी बीएसई सेंसेक्स 401.41 अंक गिरकर 83,840.99 पर और एनएसई निफ्टी 50 भी 120.60 अंक टूटकर 25,833.25 पर पहुंच गया. बाजार में गिरावट की मुख्य वजह आईटी कंपनियों के शेयरों में आई कमजोरी रही.",
    "summary": null,
    "highlightText": "",
    "highlightTitle": "",
    "highlightThreadTitle": "",
    "language": "hindi",
    "sentiment": "negative",
    "categories": [
        "Economy, Business and Finance"
    ],
    "topics": [
        "Economy, Business and Finance->computing and information technology",
        "Economy, Business and Finance->financial and economic news",
        "Economy, Business and Finance->market and exchange"
    ],
    "ai_allow": true,
    "has_canonical": false,
    "breaking": false,
    "webz_reporter": false,
    "external_links": [],
    "external_images": [],
    "internal_images": [],
    "entities": {
        "persons": [],
        "locations": [],
        "organizations": []
    },
    "syndication": {
        "syndicated": null,
        "syndicate_id": null,
        "first_syndicated": false
    },
    "trust": {
        "categories": [
            "fake_news"
        ],
        "top_news": [],
        "bias": "center",
        "source": {
            "type": null,
            "city": null,
            "state": null,
            "country": null,
            "domain_type": null,
            "agency": null,
            "organization_name": null
        }
    },
    "rating": null,
    "crawled": "2026-02-12T07:19:56.631+02:00",
    "updated": "2026-02-12T07:53:07.219+02:00"
}