{
    "thread": {
        "uuid": "0e19fed81ec0673ed70c6a7c90db27c5764ef174",
        "url": "https://www.thedesertreview.com/news/airline-touts-39-fares-new-routes-in-bid-for-imperial-service/article_f5b93fe8-380c-4ca2-a93e-ef6a79297692.html",
        "site_full": "www.thedesertreview.com",
        "site": "thedesertreview.com",
        "site_section": "https://world.einnews.com/ajax/headlines",
        "site_categories": [
            "arts, culture and entertainment",
            "media",
            "war, conflict and unrest",
            "economy, business and finance",
            "crime, law and justice",
            "politics",
            "sport"
        ],
        "section_title": "",
        "site_title": "thedesertreview.com | Imperial Valley news that matters to you",
        "title": "Airline touts $39 fares, new routes in bid for Imperial service | News | thedesertreview.com",
        "title_full": "Airline touts $39 fares, new routes in bid for Imperial service | News | thedesertreview.com",
        "published": "2026-02-12T05:00:00.000+02:00",
        "replies_count": 0,
        "participants_count": 1,
        "site_type": "news",
        "country": "US",
        "main_image": "https://bloximages.newyork1.vip.townnews.com/thedesertreview.com/content/tncms/assets/v3/editorial/d/1f/d1f771c9-f63e-4a5b-94b2-586c5578809b/698cfd20111cb.image.jpg?crop=334%2C334%2C82%2C0&amp;resize=200%2C200&amp;order=crop%2Cresize",
        "performance_score": 0,
        "domain_rank": 398961,
        "domain_rank_updated": "2026-02-08T23:00:00.000+02:00",
        "licensing_agency": [],
        "social": {
            "facebook": {
                "likes": 0,
                "comments": 0,
                "shares": 0
            },
            "vk": {
                "shares": 0
            }
        }
    },
    "uuid": "0e19fed81ec0673ed70c6a7c90db27c5764ef174",
    "url": "https://www.thedesertreview.com/news/airline-touts-39-fares-new-routes-in-bid-for-imperial-service/article_f5b93fe8-380c-4ca2-a93e-ef6a79297692.html",
    "ord_in_thread": 0,
    "author": "Hannah Larson",
    "published": "2026-02-12T05:00:00.000+02:00",
    "title": "Airline touts $39 fares, new routes in bid for Imperial service | News | thedesertreview.com",
    "text": "EL CENTRO— Boutique Air gave a presentation to the Imperial County Board of Supervisors about its proposal to provide subsidized commercial air service to Imperial County during the regular board meeting on Tuesday, Feb. 10.\nEitan Spiegel, the Vice President of Commerce; Nadim El Khoury, the Director of Operations; and Katy Igarta, the Director of Marketing, presented on behalf of Boutique Air.\nSpiegel said Boutique Air,‑based in California, started as a fire-spotting company in Shasta County and is now located in San Francisco, with a main office in Marin County. Boutique Air has been primarily doing essential air service and charter service since 2013, Spiegel said.\nThe company flies a Pilatus PC‑12, a Swiss-built aircraft with an eight‑ to nine‑seat passenger configuration that cruises around 300 mph.\nSpiegel outlined three options in Boutique Air’s proposal — flights to Los Angeles International Airport, San Diego International Airport, and Henderson Executive Airport just south of Las Vegas, Nev. He highlighted the current utilization of the Imperial Airport as around 3,500–3,600 enplanements and said Boutique Air plans to double that figure and go beyond.\n“Once people realize that they can rely upon the service and depend on it to make their treatments, to make their appointments, to make their business meetings, they will use that service,” Spiegel said.\nThe company’s ticket price for a flight from Imperial to San Diego will start at $39 one way, with $49 vouchers available to offset the cost of flying on the EAS carrier. Spiegel said the company partners with United Airlines, and customers can buy a single ticket on the United Airlines website or app for their total journey, and bags transferring as needed.\nIn response to questions from the supervisors, the Boutique Air representatives confirmed that the airline would purchase fuel in Imperial County as well as hire and train local technicians and detailers.\nSupervisor Cardenas‑Singh said that a former airline, Southern Airways Express, operated nonstop flights between Imperial and Las Vegas, but that service was discontinued in late 2022. She cited multiple issues, including a bumpy flight pattern that caused the company to cancel the service.\nThe Boutique Air representatives said the flight pattern would not be a safety issue and that as long as pilots avoid military operations areas or restricted areas, the planes would be cleared to fly.\nIn late August 2025, the U.S. government sued Boutique Air, claiming the company did not conduct required drug and alcohol records checks on 21 employees hired into safety-sensitive positions, including mechanics, a pilot, and a ground safety coordinator.\nAccording to a press release from the U.S. Attorney’s Office in the Northern District of California, the Federal Aviation Administration concluded that Boutique Air violated federal regulations and sought a civil penalty of $291,417.\nBoutique Air is one of five airlines competing for the bid under the federal Essential Air Service program. The Board of Supervisors is expected to vote on the EAS contract at its Feb. 17 meeting.",
    "summary": "He highlighted the current utilization of the Imperial Airport as around 3,500–3,600 enplanements and said Boutique Air plans to double that figure and go beyond. The company’s ticket price for a flight from Imperial to San Diego will start at $39 one way, with $49 vouchers available to offset the cost of flying on the EAS carrier. In response to questions from the supervisors, the Boutique Air representatives confirmed that the airline would purchase fuel in Imperial County as well as hire and train local technicians and detailers.",
    "highlightText": "",
    "highlightTitle": "",
    "highlightThreadTitle": "",
    "language": "english",
    "sentiment": "neutral",
    "categories": [
        "Economy, Business and Finance"
    ],
    "topics": [
        "Economy, Business and Finance->transport"
    ],
    "ai_allow": false,
    "has_canonical": false,
    "breaking": null,
    "webz_reporter": false,
    "external_links": [],
    "external_images": [],
    "internal_images": [],
    "entities": {
        "persons": [
            {
                "name": "Nadim El Khoury",
                "sentiment": "none"
            },
            {
                "name": "Katy Igarta",
                "sentiment": "none"
            },
            {
                "name": "Eitan Spiegel",
                "sentiment": "none"
            }
        ],
        "locations": [
            {
                "name": "San Francisco",
                "sentiment": "none"
            },
            {
                "name": "Shasta County",
                "sentiment": "none"
            },
            {
                "name": "California",
                "sentiment": "none"
            },
            {
                "name": "Marin County",
                "sentiment": "none"
            }
        ],
        "organizations": [
            {
                "name": "Boutique Air",
                "sentiment": "none",
                "tickers": []
            },
            {
                "name": "Imperial County Board of Supervisors",
                "sentiment": "none",
                "tickers": []
            }
        ]
    },
    "syndication": {
        "syndicated": false,
        "syndicate_id": null,
        "first_syndicated": false
    },
    "trust": {
        "categories": [
            "fake_news"
        ],
        "top_news": [],
        "bias": "center",
        "source": {
            "type": "local_news",
            "city": [
                "Brawley"
            ],
            "state": [
                "California"
            ],
            "country": [
                "US"
            ],
            "domain_type": null,
            "agency": null,
            "organization_name": null
        }
    },
    "rating": null,
    "crawled": "2026-02-12T07:19:59.940+02:00",
    "updated": "2026-02-12T07:21:02.000+02:00"
}