{
    "thread": {
        "uuid": "7c596c8aa72725ed8004869c6c17fb1d79079c0f",
        "url": "https://hindi.news18.com/news/rajasthan/pali-pali-nehra-dam-chemical-water-farmers-crisis-rohat-ground-report-local18-10172594.html",
        "site_full": "hindi.news18.com",
        "site": "news18.com",
        "site_section": "https://hindi.news18.com/commonfeeds/v1/hin/rss/text.xml",
        "site_categories": [
            "arts, culture and entertainment",
            "media",
            "lifestyle and leisure",
            "politics",
            "tech",
            "economy, business and finance",
            "human interest",
            "crime, law and justice",
            "health"
        ],
        "section_title": "Text News in Hindi, Text Latest News, Text News",
        "site_title": "News: Get Latest News Today, Breaking News, Top News Headlines, India and World News | News18",
        "title": "नेहड़ा बांध पाली: केमिकल युक्त पानी से खेती बर्बाद | Nehra Dam Pali Chemical Water Farmers Crisis",
        "title_full": "नेहड़ा बांध पाली: केमिकल युक्त पानी से खेती बर्बाद | Nehra Dam Pali Chemical Water Farmers Crisis",
        "published": "2026-02-12T06:59:00.000+02:00",
        "replies_count": 0,
        "participants_count": 1,
        "site_type": "news",
        "country": "IN",
        "main_image": "https://images.news18.com/ibnkhabar/uploads/2026/02/HYP_5757222_cropped_11022026_100026_inshot_20260211_100008219__1-16x9.jpg",
        "performance_score": 0,
        "domain_rank": 3556,
        "domain_rank_updated": "2026-02-08T23:00:00.000+02:00",
        "licensing_agency": [],
        "social": {
            "facebook": {
                "likes": 0,
                "comments": 0,
                "shares": 0
            },
            "vk": {
                "shares": 0
            }
        }
    },
    "uuid": "7c596c8aa72725ed8004869c6c17fb1d79079c0f",
    "url": "https://hindi.news18.com/news/rajasthan/pali-pali-nehra-dam-chemical-water-farmers-crisis-rohat-ground-report-local18-10172594.html",
    "ord_in_thread": 0,
    "author": "@news18india",
    "published": "2026-02-12T06:59:00.000+02:00",
    "title": "नेहड़ा बांध पाली: केमिकल युक्त पानी से खेती बर्बाद | Nehra Dam Pali Chemical Water Farmers Crisis",
    "text": "News18 चुनें X Nehra Dam Pali Chemical Water Farmers Crisis: राजस्थान में आमतौर पर बांध का निर्माण किसानों की समृद्धि और खुशहाली का प्रतीक माना जाता है लेकिन पाली जिले का नेहड़ा बांध इसके बिल्कुल उलट साबित हुआ है. स्थानीय किसानों के लिए यह बांध किसी वरदान की जगह श्राप बन गया है क्योंकि इसमें आने वाले केमिकल युक्त जहरीले पानी ने उपजाऊ जमीन को पूरी तरह उजाड़ने का काम किया है. हालात इस कदर भयावह हैं कि क्षेत्र की करीब 4 हजार बीघा जमीन बंजर हो चुकी है और अब वहां कभी फसल लहलहाने की उम्मीद भी नजर नहीं आती. यही वजह है कि कल तक अपनी जमीन के मालिक रहे किसान आज दाने-दाने को मोहताज होकर मजदूरी करने पर मजबूर हैं.",
    "summary": null,
    "highlightText": "",
    "highlightTitle": "",
    "highlightThreadTitle": "",
    "language": "hindi",
    "sentiment": "negative",
    "categories": [
        "Health",
        "Environment"
    ],
    "topics": [
        "Health->medical condition",
        "Environment->water pollution",
        "Environment->sustainability"
    ],
    "ai_allow": true,
    "has_canonical": false,
    "breaking": false,
    "webz_reporter": false,
    "external_links": [],
    "external_images": [],
    "internal_images": [],
    "entities": {
        "persons": [],
        "locations": [],
        "organizations": []
    },
    "syndication": {
        "syndicated": null,
        "syndicate_id": null,
        "first_syndicated": false
    },
    "trust": {
        "categories": [
            "fake_news"
        ],
        "top_news": [],
        "bias": "center",
        "source": {
            "type": null,
            "city": null,
            "state": null,
            "country": null,
            "domain_type": null,
            "agency": null,
            "organization_name": null
        }
    },
    "rating": null,
    "crawled": "2026-02-12T07:20:06.976+02:00",
    "updated": "2026-02-12T07:40:18.780+02:00"
}