{
    "thread": {
        "uuid": "08faeb5e9e4081e31522a9b7aafaab4a7f391911",
        "url": "https://www.masrtimes.com/506130",
        "site_full": "www.masrtimes.com",
        "site": "masrtimes.com",
        "site_section": "https://www.masrtimes.com/rss.aspx",
        "site_categories": [],
        "section_title": "جميع الموضوعات",
        "site_title": null,
        "title": "بروتوكول بين \"كيان للريادة والتنمية\" و\"الاتحاد للتضامن \" لدعم الشباب",
        "title_full": "بروتوكول بين \"كيان للريادة والتنمية\" و\"الاتحاد للتضامن \" لدعم الشباب",
        "published": "2025-03-06T00:37:13.156+02:00",
        "replies_count": 0,
        "participants_count": 1,
        "site_type": "news",
        "country": "EG",
        "main_image": "https://www.masrtimes.com/UploadCache/libfiles/52/1/600x338o/180.jpeg",
        "performance_score": 0,
        "domain_rank": null,
        "domain_rank_updated": null,
        "social": {
            "facebook": {
                "likes": 0,
                "comments": 0,
                "shares": 0
            },
            "vk": {
                "shares": 0
            }
        }
    },
    "uuid": "08faeb5e9e4081e31522a9b7aafaab4a7f391911",
    "url": "https://www.masrtimes.com/506130",
    "ord_in_thread": 0,
    "parent_url": null,
    "author": "مصر تايمز",
    "published": "2025-03-06T00:37:13.156+02:00",
    "title": "بروتوكول بين \"كيان للريادة والتنمية\" و\"الاتحاد للتضامن \" لدعم الشباب",
    "text": "رياضة\nتحت رعاية وزير الشباب والرياضة\nبروتوكول بين \"كيان للريادة والتنمية\" و\"الاتحاد للتضامن \" لدعم الشباب\nتحت رعاية الدكتور أشرف صبحي وزير الشباب والرياضة، وفي خطوة جديدة نحو تعزيز التعاون بين مؤسسات المجتمع المدني، شهد مركز البحوث والدراسات التابع لمجلس الوحدة الاقتصادية العربية توقيع بروتوكول تعاون مشترك بين \"كيان شباب الوطن للريادة والتنمية\" التابع لوزارة الشباب والرياضة و\"الاتحاد العربي للتضامن الاجتماعي\"التابع لمجلس الوحدة الاقتصادية العربية بجامعة الدول العربية.\nحضر مراسم التوقيع السفير محمدي أحمد الني، الأمين العام لمجلس الوحدة الاقتصادية العربية، واللواء دكتور سمير المصري، أمين عام المقر الإقليمي بجمهورية مصر العربية، مهندس إسلام الشاملي رئيس كيان شباب الوطن للريادة والتنمية التابع لوزارة الشباب والرياضة\nإلى جانب عدد من رؤساء مجالس إدارات مؤسسات المجتمع المدني.\nيهدف هذا التعاون إلى تنفيذ فعاليات مشتركة تخدم الشباب المصري والعربي، وتعزز من دور المؤسسات المجتمعية في تحقيق التنمية المستدامة، بما يتماشى مع رؤية الدولة المصرية في دعم وتمكين الشباب.\nويأتي هذا البروتوكول ليؤكد على أهمية الشراكات الفعالة بين الكيانات الشبابية والمؤسسات الإقليمية لتعزيز العمل المشترك وتطوير برامج تنموية تخدم الأجيال القادمة.",
    "highlightText": "",
    "highlightTitle": "",
    "highlightThreadTitle": "",
    "language": "arabic",
    "sentiment": null,
    "categories": null,
    "topics": null,
    "ai_allow": true,
    "has_canonical": false,
    "breaking": false,
    "webz_reporter": false,
    "external_links": [],
    "external_images": [],
    "entities": {
        "persons": [],
        "locations": [],
        "organizations": []
    },
    "syndication": {
        "syndicated": null,
        "syndicate_id": null,
        "first_syndicated": false
    },
    "trust": {
        "categories": [
            "fake_news"
        ]
    },
    "rating": null,
    "crawled": "2025-03-06T00:37:13.156+02:00",
    "updated": "2025-03-06T00:37:13.156+02:00"
}