{
    "thread": {
        "uuid": "bfc082c9862b2378d1cb933e5cf73c2c93f551e9",
        "url": "https://www.breitbart.com/immigration/2025/03/05/trump-reforms-yield-several-arrests-illegals-taking-american-jobs",
        "site_full": "www.breitbart.com",
        "site": "breitbart.com",
        "site_section": "https://www.conservativenewsdaily.net",
        "site_categories": [
            "media",
            "law_government_and_politics",
            "politics",
            "top_news_us",
            "top_news"
        ],
        "section_title": "Conservative News Daily™ | News All in One Place",
        "site_title": null,
        "title": "Trump Reforms Yield Several Arrests of Illegals Taking American Jobs",
        "title_full": "Trump Reforms Yield Several Arrests of Illegals Taking American Jobs",
        "published": "2025-03-05T22:20:00.000+02:00",
        "replies_count": 55,
        "participants_count": 38,
        "site_type": "news",
        "country": "US",
        "main_image": "https://media.breitbart.com/media/2025/03/54363778251_16d11048f5_o-640x335.jpg",
        "performance_score": 0,
        "domain_rank": 1733,
        "domain_rank_updated": "2025-03-03T23:00:00.000+02:00",
        "social": {
            "facebook": {
                "likes": 0,
                "comments": 0,
                "shares": 0
            },
            "vk": {
                "shares": 0
            }
        }
    },
    "uuid": "08837432a91e6dac307305ceaebd5855cc9226bd",
    "url": "https://www.breitbart.com/immigration/2025/03/05/trump-reforms-yield-several-arrests-illegals-taking-american-jobs#post-53",
    "ord_in_thread": 53,
    "parent_url": null,
    "author": "Shaihulud1",
    "published": "2025-03-06T00:30:00.000+02:00",
    "title": "",
    "text": "Can I have your word on that, because you know how much that means to me...?",
    "highlightText": "",
    "highlightTitle": "",
    "highlightThreadTitle": "",
    "language": "english",
    "sentiment": null,
    "categories": null,
    "topics": null,
    "ai_allow": true,
    "has_canonical": false,
    "breaking": true,
    "webz_reporter": false,
    "external_links": null,
    "external_images": [],
    "entities": {
        "persons": [],
        "locations": [],
        "organizations": []
    },
    "syndication": {
        "syndicated": false,
        "syndicate_id": null,
        "first_syndicated": false
    },
    "trust": {
        "categories": [
            "fake_news"
        ]
    },
    "rating": null,
    "crawled": "2025-03-06T00:36:56.165+02:00",
    "updated": "2025-03-06T00:36:56.165+02:00"
}