{
    "thread": {
        "uuid": "cf0b821327a72c8e5a60a7637ebf4171f238c85a",
        "url": "https://www.masrtimes.com/506121",
        "site_full": "www.masrtimes.com",
        "site": "masrtimes.com",
        "site_section": "https://www.masrtimes.com/rss.aspx",
        "site_categories": [],
        "section_title": "جميع الموضوعات",
        "site_title": null,
        "title": "مصرع شقيقين في حادث تصادم مروع بأبو النمرس",
        "title_full": "مصرع شقيقين في حادث تصادم مروع بأبو النمرس",
        "published": "2025-03-06T00:37:28.371+02:00",
        "replies_count": 0,
        "participants_count": 1,
        "site_type": "news",
        "country": "EG",
        "main_image": "https://www.masrtimes.com/UploadCache/libfiles/52/0/600x338o/257.jpeg",
        "performance_score": 0,
        "domain_rank": null,
        "domain_rank_updated": null,
        "social": {
            "facebook": {
                "likes": 0,
                "comments": 0,
                "shares": 0
            },
            "vk": {
                "shares": 0
            }
        }
    },
    "uuid": "cf0b821327a72c8e5a60a7637ebf4171f238c85a",
    "url": "https://www.masrtimes.com/506121",
    "ord_in_thread": 0,
    "parent_url": null,
    "author": "مصر تايمز",
    "published": "2025-03-06T00:37:28.371+02:00",
    "title": "مصرع شقيقين في حادث تصادم مروع بأبو النمرس",
    "text": "حوادث\nمصرع شقيقين في حادث تصادم مروع بأبو النمرس\nالأربعاء 05/مارس/2025 - 11:52 م\nشهدت منطقة ترسا التابعة لمركز أبو النمرس بمحافظة الجيزة، حادث تصادم مروع بين سيارة ملاكي ودراجة نارية، أسفر عن مصرع شقيقين على الفور.\nكانت الأجهزة الأمنية بمديرية أمن الجيزة قد تلقت بلاغًا يُفيد بوقوع حادث تصادم بدائرة المركز، وعلى الفور، انتقلت قوة من الشرطة مدعومة بسيارات الإسعاف إلى موقع الحادث لإجراء المعاينة الأولية واتخاذ الإجراءات اللازمة.\nوتبين من الفحص والتحريات أن سيارة ملاكي اصطدمت بدراجة نارية كان يستقلها شقيقان، ما أدى إلى وفاتهما في الحال متأثرين بإصاباتهما البالغة.\nتم نقل الجثمانين إلى المشرحة تحت تصرف الجهات المختصة، فيما تم اتخاذ الإجراءات القانونية اللازمة حيال الواقعة، وجرى تحرير محضر بالحادث تمهيدًا لعرضه على النيابة العامة لمباشرة التحقيقات.",
    "highlightText": "",
    "highlightTitle": "",
    "highlightThreadTitle": "",
    "language": "arabic",
    "sentiment": null,
    "categories": null,
    "topics": null,
    "ai_allow": true,
    "has_canonical": false,
    "breaking": false,
    "webz_reporter": false,
    "external_links": [],
    "external_images": [],
    "entities": {
        "persons": [],
        "locations": [],
        "organizations": []
    },
    "syndication": {
        "syndicated": null,
        "syndicate_id": null,
        "first_syndicated": false
    },
    "trust": {
        "categories": [
            "fake_news"
        ]
    },
    "rating": null,
    "crawled": "2025-03-06T00:37:28.371+02:00",
    "updated": "2025-03-06T00:37:28.371+02:00"
}