{
    "thread": {
        "uuid": "bfc5c808eec77c772cb7d349b2bd9e92531fc3d1",
        "url": "https://news.ru/world/vesennee-vystuplenie-zaharova-syronizirovala-nad-slovami-makrona",
        "site_full": "news.ru",
        "site": "news.ru",
        "site_section": "https://news.ru/rss",
        "site_categories": [
            "under_construction",
            "top_news_ru",
            "top_news_ua",
            "top_news_il",
            "top_news"
        ],
        "section_title": "NEWS.ru",
        "site_title": null,
        "title": "«Весеннее выступление»: Захарова сыронизировала над словами Макрона",
        "title_full": "«Весеннее выступление»: Захарова сыронизировала над словами Макрона",
        "published": "2025-03-06T00:44:00.000+02:00",
        "replies_count": 0,
        "participants_count": 1,
        "site_type": "news",
        "country": "RU",
        "main_image": "https://images.news.ru/photo/0ac7b2fe-fa13-11ef-a684-ac1f6bad3ff4_760.jpg",
        "performance_score": 0,
        "domain_rank": 17659,
        "domain_rank_updated": "2025-03-03T23:00:00.000+02:00",
        "social": {
            "facebook": {
                "likes": 0,
                "comments": 0,
                "shares": 0
            },
            "vk": {
                "shares": 0
            }
        }
    },
    "uuid": "bfc5c808eec77c772cb7d349b2bd9e92531fc3d1",
    "url": "https://news.ru/world/vesennee-vystuplenie-zaharova-syronizirovala-nad-slovami-makrona",
    "ord_in_thread": 0,
    "parent_url": null,
    "author": "Виктория Бурбилова",
    "published": "2025-03-06T00:44:00.000+02:00",
    "title": "«Весеннее выступление»: Захарова сыронизировала над словами Макрона",
    "text": "Визит в Москву нового французского посла можно назвать странным на фоне последнего заявления президента страны Эммануэля Макрона об «угрозе» со стороны РФ, считает представитель МИД России Мария Захарова. В своем Telegram-канале она прокомментировала слова, озвученные французским лидером вечером 5 марта.\nСреди кандидатур на пост нового посла Франции СМИ называют постпреда этой страны при ООН дипломата Николя де Ривьера. Он до этого указывал, что рассчитывает на дальнейшее развитие отношений с Москвой. На фоне таких слов выступление Макрона получилось «по-настоящему весенним», считает Захарова.\nМакрон признался, что мир в Европе для Франции не в приоритете, что Россию они собираются «утихомирить», ну и остальное из этой же серии. Так зачем к нам едет посол Франции, хотелось бы уточнить еще раз? — обратила внимание дипломат.\nПрезидент Франции также назвал свою армию «самой мощной в Европе». Аналогично ранее свои вооруженные силы оценивал украинский лидер Владимир Зеленский.\nОчень важно, что эти двое нашли общее занятие по измерению, — иронично добавила Захарова.\nВо время своего выступления Макрон в очередной раз начал говорить о некой «агрессии» со стороны РФ. По его словам, «угроза» наблюдается на разных уровнях. Речь идет в том числе якобы о воздушном пространстве, социальных сетях и киберпространстве.",
    "highlightText": "",
    "highlightTitle": "",
    "highlightThreadTitle": "",
    "language": "russian",
    "sentiment": null,
    "categories": null,
    "topics": null,
    "ai_allow": true,
    "has_canonical": false,
    "breaking": true,
    "webz_reporter": false,
    "external_links": [
        "https://t.me/MariaVladimirovnaZakharova/9970",
        "https://www.t.me/MariaVladimirovnaZakharova/9970"
    ],
    "external_images": [],
    "entities": {
        "persons": [],
        "locations": [],
        "organizations": []
    },
    "syndication": {
        "syndicated": null,
        "syndicate_id": null,
        "first_syndicated": false
    },
    "trust": {
        "categories": [
            "fake_news"
        ]
    },
    "rating": null,
    "crawled": "2025-03-06T00:55:53.061+02:00",
    "updated": "2025-03-06T00:55:53.061+02:00"
}