{
    "thread": {
        "uuid": "393c56c2a314a529c830e8bee42d2f289561a9c5",
        "url": "http://business.bigspringherald.com/bigspringherald/article/bizwire-2025-3-5-trustar-bank-branch-now-open-in-arlington-va",
        "site_full": "business.bigspringherald.com",
        "site": "bigspringherald.com",
        "site_section": "http://business.bigspringherald.com/bigspringherald/markets/news",
        "site_categories": [
            "financial_news",
            "finance"
        ],
        "section_title": "Stock Market News | NSDQ, NYSE, and AMEX Stock Market News, Market News Categories, Market Indicators | User | bigspringherald.com ",
        "site_title": null,
        "title": "Trustar Bank Branch NOW OPEN in Arlington, VA | User | bigspringherald.com",
        "title_full": "Trustar Bank Branch NOW OPEN in Arlington, VA | User | bigspringherald.com",
        "published": "2025-03-06T00:10:00.000+02:00",
        "replies_count": 0,
        "participants_count": 1,
        "site_type": "news",
        "country": "US",
        "main_image": "",
        "performance_score": 0,
        "domain_rank": 97077,
        "domain_rank_updated": "2025-03-03T23:00:00.000+02:00",
        "social": {
            "facebook": {
                "likes": 0,
                "comments": 0,
                "shares": 0
            },
            "vk": {
                "shares": 0
            }
        }
    },
    "uuid": "393c56c2a314a529c830e8bee42d2f289561a9c5",
    "url": "http://business.bigspringherald.com/bigspringherald/article/bizwire-2025-3-5-trustar-bank-branch-now-open-in-arlington-va",
    "ord_in_thread": 0,
    "parent_url": null,
    "author": "The Big Spring Herald",
    "published": "2025-03-06T00:10:00.000+02:00",
    "title": "Trustar Bank Branch NOW OPEN in Arlington, VA | User | bigspringherald.com",
    "text": "Trustar Bank has opened its newest branch location, and first in Arlington, Virginia, at 3033 Wilson Blvd, Suite 700 Arlington VA 22201.\n\"We are excited to offer an in-person banking experience for our Arlington based customers,” stated Shaza Andersen, CEO of Trustar Bank. \"This office will allow us to serve new and current clients who work or reside in the County and we look forward to strengthening our ties within the community.\"\nThe location, situated in the heart of Clarendon, offers clients convenient, by appointment only, access to the services and expertise they have come to know and expect from Trustar Bank.\nSince the Bank launched in 2019, Wilson Boulevard is the fourth Trustar Bank location in Northern Virginia and the seventh location in the Greater Washington market, joining locations in Washington D.C., Reston, Great Falls, and Tysons, VA and Potomac and Bethesda, MD.\nAbout the Bank - Trustar Bank is a full-service bank offering comprehensive banking products and services to small- and medium-sized businesses and consumers. For more information, please visit Trustar Bank online at trustarbank.com .\nView source version on businesswire.com: https://www.businesswire.com/news/home/20250305077833/en/\nContacts Media Contacts\nShaza Andersen\nChief Executive Officer\nsandersen@trustarbank.com\nStock Quote API & Stock News API supplied by www.cloudquote.io\nQuotes delayed at least 20 minutes.\nBy accessing this page, you agree to the following\nPrivacy Policy and Terms and Conditions .",
    "highlightText": "",
    "highlightTitle": "",
    "highlightThreadTitle": "",
    "language": "english",
    "sentiment": "positive",
    "categories": [
        "Economy, Business and Finance",
        "Human Interest",
        "Social Issue"
    ],
    "topics": [
        "Economy, Business and Finance->financial service",
        "Economy, Business and Finance->business service",
        "Social Issue->communities",
        "Social Issue->demographics",
        "Social Issue->social services"
    ],
    "ai_allow": true,
    "has_canonical": false,
    "breaking": false,
    "webz_reporter": false,
    "external_links": [
        "https://www.businesswire.com/news/home/20250305077833/en/",
        "https://images.financialcontent.com/investcenter/fcon_dark.svg",
        "https://markets.financialcontent.com/stocks",
        "https://www.cloudquote.io",
        "https://cts.businesswire.com/ct/CT?id=bwnews&sty=20250305077833r1&sid=fincn&distro=ftp",
        "https://www.googletagmanager.com/gtag/js?id=UA-8590502-3",
        "https://cts.businesswire.com/ct/CT?id=smartlink&url=https%3A%2F%2Fwww.trustarbank.com%2F&esheet=54219822&newsitemid=20250305077833&lan=en-US&anchor=trustarbank.com&index=1&md5=99007c3bf2ea189d5c85e4b3ac30f31d",
        "https://www.cloudquote.io/article/5",
        "https://www.cloudquote.io/article/6",
        "https://www.googletagmanager.com/gtag/js",
        "https://cloudquote.io/article/5",
        "https://www.markets.financialcontent.com/stocks",
        "https://www.cts.businesswire.com/ct/CT?id=smartlink&url=https%3A%2F%2Fwww.trustarbank.com%2F&esheet=54219822&newsitemid=20250305077833&lan=en-US&anchor=trustarbank.com&index=1&md5=99007c3bf2ea189d5c85e4b3ac30f31d",
        "https://cloudquote.io/article/6",
        "https://www.images.financialcontent.com/investcenter/fcon_dark.svg",
        "https://cloudquote.io",
        "https://googletagmanager.com/gtag/js?id=UA-8590502-3",
        "https://businesswire.com/news/home/20250305077833/en/",
        "https://cts.businesswire.com/ct/CT",
        "https://www.cts.businesswire.com/ct/CT?id=bwnews&sty=20250305077833r1&sid=fincn&distro=ftp",
        "https://www.businesswire.com/news/home/20250305077833/en"
    ],
    "external_images": [],
    "entities": {
        "persons": [
            {
                "name": "Wilson",
                "sentiment": "negative"
            }
        ],
        "locations": [
            {
                "name": "Clarendon",
                "sentiment": "none"
            },
            {
                "name": "Boulevard",
                "sentiment": "none"
            },
            {
                "name": "D.C.",
                "sentiment": "none"
            }
        ],
        "organizations": [
            {
                "name": "Trustar Bank Branch",
                "sentiment": "negative",
                "tickers": []
            },
            {
                "name": "Bank - Trustar Bank",
                "sentiment": "none",
                "tickers": []
            }
        ]
    },
    "syndication": {
        "syndicated": false,
        "syndicate_id": null,
        "first_syndicated": false
    },
    "trust": {
        "categories": [
            "fake_news"
        ]
    },
    "rating": null,
    "crawled": "2025-03-06T00:19:26.528+02:00",
    "updated": "2025-03-06T00:19:26.528+02:00"
}