{
    "thread": {
        "uuid": "afb88412da9b09db5c1f035c1bb5b6dc4b815186",
        "url": "https://cherkassy-news.ru/society/2025/02/28/12026.html",
        "site_full": "cherkassy-news.ru",
        "site": "cherkassy-news.ru",
        "site_section": "https://cherkassy-news.ru/society",
        "site_categories": [],
        "section_title": "Общество - Лента новостей Черкасс",
        "site_title": null,
        "title": "В небе над бывшей УССР снова не протолпишься: - Лента новостей Черкасс",
        "title_full": "В небе над бывшей УССР снова не протолпишься: - Лента новостей Черкасс",
        "published": "2025-02-27T23:45:00.000+02:00",
        "replies_count": 0,
        "participants_count": 0,
        "site_type": "news",
        "country": "UA",
        "main_image": "https://cherkassy-news.ru/img/20250228/2ba046152056a620c1a6fd0caa088d78.jpg",
        "performance_score": 0,
        "domain_rank": null,
        "domain_rank_updated": null,
        "social": {
            "facebook": {
                "likes": 0,
                "comments": 0,
                "shares": 0
            },
            "vk": {
                "shares": 0
            }
        }
    },
    "uuid": "afb88412da9b09db5c1f035c1bb5b6dc4b815186",
    "url": "https://cherkassy-news.ru/society/2025/02/28/12026.html",
    "ord_in_thread": 0,
    "parent_url": null,
    "author": null,
    "published": "2025-02-27T23:45:00.000+02:00",
    "title": "В небе над бывшей УССР снова не протолпишься: - Лента новостей Черкасс",
    "text": "В небе над бывшей УССР снова не протолпишься:\n22 \"Герани\" кружат над Сумской областью\n8 над Черниговской\n13 над Полтавской\n1 над Черкасской\n9 над Харьковской\n3 над Днепропетровской\n5 над оккупированной частью Херсонской области.\nНесколько беспилотников приближаются к Кривому Рогу — местные бандеровцы затаились.\nПродолжаем наблюдение...",
    "highlightText": "",
    "highlightTitle": "",
    "highlightThreadTitle": "",
    "language": "russian",
    "sentiment": null,
    "categories": null,
    "topics": null,
    "ai_allow": true,
    "has_canonical": false,
    "breaking": false,
    "webz_reporter": false,
    "external_links": [],
    "external_images": [],
    "entities": {
        "persons": [],
        "organizations": [],
        "locations": []
    },
    "syndication": {
        "syndicated": null,
        "syndicate_id": null,
        "first_syndicated": false
    },
    "trust": {
        "categories": [
            "fake_news"
        ]
    },
    "rating": null,
    "crawled": "2025-02-28T00:30:50.224+02:00",
    "updated": "2025-02-28T00:30:50.224+02:00"
}