{
    "thread": {
        "uuid": "926253479a0eba5143ca933f746fd98a919501cb",
        "url": "https://www.thegatewaypundit.com/2025/02/wayne-root-criminal-case-against-barack-obama-part",
        "site_full": "www.thegatewaypundit.com",
        "site": "thegatewaypundit.com",
        "site_section": "https://obama.einnews.com/rss",
        "site_categories": [
            "social",
            "top_news_us",
            "top_news"
        ],
        "section_title": "Barack Obama News",
        "site_title": null,
        "title": "WAYNE ROOT: THE CRIMINAL CASE AGAINST BARACK OBAMA- PART 2 | The Gateway Pundit | by Assistant Editor",
        "title_full": "WAYNE ROOT: THE CRIMINAL CASE AGAINST BARACK OBAMA- PART 2 | The Gateway Pundit | by Assistant Editor",
        "published": "2025-02-27T23:00:00.000+02:00",
        "replies_count": 100,
        "participants_count": 62,
        "site_type": "news",
        "country": "US",
        "main_image": "https://www.thegatewaypundit.com/wp-content/uploads/Obama-2-4.jpg",
        "performance_score": 0,
        "domain_rank": 5715,
        "domain_rank_updated": "2025-02-24T23:00:00.000+02:00",
        "social": {
            "facebook": {
                "likes": 0,
                "comments": 0,
                "shares": 0
            },
            "vk": {
                "shares": 0
            }
        }
    },
    "uuid": "da706e416731de4f9d0d43e1fb528282d8f770f1",
    "url": "https://www.thegatewaypundit.com/2025/02/wayne-root-criminal-case-against-barack-obama-part#post-55",
    "ord_in_thread": 55,
    "parent_url": null,
    "author": "ladyjane3660",
    "published": "2025-02-27T23:32:00.000+02:00",
    "title": "",
    "text": "Who has the higher body count Hillary or The Kenyan?!?...",
    "highlightText": "",
    "highlightTitle": "",
    "highlightThreadTitle": "",
    "language": "english",
    "sentiment": null,
    "categories": null,
    "topics": null,
    "ai_allow": true,
    "has_canonical": false,
    "breaking": true,
    "webz_reporter": false,
    "external_links": null,
    "external_images": [],
    "entities": {
        "persons": [],
        "organizations": [],
        "locations": []
    },
    "syndication": {
        "syndicated": false,
        "syndicate_id": null,
        "first_syndicated": false
    },
    "trust": {
        "categories": [
            "fake_news"
        ]
    },
    "rating": null,
    "crawled": "2025-02-28T00:03:41.946+02:00",
    "updated": "2025-02-28T21:53:17.471+02:00"
}