{
    "thread": {
        "uuid": "889ec718dab435ffdca4ea210075be973e4020e3",
        "url": "https://www.oann.com/newsroom/13-injured-in-terror-attack-in-israel-after-car-rams-into-bus-stop",
        "site_full": "www.oann.com",
        "site": "oann.com",
        "site_section": "https://dailytruthreport.com/rss",
        "site_categories": [
            "media"
        ],
        "section_title": "Daily Truth Report • DailyTruthReport.com",
        "site_title": null,
        "title": "13 Injured In Terror Attack In Israel After Car Rams Into Bus Stop - One America News Network",
        "title_full": "13 Injured In Terror Attack In Israel After Car Rams Into Bus Stop - One America News Network",
        "published": "2025-02-27T15:19:00.000+02:00",
        "replies_count": 0,
        "participants_count": 0,
        "site_type": "news",
        "country": "US",
        "main_image": "https://www.oann.com/wp-content/uploads/2025/02/GettyImages-2201631139-e1740690112480.jpg",
        "performance_score": 0,
        "domain_rank": 21521,
        "domain_rank_updated": "2025-02-24T23:00:00.000+02:00",
        "social": {
            "facebook": {
                "likes": 0,
                "comments": 0,
                "shares": 0
            },
            "vk": {
                "shares": 0
            }
        }
    },
    "uuid": "889ec718dab435ffdca4ea210075be973e4020e3",
    "url": "https://www.oann.com/newsroom/13-injured-in-terror-attack-in-israel-after-car-rams-into-bus-stop",
    "ord_in_thread": 0,
    "parent_url": null,
    "author": null,
    "published": "2025-02-27T15:19:00.000+02:00",
    "title": "13 Injured In Terror Attack In Israel After Car Rams Into Bus Stop - One America News Network",
    "text": "OAN Staff James Meyers\n1:20 PM – Thursday, February 27, 2025\nThirteen people were left wounded, including one in critical condition, after a car rammed into a bus stop near the Karkur Junction — in what authorities are calling a terrorist attack.\nEli Bin, the director-general of the Magen David Adom emergency response group, announced that paramedics have treated multiple injuries.\nThe victim suffering from severe wounds is a 17-year-old girl, MDA confirmed.\nThe terrorist, a 52-year-old Palestinian from Jenin, tried to flee the scene in his vehicle — but was killed near Gan Shmuel after ramming into a police patrol car.\nIsrael Police spokesperson Aryeh Doron told the Channel 12 news channel that “after carrying out the car-ramming at the bus stop, the terrorist drove another few hundred meters, hitting an officer and his car.”\nIt was also revealed that the terrorist was illegally residing in Israel while married to an Arab citizen of the Jewish State.\nParamedic Avi Cohen said: “We arrived at a complex scene where there was a lot of commotion after a vehicle hit several pedestrians.\n“We immediately began providing medical treatment to all the injured, which included stopping bleeding and applying bandages, loading them unto ambulances and mobile intensive care units and quickly evacuating them to Hillel Yaffe Medical Center in Hadera,” Cohen added.\nHamas commented on the incident, saying that the attack was a “natural, heroic response to the brutal aggression and ongoing crimes” committed by Israel.\nThe latest attack also comes after explosives were found on five buses in the cities of Bat Yam and Holon, south of Tel Aviv, on February 20th, which authorities called “an attempt to perpetrate a series of terrorist attacks with mass casualties.” No one was wounded by those explosives.\nStay informed! Receive breaking news blasts directly to your inbox for free. Subscribe here. https://www.oann.com/alerts",
    "highlightText": "",
    "highlightTitle": "",
    "highlightThreadTitle": "",
    "language": "english",
    "sentiment": "negative",
    "categories": [
        "Crime, Law and Justice",
        "Social Issue",
        "Health"
    ],
    "topics": [
        "Crime, Law and Justice->terrorism",
        "Social Issue->social condition",
        "Social Issue->juvenile delinquency",
        "Health->public health",
        "Health->government health care",
        "Health->injury"
    ],
    "ai_allow": true,
    "has_canonical": false,
    "breaking": false,
    "webz_reporter": false,
    "external_links": [],
    "external_images": [],
    "entities": {
        "persons": [],
        "organizations": [],
        "locations": []
    },
    "syndication": {
        "syndicated": false,
        "syndicate_id": null,
        "first_syndicated": false
    },
    "trust": {
        "categories": [
            "fake_news"
        ]
    },
    "rating": null,
    "crawled": "2025-02-28T00:18:52.463+02:00",
    "updated": "2025-02-28T00:18:52.463+02:00"
}