{
    "thread": {
        "uuid": "7776449c17d1a5a0e2724da6b5bc95cbc39be2c3",
        "url": "https://tyumen-news.net/society/2025/11/13/547571.html",
        "site_full": "tyumen-news.net",
        "site": "tyumen-news.net",
        "site_section": "https://tyumen-news.net/society",
        "site_categories": [
            "media"
        ],
        "section_title": "Общество - Лента новостей Тюмени",
        "site_title": "Лента новостей Тюмени",
        "title": "На Всероссийском кадровом форуме обсудят будущее рынка труда - Лента новостей Тюмени",
        "title_full": "На Всероссийском кадровом форуме обсудят будущее рынка труда - Лента новостей Тюмени",
        "published": "2025-11-13T07:09:00.000+02:00",
        "replies_count": 0,
        "participants_count": 1,
        "site_type": "news",
        "country": "RU",
        "main_image": "https://tyumen-news.net/img/20251113/42906de990252969dc4b2d42567d0e20_o.jpg",
        "performance_score": 0,
        "domain_rank": null,
        "domain_rank_updated": null,
        "licensing_agency": [],
        "social": {
            "facebook": {
                "likes": 0,
                "comments": 0,
                "shares": 0
            },
            "vk": {
                "shares": 0
            }
        }
    },
    "uuid": "7776449c17d1a5a0e2724da6b5bc95cbc39be2c3",
    "url": "https://tyumen-news.net/society/2025/11/13/547571.html",
    "ord_in_thread": 0,
    "author": "Тюменская линия",
    "published": "2025-11-13T07:09:00.000+02:00",
    "title": "На Всероссийском кадровом форуме обсудят будущее рынка труда - Лента новостей Тюмени",
    "text": "Всероссийский кадровый форум пройдет на ВДНХ 3–4 декабря. Он соберёт представителей федеральных и региональных органов власти, крупнейших работодателей, HR-сообщества, университетов, а также отраслевых ассоциаций и объединений.\nФорум откроется пленарным заседанием с участием руководителей федеральных органов власти, на котором будут впервые представлены основные тренды рынка труда на ближайшие семь лет, сообщает правительство РФ.\n\"Всероссийский кадровый форум – часть национального проекта \"Кадры\", он приурочен к подведению итогов Всероссийского конкурса профессионального мастерства \"Лучший по профессии\". На полях форума пройдёт заседание совета при президенте по профессиональным квалификациям. Здесь будут представлены основные тренды, которые мы видим, подготавливая прогноз кадровой потребности на семилетнюю перспективу. На площадке форума соберутся отраслевые ведомства, региональные команды, работодатели. Это станет своеобразным подведением итогов года для рынка труда, площадкой, где мы можем обменяться своим видением перспектив\", – отметила заместитель председателя правительства, председатель организационного комитета конкурса \"Лучший по профессии\" Татьяна Голикова.\nВсероссийский кадровый форум рассчитан и на молодёжную аудиторию. Школьники и студенты смогут пройти профориентацию, попробовать себя в востребованных профессиях будущего, а также получить помощь карьерных консультантов.\n\"Двухдневная деловая программа состоит из 40 мероприятий. В рамках форума будут обсуждаться вопросы отраслевого кадрового обеспечения, дополнительного образования и, конечно, работы с молодёжью. В текущих условиях наш главный кадровый резерв – это молодёжь. Вопросы формирования кадрового резерва актуальны практически для каждой крупной компании. Поэтому отдельное направление деловой программы для HR-специалистов посвящено именно этому\", – отметил министр труда и социальной защиты Антон Котяков.\nЗарегистрироваться на Всероссийский кадровый форум можно по ссылке.",
    "highlightText": "",
    "highlightTitle": "",
    "highlightThreadTitle": "",
    "language": "russian",
    "sentiment": null,
    "categories": null,
    "topics": null,
    "ai_allow": true,
    "has_canonical": false,
    "breaking": false,
    "webz_reporter": false,
    "external_links": [
        "https://lpp.trudvsem.ru/forum",
        "https://www.lpp.trudvsem.ru/forum"
    ],
    "external_images": [],
    "internal_images": [],
    "entities": {
        "persons": [],
        "locations": [],
        "organizations": []
    },
    "syndication": {
        "syndicated": null,
        "syndicate_id": null,
        "first_syndicated": false
    },
    "trust": {
        "categories": [
            "fake_news"
        ],
        "top_news": [],
        "bias": null,
        "source": {
            "type": null,
            "city": null,
            "state": null,
            "country": null,
            "domain_type": null,
            "agency": null,
            "organization_name": null
        }
    },
    "rating": null,
    "crawled": "2025-11-13T07:22:07.045+02:00",
    "updated": "2025-11-13T07:22:07.045+02:00"
}