{
    "thread": {
        "uuid": "67bf549471e5e9f8f06e0030653a9608ee10c68c",
        "url": "https://www.thegatewaypundit.com/2025/11/italian-prosecutors-launch-shocking-investigation-sniper-safaris-where/",
        "site_full": "www.thegatewaypundit.com",
        "site": "thegatewaypundit.com",
        "site_section": "https://www.thegatewaypundit.com/rss",
        "site_categories": [
            "social",
            "top_news_us",
            "top_news"
        ],
        "section_title": "The Gateway Pundit",
        "site_title": "The Gateway Pundit",
        "title": "Italian Prosecutors Launch Shocking Investigation into 'Sniper Safaris,' Where Westerners Allegedly Paid to Shoot Sarajevo Civilians, Including Children, During Bosnian War | The Gateway Pundit | by Cassandra MacDonald",
        "title_full": "Italian Prosecutors Launch Shocking Investigation into 'Sniper Safaris,' Where Westerners Allegedly Paid to Shoot Sarajevo Civilians, Including Children, During Bosnian War | The Gateway Pundit | by Cassandra MacDonald",
        "published": "2025-11-13T05:00:00.000+02:00",
        "replies_count": 100,
        "participants_count": 77,
        "site_type": "news",
        "country": "US",
        "main_image": "https://www.thegatewaypundit.com/wp-content/uploads/2025/11/1-8.jpg",
        "performance_score": 0,
        "domain_rank": 12208,
        "domain_rank_updated": "2025-10-26T23:00:00.000+02:00",
        "licensing_agency": [],
        "social": {
            "facebook": {
                "likes": 0,
                "comments": 0,
                "shares": 0
            },
            "vk": {
                "shares": 0
            }
        }
    },
    "uuid": "678a2bd5ea6c38842a549a50140d0f18c3f71539",
    "url": "https://www.thegatewaypundit.com/2025/11/italian-prosecutors-launch-shocking-investigation-sniper-safaris-where/#post-99",
    "ord_in_thread": 99,
    "author": "Bo Andrew",
    "published": "2025-11-13T05:54:00.000+02:00",
    "title": "",
    "text": "The minute I heard “if true” it turned into a BS story. Sounds to me like they are attempting to demonize America while they scoff at our 2nd Amendment. Let me guess…..”anonymous sources” say that Donald Trump was the bag man for the entire enterprise. Weekly World News was far more credible than these hacks.",
    "highlightText": "",
    "highlightTitle": "",
    "highlightThreadTitle": "",
    "language": "english",
    "sentiment": null,
    "categories": null,
    "topics": null,
    "ai_allow": true,
    "has_canonical": false,
    "breaking": null,
    "webz_reporter": false,
    "external_links": null,
    "external_images": null,
    "internal_images": null,
    "entities": {
        "persons": [],
        "locations": [],
        "organizations": []
    },
    "syndication": {
        "syndicated": false,
        "syndicate_id": null,
        "first_syndicated": false
    },
    "trust": {
        "categories": [
            "fake_news"
        ],
        "top_news": [
            "top_news_us",
            "top_news"
        ],
        "bias": "right",
        "source": {
            "type": null,
            "city": null,
            "state": null,
            "country": null,
            "domain_type": null,
            "agency": null,
            "organization_name": null
        }
    },
    "rating": null,
    "crawled": "2025-11-13T07:23:13.000+02:00",
    "updated": "2025-11-13T07:23:13.000+02:00"
}