{
    "thread": {
        "uuid": "344a6d4fa11d8fb41678ef124ce5f87016ca0f46",
        "url": "https://crimea-news.com/society/2025/11/13/1824357.html",
        "site_full": "crimea-news.com",
        "site": "crimea-news.com",
        "site_section": "https://crimea-news.com/society/2024/11/20/1520087.html",
        "site_categories": [
            "media"
        ],
        "section_title": "В Керчи сотрудники Центра по борьбе с экстремизмом МВД России совместно с Пограничным управлением ФСБ задержали 60-летнюю жительницу Феодосии Ирину Владимирову - Лента новостей Крыма",
        "site_title": "Лента новостей Крыма - последние новости Крыма оперативно",
        "title": "Российские силы ПВО за ночь сбили 130 украинских беспилотников, сообщили в Минобороны России - Лента новостей Крыма",
        "title_full": "Российские силы ПВО за ночь сбили 130 украинских беспилотников, сообщили в Минобороны России - Лента новостей Крыма",
        "published": "2025-11-13T07:21:00.000+02:00",
        "replies_count": 0,
        "participants_count": 1,
        "site_type": "news",
        "country": "RU",
        "main_image": "https://cdn-crimea-news.com/img/20251113/1b7a42a2306e8d2635ff3046c3964753.jpg",
        "performance_score": 0,
        "domain_rank": 214370,
        "domain_rank_updated": "2025-10-26T23:00:00.000+02:00",
        "licensing_agency": [],
        "social": {
            "facebook": {
                "likes": 0,
                "comments": 0,
                "shares": 0
            },
            "vk": {
                "shares": 0
            }
        }
    },
    "uuid": "344a6d4fa11d8fb41678ef124ce5f87016ca0f46",
    "url": "https://crimea-news.com/society/2025/11/13/1824357.html",
    "ord_in_thread": 0,
    "author": "WarDonbass",
    "published": "2025-11-13T07:21:00.000+02:00",
    "title": "Российские силы ПВО за ночь сбили 130 украинских беспилотников, сообщили в Минобороны России - Лента новостей Крыма",
    "text": "Российские силы ПВО за ночь сбили 130 украинских беспилотников, сообщили в Минобороны России.\nПо 32 — над Курской и Белгородской областями.\n- 20 — над Воронежской областью.\n- 17 — над Черным морем.\n- семь — над Республикой Крым.\n- шесть — над Орловской областью.\n- пять — над Краснодарским краем.\n- четыре — над Тамбовской областью.\n- три — над Ростовской областью.\n- два — над Брянской областью.\n- По одному — над Тульской областью и Московским регионом.",
    "highlightText": "",
    "highlightTitle": "",
    "highlightThreadTitle": "",
    "language": "russian",
    "sentiment": null,
    "categories": null,
    "topics": null,
    "ai_allow": true,
    "has_canonical": false,
    "breaking": false,
    "webz_reporter": false,
    "external_links": [],
    "external_images": [],
    "internal_images": [],
    "entities": {
        "persons": [],
        "locations": [],
        "organizations": []
    },
    "syndication": {
        "syndicated": null,
        "syndicate_id": null,
        "first_syndicated": false
    },
    "trust": {
        "categories": [
            "fake_news"
        ],
        "top_news": [],
        "bias": null,
        "source": {
            "type": null,
            "city": null,
            "state": null,
            "country": null,
            "domain_type": null,
            "agency": null,
            "organization_name": null
        }
    },
    "rating": null,
    "crawled": "2025-11-13T07:25:47.714+02:00",
    "updated": "2025-11-13T07:25:47.714+02:00"
}