{
    "thread": {
        "uuid": "02d0f77807e98eef4cd2e1024b11a985427598e4",
        "url": "https://kirov-news.net/society/2025/11/13/511655.html",
        "site_full": "kirov-news.net",
        "site": "kirov-news.net",
        "site_section": "https://kirov-news.net/rss/news",
        "site_categories": [],
        "section_title": "Лента новостей Кирова",
        "site_title": "Лента новостей Кирова",
        "title": "В Кировской области аннулировали 15 охотничьих билетов",
        "title_full": "В Кировской области аннулировали 15 охотничьих билетов",
        "published": "2025-11-13T07:10:00.000+02:00",
        "replies_count": 0,
        "participants_count": 1,
        "site_type": "news",
        "country": "RU",
        "main_image": "https://kirov-news.net/img/20251113/a45fe02d630c8f3f79d986b86b28aa98_o.jpg",
        "performance_score": 0,
        "domain_rank": null,
        "domain_rank_updated": null,
        "licensing_agency": [],
        "social": {
            "facebook": {
                "likes": 0,
                "comments": 0,
                "shares": 0
            },
            "vk": {
                "shares": 0
            }
        }
    },
    "uuid": "02d0f77807e98eef4cd2e1024b11a985427598e4",
    "url": "https://kirov-news.net/society/2025/11/13/511655.html",
    "ord_in_thread": 0,
    "author": "Newsler.ru",
    "published": "2025-11-13T07:10:00.000+02:00",
    "title": "В Кировской области аннулировали 15 охотничьих билетов",
    "text": "В октябре министерство охраны окружающей среды выдало 12 охотничьих билетов единого федерального образца. В то же время у 15 граждан документы были аннулированы.\n10 охотников отказались от билетов по собственному желанию. Еще пять потеряли право на их использование из-за непогашенной или неснятой судимости.\nВ ведомстве напомнили, что получить или заменить охотничий билет можно через портал госуслуг, в центрах «Мои документы» или лично в министерстве на Никитской, 82 (12 кабинет).",
    "highlightText": "",
    "highlightTitle": "",
    "highlightThreadTitle": "",
    "language": "russian",
    "sentiment": null,
    "categories": null,
    "topics": null,
    "ai_allow": true,
    "has_canonical": false,
    "breaking": false,
    "webz_reporter": false,
    "external_links": [],
    "external_images": [],
    "internal_images": [],
    "entities": {
        "persons": [],
        "locations": [],
        "organizations": []
    },
    "syndication": {
        "syndicated": null,
        "syndicate_id": null,
        "first_syndicated": false
    },
    "trust": {
        "categories": [
            "fake_news"
        ],
        "top_news": [],
        "bias": null,
        "source": {
            "type": null,
            "city": null,
            "state": null,
            "country": null,
            "domain_type": null,
            "agency": null,
            "organization_name": null
        }
    },
    "rating": null,
    "crawled": "2025-11-13T07:21:29.301+02:00",
    "updated": "2025-11-13T07:21:29.301+02:00"
}