{
    "thread": {
        "uuid": "ab94af566f6aa7af011721edf8a495e2644097fa",
        "url": "https://www.jamestownpress.com/articles/playground-at-heads-beach-proposed/",
        "site_full": "www.jamestownpress.com",
        "site": "jamestownpress.com",
        "site_section": "https://news.google.com/search?q=is%20when%3A1h&hl=en-US&gl=US&ceid=US%3Aen",
        "site_categories": [
            "media"
        ],
        "section_title": "Google News - Search",
        "site_title": "The Jamestown Press",
        "title": "Playground at Head's Beach proposed",
        "title_full": "Playground at Head's Beach proposed",
        "published": "2025-11-13T07:00:00.000+02:00",
        "replies_count": 0,
        "participants_count": 1,
        "site_type": "news",
        "country": "US",
        "main_image": "https://www.jamestownpress.com/wp-content/uploads/images/2025-11-13/1p1.jpg",
        "performance_score": 0,
        "domain_rank": null,
        "domain_rank_updated": null,
        "licensing_agency": [],
        "social": {
            "facebook": {
                "likes": 0,
                "comments": 0,
                "shares": 0
            },
            "vk": {
                "shares": 0
            }
        }
    },
    "uuid": "ab94af566f6aa7af011721edf8a495e2644097fa",
    "url": "https://www.jamestownpress.com/articles/playground-at-heads-beach-proposed/",
    "ord_in_thread": 0,
    "author": "ohtadmin",
    "published": "2025-11-13T07:00:00.000+02:00",
    "title": "Playground at Head's Beach proposed",
    "text": "A proposal to install a playground at Head’s Beach has taken its first swing toward fruition.\nThe director of parks and recreation, Ray DeFalco, was authorized to apply for a $125,000 grant through the Rhode Island Department of Environmental Management. The aim is “to expand recreation opportunities for families on the north end” by constructing “a small, inclusive playground for children ages 3-5.”\nDeFalco also was authorized to apply for a $261,000 grant to expand the existing playground on North Road. This proposal features fully accessible restrooms, security cameras, solar-powered Big-belly trash cans and musical instruments from Freenotes Harmony Park.\nThe councilors approved both requests at their Nov. 3 meeting. The grants would require matching dollars of $30,000 and $65,000, respectively.\nThe project on North Road received unanimous approval from President Nancy Beye, Vice President Erik Brine and Councilwomen Mary Glackin and Mary Meagher. Councilman Eddie Ross was absent.\n“I’m delighted there would be a bathroom at the playground,” Meagher said. “I’m absolutely thrilled with that. … This is absolutely essential.”\nThe proposal for Head’s Beach, however, had a dissenter, Beye, who said “it doesn’t make sense to me.” Concerned with parking, liability, overcrowding and maintenance, she was irked about the application being “all of sudden” scheduled for a vote without time to vet those apprehensions.\n“I just don’t think we need to duplicate our playground,” she said.\nMeagher asked Beye if her issue was applying for the grant without vetting her concerns.\n“The cart is a little before the horse?” Meagher asked. “Is that what you’re saying?”\n“Yes,” Beye replied. “I don’t think we’re at that point yet.”\nBrine, however, said the council should not miss any opportunities to win money.\n“I entirely get what you’re saying,” he told Beye, “but I just don’t want to miss the opportunity to spend state money in Jamestown. I agree, I would love to know more and get community feedback. But I think it is important that we submit these grants so we have the opportunity to get some more state resources.”\nBrine said not applying for these grants is “negligent.”\n“This is something we should apply for every single time,” he said. “I’m not saying that specifically for this project. This isn’t the first thing I would fund, personally, by any means. This is funding that could go to Eldred Field. This is funding that could go to Fort Getty. But we have enough infrastructure needs that every time this grant application comes up, we should submit.”\nCharlotte Zarlengo, of Seaside Drive, said she had safety concerns regarding a playground at Head’s Beach.\n“This would be 20 feet from the water,” she said. “Children love to play and run around. That body of water is such an attraction to everybody, especially to young children who have no idea how dangerous it can be. The thought of putting a playground that close to the water is unbelievable. It is a very, very bad spot.”\nMello, however, said “it’s not unusual for playgrounds to be associated with waterfronts and beaches.” DeFalco and Meagher said keeping children away from the water was the job of their parents.\n“I understand what you’re saying,” Meagher told Zarlengo, “but we rely on people to actually watch their kids. And we rely on the wisdom of children to stay out of the water.”\n“It’s up to parents to watch their kids,” DeFalco said.\nGlackin, whose children visit Head’s Beach, said a playground would give kids in the neighborhood something to do besides “playing on the jetty or hanging onto the one tree that’s down there.” A playground, moreover, would help get kids away from video games. “To have a place for kids to go, where they can ride their bikes to, is really important,” she said. “It’s not that I don’t have a swing in my yard or a trampoline somewhere. It’s about getting out of the house. It’s being a little bit independent in a safe space.”\nMike Moratta, of Sampan Avenue, agreed.\n“There’s no reason why anyone in the Shores shouldn’t be able to walk safely into a playground, and walking to a playground at Head’s Beach is perfect,” he said. “You’re equidistant to basically everyone in the Shores. You don’t have to traverse main roads with no sidewalks. It’s a great loop to take the family.”\nMoratta, moreover, said a playground would help his 2-year-old daughter meet friends in her neighborhood.\n“They can forge the friendships that create the community Jamestown is known for,” he said.\nDeFalco said the state is not “super strict” about the specific elements in the applications. While his application calls for musical instruments from Freenotes Harmony Park, any “music-related accessibility features” could be considered at the next step of the process. Town Administrator Ed Mello called these applications “very high level.”\n“We have a long way to go in terms of vetting the process,” he said. “There is a long process ahead.”\n“Even if these applications don’t necessarily pass because they don’t have all the details, every time we apply and we don’t get it, it makes us more eligible and likely to get it in the next time,” Brine said. “If we don’t apply, we’re not getting that benefit.”",
    "highlightText": "",
    "highlightTitle": "",
    "highlightThreadTitle": "",
    "language": "english",
    "sentiment": "neutral",
    "categories": [
        "Lifestyle and Leisure"
    ],
    "topics": [
        "Lifestyle and Leisure->outdoor recreational activities",
        "Lifestyle and Leisure->leisure venue"
    ],
    "ai_allow": true,
    "has_canonical": false,
    "breaking": true,
    "webz_reporter": false,
    "external_links": [],
    "external_images": [],
    "internal_images": [],
    "entities": {
        "persons": [
            {
                "name": "Mary Glackin",
                "sentiment": "none"
            },
            {
                "name": "Mary Meagher",
                "sentiment": "none"
            },
            {
                "name": "Ray DeFalco",
                "sentiment": "none"
            },
            {
                "name": "Erik Brine",
                "sentiment": "none"
            },
            {
                "name": "Eddie Ross",
                "sentiment": "none"
            },
            {
                "name": "Nancy Beye",
                "sentiment": "none"
            }
        ],
        "locations": [
            {
                "name": "Freenotes Harmony Park",
                "sentiment": "none"
            },
            {
                "name": "North Road",
                "sentiment": "none"
            }
        ],
        "organizations": []
    },
    "syndication": {
        "syndicated": false,
        "syndicate_id": null,
        "first_syndicated": false
    },
    "trust": {
        "categories": [
            "fake_news"
        ],
        "top_news": [],
        "bias": "center",
        "source": {
            "type": "local_news",
            "city": [
                "Jamestown"
            ],
            "state": [
                "Indiana",
                "Colorado"
            ],
            "country": [
                "US"
            ],
            "domain_type": null,
            "agency": null,
            "organization_name": null
        }
    },
    "rating": null,
    "crawled": "2025-11-13T07:27:19.241+02:00",
    "updated": "2025-11-13T07:29:39.000+02:00"
}