{
    "thread": {
        "uuid": "d536a0807b8a1ad7d4df82ca430595de03187a6c",
        "url": "https://novyny.kr.ua/society/2026/01/15/262178.html",
        "site_full": "novyny.kr.ua",
        "site": "novyny.kr.ua",
        "site_section": "https://novyny.kr.ua/culture",
        "site_categories": [],
        "section_title": "Культура - Топ новини України",
        "site_title": "Топ новини України",
        "title": "Офіцери-рятувальники громади спільно з волонтерами провели превентивний захід поблизу зимових водойм - Топ новини України",
        "title_full": "Офіцери-рятувальники громади спільно з волонтерами провели превентивний захід поблизу зимових водойм - Топ новини України",
        "published": "2026-01-15T07:25:00.000+02:00",
        "replies_count": 0,
        "participants_count": 1,
        "site_type": "news",
        "country": "UA",
        "main_image": "https://novyny.kr.ua/img/20260115/fdc6ad534229b3794cf294f8653e470f_o.jpg",
        "performance_score": 0,
        "domain_rank": null,
        "domain_rank_updated": null,
        "licensing_agency": [],
        "social": {
            "facebook": {
                "likes": 0,
                "comments": 0,
                "shares": 0
            },
            "vk": {
                "shares": 0
            }
        }
    },
    "uuid": "d536a0807b8a1ad7d4df82ca430595de03187a6c",
    "url": "https://novyny.kr.ua/society/2026/01/15/262178.html",
    "ord_in_thread": 0,
    "author": "Джерело https; Mig Com Ua",
    "published": "2026-01-15T07:25:00.000+02:00",
    "title": "Офіцери-рятувальники громади спільно з волонтерами провели превентивний захід поблизу зимових водойм - Топ новини України",
    "text": "Під час спілкування мешканцям нагадали про правила безпечної поведінки та закликали уникати виходу на кригу, наголосивши на її небезпечності. Окрему увагу приділили мінній безпеці: громадянам роз’яснили алгоритм дій у разі виявлення вибухонебезпечних предметів.\nОфіцери ДСНС звернулися і до батьків із закликом посилено контролювати дозвілля дітей та пояснювати їм ризики ігор біля замерзлих водойм.\nПам’ятайте: безпечного льоду не існує. Вихід на замерзлу воду – це завжди ризик, що може призвести до трагедії.\nДжерело: ДСНС Запоріжжя",
    "highlightText": "",
    "highlightTitle": "",
    "highlightThreadTitle": "",
    "language": "ukrainian",
    "sentiment": null,
    "categories": null,
    "topics": null,
    "ai_allow": true,
    "has_canonical": false,
    "breaking": false,
    "webz_reporter": false,
    "external_links": [
        "https://t.me/gu_dsns_zp/25681",
        "https://www.t.me/gu_dsns_zp/25681"
    ],
    "external_images": [],
    "internal_images": [],
    "entities": {
        "persons": [],
        "locations": [],
        "organizations": []
    },
    "syndication": {
        "syndicated": null,
        "syndicate_id": null,
        "first_syndicated": false
    },
    "trust": {
        "categories": [
            "fake_news"
        ],
        "top_news": [],
        "bias": null,
        "source": {
            "type": null,
            "city": null,
            "state": null,
            "country": null,
            "domain_type": null,
            "agency": null,
            "organization_name": null
        }
    },
    "rating": null,
    "crawled": "2026-01-15T07:27:23.991+02:00",
    "updated": "2026-01-15T07:27:23.991+02:00"
}