{
    "thread": {
        "uuid": "1229318a49e6a3b42d69bf4bcfb56248b4b08593",
        "url": "https://piter-news.net/other/2026/01/15/728233.html",
        "site_full": "piter-news.net",
        "site": "piter-news.net",
        "site_section": "https://piter-news.net/incident",
        "site_categories": [
            "media"
        ],
        "section_title": "Происшествия - Лента новостей Санкт-Петербурга",
        "site_title": "Лента новостей Санкт-Петербурга",
        "title": "Из-за пробки на Советском проспекте автобусы следуют с задержками от 30 минут - Лента новостей Санкт-Петербурга",
        "title_full": "Из-за пробки на Советском проспекте автобусы следуют с задержками от 30 минут - Лента новостей Санкт-Петербурга",
        "published": "2026-01-15T06:54:00.000+02:00",
        "replies_count": 0,
        "participants_count": 1,
        "site_type": "news",
        "country": "RU",
        "main_image": "https://piter-news.net/img/20260115/129fc388018d2112915625c62e465875_o.jpg",
        "performance_score": 0,
        "domain_rank": null,
        "domain_rank_updated": null,
        "licensing_agency": [],
        "social": {
            "facebook": {
                "likes": 0,
                "comments": 0,
                "shares": 0
            },
            "vk": {
                "shares": 0
            }
        }
    },
    "uuid": "1229318a49e6a3b42d69bf4bcfb56248b4b08593",
    "url": "https://piter-news.net/other/2026/01/15/728233.html",
    "ord_in_thread": 0,
    "author": "Телеканал Санкт-Петербург",
    "published": "2026-01-15T06:54:00.000+02:00",
    "title": "Из-за пробки на Советском проспекте автобусы следуют с задержками от 30 минут - Лента новостей Санкт-Петербурга",
    "text": "В пресс-службе СПб ГКУ «Организатор перевозок» предупредили, что автобусы задерживаются на 30 минут из-за пробки на Советском проспекте.\n«В связи с транспортными заторами на Советском проспекте автобусные маршруты №№ 115, 115А, 189, 327, 328 следуют с задержками от 30 минут», — говорится в сообщении.\nВремя в пути увеличено. Пассажиров просят учитывать эту информацию при планировании маршрута.\nНапомним, в трех районах Северной столицы ограничат движение с 16 января.",
    "highlightText": "",
    "highlightTitle": "",
    "highlightThreadTitle": "",
    "language": "russian",
    "sentiment": null,
    "categories": null,
    "topics": null,
    "ai_allow": true,
    "has_canonical": false,
    "breaking": false,
    "webz_reporter": false,
    "external_links": [],
    "external_images": [],
    "internal_images": [],
    "entities": {
        "persons": [],
        "locations": [],
        "organizations": []
    },
    "syndication": {
        "syndicated": null,
        "syndicate_id": null,
        "first_syndicated": false
    },
    "trust": {
        "categories": [
            "fake_news"
        ],
        "top_news": [],
        "bias": null,
        "source": {
            "type": null,
            "city": null,
            "state": null,
            "country": null,
            "domain_type": null,
            "agency": null,
            "organization_name": null
        }
    },
    "rating": null,
    "crawled": "2026-01-15T07:19:24.135+02:00",
    "updated": "2026-01-15T07:19:24.135+02:00"
}