{
    "thread": {
        "uuid": "799b1ce47792ba9460ee9c7da3341a3e832eb56e",
        "url": "https://piter-news.net/other/2026/01/15/728245.html",
        "site_full": "piter-news.net",
        "site": "piter-news.net",
        "site_section": "https://piter-news.net/incident",
        "site_categories": [
            "media"
        ],
        "section_title": "Происшествия - Лента новостей Санкт-Петербурга",
        "site_title": "Лента новостей Санкт-Петербурга",
        "title": "В Петербурге начали демонтировать новогоднее оформление - Лента новостей Санкт-Петербурга",
        "title_full": "В Петербурге начали демонтировать новогоднее оформление - Лента новостей Санкт-Петербурга",
        "published": "2026-01-15T07:17:00.000+02:00",
        "replies_count": 0,
        "participants_count": 1,
        "site_type": "news",
        "country": "RU",
        "main_image": "https://piter-news.net/img/20260115/ba9959de3702c78725cd87db36512c68_o.jpg",
        "performance_score": 0,
        "domain_rank": null,
        "domain_rank_updated": null,
        "licensing_agency": [],
        "social": {
            "facebook": {
                "likes": 0,
                "comments": 0,
                "shares": 0
            },
            "vk": {
                "shares": 0
            }
        }
    },
    "uuid": "799b1ce47792ba9460ee9c7da3341a3e832eb56e",
    "url": "https://piter-news.net/other/2026/01/15/728245.html",
    "ord_in_thread": 0,
    "author": "Телеканал Санкт-Петербург",
    "published": "2026-01-15T07:17:00.000+02:00",
    "title": "В Петербурге начали демонтировать новогоднее оформление - Лента новостей Санкт-Петербурга",
    "text": "В Петербурге начали убирать новогоднее оформление, уступая место памятным композициям ко Дню снятия блокады Ленинграда.\nНочью в Северной столице начался демонтаж новогоднего оформления. Работы стартовали на Невском проспекте. При этом в спальных районах города праздничная иллюминация задержится.\n«В этом году у нас было много обращений жителей с просьбой оставить праздничное оформление и продлить его еще на неделю. Александр Дмитриевич Беглов поддержал это решение, и новогоднее оформление, не задействованное ко Дню снятия блокады Ленинграда, будет размещаться до 22 числа», — рассказал директор Городского центра рекламы и праздничного оформления Андрей Чистяков.\nНовогодние украшения на центральных улицах города сменит праздничное оформление ко Дню полного освобождения Ленинграда от фашистской блокады: флаги России, Петербурга и Ленинградского фронта, композиции в виде горящего пламени, блокадные ласточки — символ стойкости города, а также знаки «Жителю блокадного Ленинграда» и медаль «За оборону Ленинграда».",
    "highlightText": "",
    "highlightTitle": "",
    "highlightThreadTitle": "",
    "language": "russian",
    "sentiment": null,
    "categories": null,
    "topics": null,
    "ai_allow": true,
    "has_canonical": false,
    "breaking": false,
    "webz_reporter": false,
    "external_links": [],
    "external_images": [],
    "internal_images": [],
    "entities": {
        "persons": [],
        "locations": [],
        "organizations": []
    },
    "syndication": {
        "syndicated": null,
        "syndicate_id": null,
        "first_syndicated": false
    },
    "trust": {
        "categories": [
            "fake_news"
        ],
        "top_news": [],
        "bias": null,
        "source": {
            "type": null,
            "city": null,
            "state": null,
            "country": null,
            "domain_type": null,
            "agency": null,
            "organization_name": null
        }
    },
    "rating": null,
    "crawled": "2026-01-15T07:19:24.727+02:00",
    "updated": "2026-01-15T07:19:24.727+02:00"
}