{
    "thread": {
        "uuid": "a2d46c7c83865746ccc5ade57bedabb57fca8d0c",
        "url": "https://www.newsbreak.com/news/4442310409826-wolfington-body-company-donates-14-passenger-shuttle-bus-to-ksi",
        "site_full": "www.newsbreak.com",
        "site": "newsbreak.com",
        "site_section": "https://local.newsbreak.com/long-neck-de?page=3",
        "site_categories": [
            "under_construction",
            "arts, culture and entertainment",
            "human interest",
            "lifestyle and leisure",
            "economy, business and finance",
            "crime, law and justice",
            "politics",
            "sport"
        ],
        "section_title": "Long Neck, DE Local News and More | NewsBreak",
        "site_title": "NewsBreak: Local News &amp; Alerts",
        "title": "Wolfington Body Company Donates 14-Passenger Shuttle Bus to KSI - NewsBreak",
        "title_full": "Wolfington Body Company Donates 14-Passenger Shuttle Bus to KSI - NewsBreak",
        "published": "2026-01-14T22:11:00.000+02:00",
        "replies_count": 0,
        "participants_count": 1,
        "site_type": "news",
        "country": "US",
        "main_image": "https://img.particlenews.com/img/id/3F9ZOg_183ARex200",
        "performance_score": 0,
        "domain_rank": 2819,
        "domain_rank_updated": "2026-01-11T23:00:00.000+02:00",
        "licensing_agency": [],
        "social": {
            "facebook": {
                "likes": 0,
                "comments": 0,
                "shares": 0
            },
            "vk": {
                "shares": 0
            }
        }
    },
    "uuid": "a2d46c7c83865746ccc5ade57bedabb57fca8d0c",
    "url": "https://www.newsbreak.com/news/4442310409826-wolfington-body-company-donates-14-passenger-shuttle-bus-to-ksi",
    "ord_in_thread": 0,
    "author": "Terry Rogers",
    "published": "2026-01-14T22:11:00.000+02:00",
    "title": "Wolfington Body Company Donates 14-Passenger Shuttle Bus to KSI - NewsBreak",
    "text": "By Terry Rogers ,\n9 hours ago In December, Wolfington Body Company informed KSI that it was donating a 2024 Ford E-450 Shuttle Glaval Bus to support KSI’s transportation fleet. Valued at $114,692, the bus accommodates 12 seated passengers and two wheelchair transports. Wolfington annually provides charitable contributions to service organizations, including vehicle donations. According to... Read full article\nRead in NewsBreak 4",
    "highlightText": "",
    "highlightTitle": "",
    "highlightThreadTitle": "",
    "language": "english",
    "sentiment": "neutral",
    "categories": [
        "Economy, Business and Finance"
    ],
    "topics": [
        "Economy, Business and Finance->transport"
    ],
    "ai_allow": true,
    "has_canonical": false,
    "breaking": null,
    "webz_reporter": false,
    "external_links": [],
    "external_images": [],
    "internal_images": [],
    "entities": {
        "persons": [
            {
                "name": "Terry Rogers",
                "sentiment": "negative"
            }
        ],
        "locations": [],
        "organizations": [
            {
                "name": "KSI",
                "sentiment": "negative",
                "tickers": [
                    {
                        "ticker": null,
                        "exchange": null
                    }
                ]
            },
            {
                "name": "Wolfington Body Company",
                "sentiment": "negative",
                "tickers": []
            }
        ]
    },
    "syndication": {
        "syndicated": false,
        "syndicate_id": null,
        "first_syndicated": false
    },
    "trust": {
        "categories": [
            "fake_news"
        ],
        "top_news": [],
        "bias": "center",
        "source": {
            "type": "local_news",
            "city": [
                "Long Neck"
            ],
            "state": [
                "Delaware"
            ],
            "country": [
                "US"
            ],
            "domain_type": null,
            "agency": null,
            "organization_name": null
        }
    },
    "rating": null,
    "crawled": "2026-01-15T07:21:42.044+02:00",
    "updated": "2026-01-15T07:22:12.000+02:00"
}