{
    "thread": {
        "uuid": "26601b1f53711f12b1243cf2752848eb16ce9a41",
        "url": "https://www.youtube.com/watch?v=R_hnjZGqXUY",
        "site_full": "www.youtube.com",
        "site": "youtube.com",
        "site_section": "https://rss.app/feeds/_02osag5eijhsgyy0.xml",
        "site_categories": [
            "television",
            "",
            "entertainment",
            "crime, law and justice",
            "politics",
            "war, conflict and unrest",
            "sport",
            "economy, business and finance"
        ],
        "section_title": "News Review - 10.12.24 - 241 Feeds Update",
        "site_title": "YouTube",
        "title": "Trump Wants Greenland Whether They Like it Or Not, Lindsey Graham Bombshell & FCC Chair Testifies",
        "title_full": "Trump Wants Greenland Whether They Like it Or Not, Lindsey Graham Bombshell & FCC Chair Testifies",
        "published": "2026-01-15T10:45:00.000+02:00",
        "replies_count": 99,
        "participants_count": 92,
        "site_type": "news",
        "country": "US",
        "main_image": "",
        "performance_score": 0,
        "domain_rank": 9,
        "domain_rank_updated": "2026-01-11T23:00:00.000+02:00",
        "licensing_agency": [],
        "social": {
            "facebook": {
                "likes": 0,
                "comments": 0,
                "shares": 0
            },
            "vk": {
                "shares": 0
            }
        }
    },
    "uuid": "492df20a21e3ba2c5550ed405db9e9d541bae292",
    "url": "https://www.youtube.com/watch?v=R_hnjZGqXUY#post-89",
    "ord_in_thread": 89,
    "author": "@carltonjackson2736",
    "published": "2026-01-15T07:21:28.855+02:00",
    "title": "",
    "text": "Graham vs Countergraham 😂",
    "highlightText": "",
    "highlightTitle": "",
    "highlightThreadTitle": "",
    "language": "english",
    "sentiment": null,
    "categories": null,
    "topics": null,
    "ai_allow": true,
    "has_canonical": false,
    "breaking": null,
    "webz_reporter": false,
    "external_links": null,
    "external_images": null,
    "internal_images": null,
    "entities": {
        "persons": [],
        "locations": [],
        "organizations": []
    },
    "syndication": {
        "syndicated": false,
        "syndicate_id": null,
        "first_syndicated": false
    },
    "trust": {
        "categories": [
            "fake_news"
        ],
        "top_news": [],
        "bias": "left",
        "source": {
            "type": null,
            "city": null,
            "state": null,
            "country": null,
            "domain_type": null,
            "agency": null,
            "organization_name": null
        }
    },
    "rating": null,
    "crawled": "2026-01-15T07:21:28.855+02:00",
    "updated": "2026-01-16T01:10:17.369+02:00"
}