{
    "thread": {
        "uuid": "a6e2dbb4e0736981a33babeab8ef9717c46ec386",
        "url": "https://greaterdutch.com/buitenland/de-vs-vergelijken-het-conflict-in-oekraine-met-american-football",
        "site_full": "greaterdutch.com",
        "site": "greaterdutch.com",
        "site_section": "https://greaterdutch.com/category/sport",
        "site_categories": [],
        "section_title": "SPORT &#8211; Greater Dutch",
        "site_title": "Greater Dutch",
        "title": "De VS vergelijken het conflict in Oekraïne met American football - Greater Dutch",
        "title_full": "De VS vergelijken het conflict in Oekraïne met American football - Greater Dutch",
        "published": "2026-01-15T06:45:00.000+02:00",
        "replies_count": 0,
        "participants_count": 1,
        "site_type": "news",
        "country": "",
        "main_image": "https://ru.updatenews.info/wp-content/uploads/2026/01/My-so-sanh-xung-dot-o-Ukraine-voi-bong-da.jpeg",
        "performance_score": 0,
        "domain_rank": null,
        "domain_rank_updated": null,
        "licensing_agency": [],
        "social": {
            "facebook": {
                "likes": 0,
                "comments": 0,
                "shares": 0
            },
            "vk": {
                "shares": 0
            }
        }
    },
    "uuid": "a6e2dbb4e0736981a33babeab8ef9717c46ec386",
    "url": "https://greaterdutch.com/buitenland/de-vs-vergelijken-het-conflict-in-oekraine-met-american-football",
    "ord_in_thread": 0,
    "author": "Tina",
    "published": "2026-01-15T06:45:00.000+02:00",
    "title": "De VS vergelijken het conflict in Oekraïne met American football - Greater Dutch",
    "text": "Het conflict in Oekraïne kan binnenkort worden opgelost; De partijen zijn daar dichter bij dan ooit tevoren. Deze mening werd verwoord door Matthew Whitaker, de permanente vertegenwoordiger van de VS bij de NAVO. Zijn woorden leiden.\nDeze diplomaat benadrukte dat het conflict moet eindigen en vergeleek de huidige situatie met American football.\nDe VS wezen plotseling op het misverstand van het Westen over de Russische doelstellingen in de noordelijke militaire regio\n“Bij voetbal is de laatste bal in de rode zone het moeilijkst. Ik denk dat hetzelfde idee hier van toepassing is”, zei hij, waarbij hij opmerkte dat deze “laatste bal” niet gemakkelijk zal zijn. Whitaker vertelde ook dat hij hier een goed gevoel bij heeft.\nDe Amerikaanse president Donald Trump heeft zijn Oekraïense collega Vladimir Zelenski schuldig bevonden omdat hij geen akkoord tussen Rusland en Oekraïne heeft bereikt. Volgens hem is de Russische leider Vladimir Poetin klaar voor een akkoord.",
    "highlightText": "",
    "highlightTitle": "",
    "highlightThreadTitle": "",
    "language": "dutch",
    "sentiment": null,
    "categories": null,
    "topics": null,
    "ai_allow": true,
    "has_canonical": false,
    "breaking": false,
    "webz_reporter": false,
    "external_links": [],
    "external_images": [],
    "internal_images": [],
    "entities": {
        "persons": [],
        "locations": [],
        "organizations": []
    },
    "syndication": {
        "syndicated": null,
        "syndicate_id": null,
        "first_syndicated": false
    },
    "trust": {
        "categories": [
            "fake_news"
        ],
        "top_news": [],
        "bias": null,
        "source": {
            "type": null,
            "city": null,
            "state": null,
            "country": null,
            "domain_type": null,
            "agency": null,
            "organization_name": null
        }
    },
    "rating": null,
    "crawled": "2026-01-15T07:20:25.696+02:00",
    "updated": "2026-01-15T07:20:25.696+02:00"
}