{
    "thread": {
        "uuid": "3569a644548ea7315e89a65f5fb0cb75404d47e9",
        "url": "https://worthknowing.substack.com/p/a-five-alarm-fire-at-the-white-house",
        "site_full": "worthknowing.substack.com",
        "site": "substack.com",
        "site_section": "https://azspot.net/",
        "site_categories": [
            "arts, culture and entertainment",
            "economy, business and finance",
            "crime, law and justice",
            "science and technology",
            "lifestyle and leisure",
            "social issue",
            "politics",
            "sport"
        ],
        "section_title": "AZspot (@azspot)",
        "site_title": "Home | Substack",
        "title": "A Five Alarm Fire at the White House",
        "title_full": "A Five Alarm Fire at the White House",
        "published": "2026-01-10T17:03:00.000+02:00",
        "replies_count": 0,
        "participants_count": 1,
        "site_type": "news",
        "country": "US",
        "main_image": "https://substackcdn.com/image/fetch/$s_!Og0z!,w_1200,h_675,c_fill,f_jpg,q_auto:good,fl_progressive:steep,g_auto/https%3A%2F%2Fsubstack-post-media.s3.amazonaws.com%2Fpublic%2Fimages%2F2f74ac16-4b07-4ac3-9449-8a3be65bd50e_1440x960.jpeg",
        "performance_score": 0,
        "domain_rank": 662,
        "domain_rank_updated": "2026-01-11T23:00:00.000+02:00",
        "licensing_agency": [
            "NLA"
        ],
        "social": {
            "facebook": {
                "likes": 0,
                "comments": 0,
                "shares": 0
            },
            "vk": {
                "shares": 0
            }
        }
    },
    "uuid": "3569a644548ea7315e89a65f5fb0cb75404d47e9",
    "url": "https://worthknowing.substack.com/p/a-five-alarm-fire-at-the-white-house",
    "ord_in_thread": 0,
    "author": "Matt Robison",
    "published": "2026-01-10T17:03:00.000+02:00",
    "title": "A Five Alarm Fire at the White House",
    "text": "A Five Alarm Fire at the White House\nIt's hard to describe what a disaster this was\nWhen I read the description from Shane Almgren (of The Trumpland Diary Substack) of what happened at the White House yesterday, I couldn’t believe it. Not because Shane isn’t credible—he sure is—but because of the staggering implications.\nThis was a fire-everybody, convene a secret meeting, and talk 25th Amendment level moment.\nLet me give you a critical excerpt from Shane (lightly edited for length):\nThe Melon Felon hosted the CEOs of most of the oil industry at the White House today in what was one of most bizarre meetings you’ll ever see…trying to convince these oil big wigs to invest some money into Venezuela since he just assured Hannity last night they'd already pledged $100 billion.\nAt one point—in the middle of HIS OWN speech —Trump just got up from the table and wandered over to look out the window while Rubio and Vance stare at each other and raised their eyes in alarm…\nNot only did he get no commitments from ANY company in the room, Exxon CEO Darren Woods told Trump to his face that Venezuela in “uninvestable.”\nIt’s such a colorful description that it seems exaggerated for effect…but it isn’t. For the record, this gibes exactly with the description in the New York Times1: a brutally awkward scene where top executives tell Trump in no uncertain terms that his publicly-announced fantasies are insane,2 and he wanders around and makes bizarre, rambling suggestions of the inject-your-self-with-disinfectant ilk.3\nBut then I realized that I didn’t need to trust Shane, or the NYT, or anyone else, because the White House televised this live.\nFor example, here’s that unbelievably disturbing moment where Trump wanders off to the window [note: I posted this on the Worth Knowing YouTube channel—so while you’re checking this out PLEASE hit Subscribe over there…it helps!]. This 90 seconds is worth watching. Check out especially the moment at the 21-second mark where Secretary of State Marco Rubio looks across at Vice-President JD Vance and raises his eyebrows in…resignation, alarm, dismay, dread? It’s hard to know, but it sure wasn’t good.\nThere are three inescapable conclusions from this entire episode, in ascending order of urgency and importance:\nFirings In any other presidential administration in history, there would be immediate firings across the White House for something like this. Like, a complete house-cleaning. As a congressional chief of staff, I once had my boss give a single, loose quote to a reporter. We were in a tight re-election race, and couldn’t afford mistakes or bad headlines. I got an instant, angry call from the Democratic leadership demanding to know how we, as staff, had screwed this up so badly, because it was our responsibility to get him prepared and make this go well.\nThat was for a single quote to a reporter. This was a pre-planned White House meeting with some of the richest, most powerful people on earth, to discuss something that the President of the United States had already committed to and apparently gone to war for, that the White House deliberately televised live.\nIn any other administration, this meeting would have been the subject of weeks of planning, behind the scenes negotiation, and assurances about what exactly the executives would commit to. Any subsequent failure like the catastrophic rejection on camera that Trump was just subjected to would have been an administration-shaping moment, and the only cure, the only way to save the presidency, would have been to scapegoat the staff and make heads roll. No sign of that here, because they are past the point of trying to clean up disasters, and the media has been so inured to them that this didn’t even lead the Times.\nImpeachment Think about the implications here. The President of the United States instituted a military operation in clear violation of international law, and then explained in no uncertain terms that the supposed justification—law enforcement for drug crimes—was meaningless, and that the real reason for doing this was to secure a position for oil companies. That alone is potentially impeachable.\nExcept the oil angle just turned out to be a fraud too.\nIt’s hard to decide what’s worse: going to war on a flimsy, illegal justification, or going to war with no plan at all. Because that’s what this White House meeting revealed. There was no plan. But either way, this is such an incredible failure of judgement that it can and should lead to an immediate impeachment inquiry.\n25th Amendment President Joe Biden once had an embarrassing moment where he didn’t know how to exit a studio, so he wandered off in front of the camera. Republicans screamed “dementia” for weeks and weeks. And clearly, they weren’t totally off-base: Biden’s cognitive faculties were no longer as sharp as they once were by the end of his presidency.\nThis was President Trump rambling incoherently, riffing off the cuff, and wandering away from a high-stakes meeting with hundreds of billions of dollars and the fate of nations at stake which was supposed to justify his legally dicey attack and regime change in a foreign nation...to stare out the window and talk about his new ballroom.\nAny reasonable person in that cabinet who believes in their oath to uphold the Constitution and who takes their obligation to this nation seriously should be convening a cabinet meeting immediately to talk about removing an obviously incapacitated president before he can do any more hard to himself or this country. This is clear and present danger time.\n1\nhttps://www.nytimes.com/2026/01/09/business/energy-environment/trump-venezuela-oil-executives.html\n2\nOne exec offered the tiny sliver of a fig leaf of saying well we can send an exploratory team down to Venezuela to check things out, such a light gesture that it only made things more painful.\n3\nHe suggested that $12 billion in claims that ConocoPhillips has been pursuing might make a good write-off. “It’s already been written off,” Ryan Lance, the company’s chief executive, said in response. This is a “duh” level thing that most business executives could have assumed, and that a properly briefed president definitely should have known.",
    "highlightText": "",
    "highlightTitle": "",
    "highlightThreadTitle": "",
    "language": "english",
    "sentiment": "negative",
    "categories": [
        "War, Conflict and Unrest"
    ],
    "topics": [
        "War, Conflict and Unrest->civil unrest"
    ],
    "ai_allow": false,
    "has_canonical": false,
    "breaking": null,
    "webz_reporter": false,
    "external_links": [
        "https://youtube.com/shorts/InbyP2_n6YU?feature=share",
        "https://www.youtube.com/shorts/InbyP2_n6YU?feature=share",
        "https://youtube.com/shorts/InbyP2_n6YU"
    ],
    "external_images": [],
    "internal_images": [],
    "entities": {
        "persons": [
            {
                "name": "Shane Almgren",
                "sentiment": "none"
            }
        ],
        "locations": [
            {
                "name": "White House",
                "sentiment": "none"
            }
        ],
        "organizations": [
            {
                "name": "Melon Felon",
                "sentiment": "none",
                "tickers": []
            }
        ]
    },
    "syndication": {
        "syndicated": false,
        "syndicate_id": null,
        "first_syndicated": false
    },
    "trust": {
        "categories": [
            "fake_news"
        ],
        "top_news": [],
        "bias": "left",
        "source": {
            "type": null,
            "city": null,
            "state": null,
            "country": null,
            "domain_type": null,
            "agency": null,
            "organization_name": null
        }
    },
    "rating": null,
    "crawled": "2026-01-15T07:17:25.800+02:00",
    "updated": "2026-01-15T07:20:47.000+02:00"
}