{
    "thread": {
        "uuid": "a21d0ea0b6f249ca326e416506085960d2b445bd",
        "url": "https://www.youtube.com/watch?v=4Cf7vkFH9cc",
        "site_full": "www.youtube.com",
        "site": "youtube.com",
        "site_section": "https://rss.app/feeds/_02osag5eijhsgyy0.xml",
        "site_categories": [
            "television",
            "",
            "entertainment",
            "crime, law and justice",
            "politics",
            "war, conflict and unrest",
            "sport",
            "economy, business and finance"
        ],
        "section_title": "News Review - 10.12.24 - 241 Feeds Update",
        "site_title": "YouTube",
        "title": "Brooklyn Frost GOES OFF 🤬 Jay Cinco Responds 😳 Kai Cenat Gets Response From Keke Palmer , DDG & MAX",
        "title_full": "Brooklyn Frost GOES OFF 🤬 Jay Cinco Responds 😳 Kai Cenat Gets Response From Keke Palmer , DDG & MAX",
        "published": "2026-01-15T07:21:30.874+02:00",
        "replies_count": 1,
        "participants_count": 2,
        "site_type": "news",
        "country": "US",
        "main_image": "",
        "performance_score": 0,
        "domain_rank": 9,
        "domain_rank_updated": "2026-01-11T23:00:00.000+02:00",
        "licensing_agency": [],
        "social": {
            "facebook": {
                "likes": 0,
                "comments": 0,
                "shares": 0
            },
            "vk": {
                "shares": 0
            }
        }
    },
    "uuid": "a21d0ea0b6f249ca326e416506085960d2b445bd",
    "url": "https://www.youtube.com/watch?v=4Cf7vkFH9cc",
    "ord_in_thread": 0,
    "author": "ROYALTYS WORLD",
    "published": "2026-01-15T07:21:30.874+02:00",
    "title": "Brooklyn Frost GOES OFF 🤬 Jay Cinco Responds 😳 Kai Cenat Gets Response From Keke Palmer , DDG & MAX",
    "text": "Brooklyn Frost GOES OFF 🤬 Jay Cinco Responds 😳 Kai Cenat Gets Response From Keke Palmer , DDG & MAX#royaltysworld #reaction ORIGINAL VIDEO: POP THE BALLOON SUBMISSIONS FOR LGBTQIA https://form.jotform.com/popxlgbtplus/popxlgbtpluscastingcall 🔖 EBook store to give you the SAUCE 🤑 on Content Creation 😍 https://stan.store/Royaltysworld 🦋 COPYRIGHTED PRIVATE CONTENT ON PATREON: https://patreon.com/RoyaltysWorldLive?utm_medium=clipboard_copy&utm_source=copyLink&utm_campaign=creatorshare_creator&utm_content=join_link 💩 DETOX YOUR BODY WITH THIS TEA: https://www.getfineandfit.com/?ref=Toofinetobefat use code BIG BACK CAMP 😁 SNAPCHAT: https://www.snapchat.com/add/royaltysworldco?sender_web_id=e3e48a2d-66c5-433a-9bef-808a0d5a631d&device_type=desktop&is_copy_url=true 😮 Join this channel to get access to perks: https://www.youtube.com/channel/UC9RVzMhYDlXS3BedDje1A9A/join 🔥🔥🔥 MY LINKS CLICK HERE 👉🏾: https://hoo.be/royaltysworld🔥🔥🔥 👉 ROYALTYSWORLD: www.youtube.com/ROYALTYSWORLD ⚡ ROYALTYS WORLD LIVE: http://www.youtube.com/c/ROYALREACTS704 👀 ROYALTYS WORLD EVERYTHING: https://www.youtube.com/channel/UCL3P5tBGa0JXQ0bIDX6824g 🐦 TWITTER: https://twitter.com/Royaltysworld1 📸 INSTAGRAM: https://www.instagram.com/royaltysworld/ 😈 TWITCH: https://www.twitch.com/royaltysworldceo 🥰 TITI YOUTUBE CHANNEL: https://www.youtube.com/c/KHANDISKORNER 🤪 Discord - https://discord.gg/GGRWUu3q Copyright Disclaimer Under Section 107 of the Copyright Act 1976, allowance is made for \"fair use\" for purposes such as criticism, comment, news reporting, teaching, scholarship, and research. Fair use is a use permitted by copyright statute that might otherwise be infringing Disclaimer: The views and opinions expressed in this video and on the ROYALTYS WORLD Youtube Channel do not necessarily reflect the opinion of Tinika G and ROYALTYS WORLD Youtube Channel. All topics are for entertain",
    "highlightText": "",
    "highlightTitle": "",
    "highlightThreadTitle": "",
    "language": "english",
    "sentiment": "neutral",
    "categories": [
        "Arts, Culture and Entertainment"
    ],
    "topics": [
        "Arts, Culture and Entertainment->social media"
    ],
    "ai_allow": true,
    "has_canonical": false,
    "breaking": false,
    "webz_reporter": false,
    "external_links": [
        "https://patreon.com/RoyaltysWorldLive?utm_medium=clipboard_copy&utm_source=copyLink&utm_campaign=creatorshare_creator&utm_content=join_link",
        "https://hoo.be/royaltysworld🔥🔥🔥",
        "https://stan.store/Royaltysworld",
        "https://discord.gg/GGRWUu3q",
        "https://form.jotform.com/popxlgbtplus/popxlgbtpluscastingcall",
        "https://www.twitch.com/royaltysworldceo",
        "https://www.getfineandfit.com/?ref=Toofinetobefat",
        "https://www.snapchat.com/add/royaltysworldco?sender_web_id=e3e48a2d-66c5-433a-9bef-808a0d5a631d&device_type=desktop&is_copy_url=true",
        "https://www.instagram.com/royaltysworld/",
        "https://twitter.com/Royaltysworld1",
        "https://www.twitter.com/Royaltysworld1",
        "https://www.instagram.com/royaltysworld",
        "https://getfineandfit.com/?ref=Toofinetobefat",
        "https://instagram.com/royaltysworld/",
        "https://patreon.com/RoyaltysWorldLive",
        "https://snapchat.com/add/royaltysworldco?sender_web_id=e3e48a2d-66c5-433a-9bef-808a0d5a631d&device_type=desktop&is_copy_url=true",
        "https://www.snapchat.com/add/royaltysworldco",
        "https://twitch.com/royaltysworldceo",
        "https://www.discord.gg/GGRWUu3q",
        "https://www.getfineandfit.com/",
        "https://www.patreon.com/RoyaltysWorldLive?utm_medium=clipboard_copy&utm_source=copyLink&utm_campaign=creatorshare_creator&utm_content=join_link",
        "https://www.form.jotform.com/popxlgbtplus/popxlgbtpluscastingcall",
        "https://www.hoo.be/royaltysworld🔥🔥🔥",
        "https://www.stan.store/Royaltysworld"
    ],
    "external_images": [],
    "internal_images": [],
    "entities": {
        "persons": [
            {
                "name": "Keke Palmer",
                "sentiment": "negative"
            },
            {
                "name": "Kai Cenat",
                "sentiment": "negative"
            },
            {
                "name": "Jay Cinco",
                "sentiment": "negative"
            }
        ],
        "locations": [],
        "organizations": [
            {
                "name": "Brooklyn Frost",
                "sentiment": "negative",
                "tickers": []
            }
        ]
    },
    "syndication": {
        "syndicated": false,
        "syndicate_id": null,
        "first_syndicated": false
    },
    "trust": {
        "categories": [
            "fake_news"
        ],
        "top_news": [],
        "bias": "left",
        "source": {
            "type": null,
            "city": null,
            "state": null,
            "country": null,
            "domain_type": null,
            "agency": null,
            "organization_name": null
        }
    },
    "rating": null,
    "crawled": "2026-01-15T07:21:30.874+02:00",
    "updated": "2026-01-15T07:22:44.000+02:00"
}