{
    "thread": {
        "uuid": "7edc301e6943bb59b5cfcc668a2a5fe51cb28d17",
        "url": "https://chukotka-news.net/society/2025/09/25/38406.html",
        "site_full": "chukotka-news.net",
        "site": "chukotka-news.net",
        "site_section": "https://chukotka-news.net/sport",
        "site_categories": [],
        "section_title": "Спорт - Лента новостей Чукотки",
        "site_title": "Лента новостей Чукотки",
        "title": "Плановые ограничения интернета в Анадыре и Угольных Копях перенесли из-за циклона - Лента новостей Чукотки",
        "title_full": "Плановые ограничения интернета в Анадыре и Угольных Копях перенесли из-за циклона - Лента новостей Чукотки",
        "published": "2025-09-25T07:15:00.000+03:00",
        "replies_count": 0,
        "participants_count": 1,
        "site_type": "news",
        "country": "RU",
        "main_image": "https://chukotka-news.net/img/20250925/597dc7442046523a0ada84c11f8449df_o.jpg",
        "performance_score": 0,
        "domain_rank": null,
        "domain_rank_updated": null,
        "licensing_agency": [],
        "social": {
            "facebook": {
                "likes": 0,
                "comments": 0,
                "shares": 0
            },
            "vk": {
                "shares": 0
            }
        }
    },
    "uuid": "7edc301e6943bb59b5cfcc668a2a5fe51cb28d17",
    "url": "https://chukotka-news.net/society/2025/09/25/38406.html",
    "ord_in_thread": 0,
    "author": "ИА Чукотка",
    "published": "2025-09-25T07:15:00.000+03:00",
    "title": "Плановые ограничения интернета в Анадыре и Угольных Копях перенесли из-за циклона - Лента новостей Чукотки",
    "text": "Ростелеком перенёс плановые ремонтные работы на подводной волоконно-оптической линии связи (ПВОЛС) на Камчатке. На западном побережье полуострова ожидается сильный ветер и волны. В связи с этим ограничения интернета и связи в Анадыре и посёлке Угольные Копи пока отменили, сообщает ИА \"Чукотка\".\nФото: Ростелеком\nПеревод связи с оптики на спутниковые каналы и связанные с этим ограничения Ростелеком планировал 25 сентября. Работы должны были продлиться по 29 сентября включительно. Планам помешал циклон, который будет действовать в районе посёлка Усть-Большерецк на Камчатке с 26 сентября.Источник: https://prochukotku.ru/news/svyaz/planovye_ogranicheniya_interneta_v_anadyre_i_ugolnykh_kopyakh_perenesli_iz_za_tsiklona/\n«Это циклон, который действовал в Приморье и Хабаровском крае. Сейчас он смещается на северо-восток и выходит на Охотское море. Опасных явлений мы с ним не ждём, но возможны неблагоприятные – интенсивные осадки и ветер до 20 метров в секунду в месте проведения работ», – рассказала корр. ИА \"Чукотка\" начальник отдела прогнозов Камчатгидромета Анна Приходько.Источник: https://prochukotku.ru/news/svyaz/planovye_ogranicheniya_interneta_v_anadyre_i_ugolnykh_kopyakh_perenesli_iz_za_tsiklona/\nКроме ветра связистам мешают морские волны, высота которых сейчас достигает двух метров. Для проведения работ по укреплению береговой инфраструктуры ПВОЛС необходимо не менее двух суток спокойной погоды. На ближайшие дни прогноз такой возможности не даёт. В министерстве цифрового развития Камчатского края сообщили, что работы могут быть выполнены в резервные даты с 30 сентября по 5 октября.Источник: https://prochukotku.ru/news/svyaz/planovye_ogranicheniya_interneta_v_anadyre_i_ugolnykh_kopyakh_perenesli_iz_za_tsiklona/\nНапомним, ремонтные работы пройдут на мысе Левашова рядом с Усть-Большерецком. На время работ из-за перехода на спутниковый ресурс ухудшится качество мобильной связи и замедлится интернет. Ограничения затронут Камчатский край, посёлок Северо-Курильск Сахалинской области, а также Анадырь и Угольные Копи на Чукотке. В округе попросили жителей подготовиться к медленному интернету.Источник: https://prochukotku.ru/news/svyaz/planovye_ogranicheniya_interneta_v_anadyre_i_ugolnykh_kopyakh_perenesli_iz_za_tsiklona/",
    "highlightText": "",
    "highlightTitle": "",
    "highlightThreadTitle": "",
    "language": "russian",
    "sentiment": null,
    "categories": null,
    "topics": null,
    "ai_allow": true,
    "has_canonical": false,
    "breaking": false,
    "webz_reporter": false,
    "external_links": [],
    "external_images": [],
    "internal_images": [],
    "entities": {
        "persons": [],
        "locations": [],
        "organizations": []
    },
    "syndication": {
        "syndicated": null,
        "syndicate_id": null,
        "first_syndicated": false
    },
    "trust": {
        "categories": [
            "fake_news"
        ],
        "top_news": [],
        "bias": null,
        "source": {
            "type": null,
            "city": null,
            "state": null,
            "country": null,
            "domain_type": null,
            "agency": null,
            "organization_name": null
        }
    },
    "rating": null,
    "crawled": "2025-09-25T07:24:59.618+03:00",
    "updated": "2025-09-25T07:24:59.618+03:00"
}