{
    "thread": {
        "uuid": "9f02740d66b0a3922ad935514bc4fa1d3238a0f4",
        "url": "https://at.headtopics.com/news/heute-vor-90-jahren-ein-konig-kampft-fur-die-emanzipation-73494109",
        "site_full": "at.headtopics.com",
        "site": "headtopics.com",
        "site_section": "https://at.headtopics.com",
        "site_categories": [],
        "section_title": "Aktuelle Nachrichten | Schlagzeilen | Österreich Nachrichten - Head Topics",
        "site_title": null,
        "title": "Heute vor 90 Jahren: Ein König kämpft für die Emanzipation der Frauen",
        "title_full": "Heute vor 90 Jahren: Ein König kämpft für die Emanzipation der Frauen",
        "published": "2025-09-25T07:15:00.000+03:00",
        "replies_count": 0,
        "participants_count": 1,
        "site_type": "news",
        "country": "AT",
        "main_image": "https://i.headtopics.com/images/2025/9/25/diepressecom/heute-vor-90-jahren-ein-konig-kampft-fur-die-emanz-heute-vor-90-jahren-ein-konig-kampft-fur-die-emanz-8D9F6C9F03DF9F5D914EBB84A7E068EF.webp",
        "performance_score": 0,
        "domain_rank": 31087,
        "domain_rank_updated": "2025-09-22T00:00:00.000+03:00",
        "licensing_agency": [],
        "social": {
            "facebook": {
                "likes": 0,
                "comments": 0,
                "shares": 0
            },
            "vk": {
                "shares": 0
            }
        }
    },
    "uuid": "9f02740d66b0a3922ad935514bc4fa1d3238a0f4",
    "url": "https://at.headtopics.com/news/heute-vor-90-jahren-ein-konig-kampft-fur-die-emanzipation-73494109",
    "ord_in_thread": 0,
    "author": "DiePressecom",
    "published": "2025-09-25T07:15:00.000+03:00",
    "title": "Heute vor 90 Jahren: Ein König kämpft für die Emanzipation der Frauen",
    "text": "Albanien soll dem Beispiel der Türkei folgen und die Verschleierung aufgeben.\nAlbanien soll dem Beispiel der Türkei folgen und die Verschleierung aufgeben.Das Beispiel der Türkei macht Schule. Die Türkinnen haben bekanntlich vom altehrwürdigen Schleier längst Abschied genommen, sie treiben Sport, studieren, betätigen sich in allen Berufszweigen und sind aller Haremsromantik völlig entfremdet.\nWährend in Bosnien und der Herzegowina die Mohammedanerin noch immer an den alten Bräuchen festhält, wird gegenwärtig in Albanien ein energischer Kampf gegen die Tradition eröffnet, und zwar ist es, wie Londoner Blätter berichten, der König von Albanien, der sich mit aller Entschiedenheit für eine völlige Emanzipation der Frauen und Mädchen einsetzt, und dabei ebenso leidenschaftliche Zustimmung der Jugend wie leidenschaftlichen Widerspruch der Konservativen erntet. Der König beabsichtigt eine Art “Magna Charta”, die den Albanerinnen zunächst gewisse Grundrechte sichert. Der Schleier soll abgeschafft, den Mädchen und Frauen sollen Schulen hohen Niveaus und die Staatsämter zugänglich gemacht werden. Den Albanerinnen soll bei der Eheschließung völlige Selbstbestimmung eingeräumt werden, während sie bisher nur Objekt waren und nicht um ihre Meinung gefragt werden. Mehr als 70 Prozent der Albanerinnen sind mohammedanischen Glaubens und leben noch unter den gleichen Bedingungen wie vor Jahrhunderten. Sie verbringen ihre Tage in völliger Abgeschlossenheit und nur selten sieht man in einem Cafe in Tirana eine züchtig verschleierte Frau in Gesellschaft ihres Gatten. Wenn eine wohlhabende Albanerin eine Reise unternimmt, wird für sie ein eigener Wagen gemietet. Nur die Frauen der ärmeren Volksschichten benützend den Postautobus. Im Kino sitzen die Frauen von den Männern abgesondert. Heiraten werden zwischen den Eltern der Braut und des Bräutigams verabredet und die jungen Leute haben zu gehorchen. In einer Massenversammlung albanischer Jugendorganisationen hielt der König kürzlich eine Ansprache, in der er ausführte: “Manche Sitten, die in Albanien bestehen, sind eine Folge der Fremdherrschaft, der unser Land in früheren Zeiten unterworfen war. Wir brauchen diese Sitten und Gebräuche nicht länger zu befolgen. Im Gegenteil, wir müssen alle Errungenschaften der modernen Kultur und Zivilisation bei uns einführen, um mit den fortgeschrittensten Völkern Schritt halten zu können. Gerade durch engste Verbindungen mit der Weltkultur entwickeln wir aufs Schönste unsere nationale Eigenart, die aber in den Dörfern reiner und unverfälschter zu finden ist als in den Städten, in denen die Frauen nach fremder Sitte ihre Gesichter mit Schleiern verhüllen und künstlich in Unwissenheit und Abgeschlossenheit gehalten werden. Eine radikale Änderung in unseren Lebensgewohnheiten ist nötig.” Die Ansprache des Königs fand stürmischen Widerhall. Übrigens haben sich die beiden Schwestern des Königs, die gleich ihm dem mohammedanischen Glauben angehören, bereits aktiv für eine Modernisierung der albanischen Frauenkleidung eingesetzt: sie tragen europäische Toiletten und man sieht sie oft in Reitdreß und Tenniskostüm.Fünf Familienmitglieder gerieten in einer Wohnung in Streit, der in eine arge Rauferei ausartete.Heute gegen 1/4 8 Uhr früh entstand in dem Hause 10. Bezirk, Paltramplatz 5, in der Wohnung der Familie des 43jährigen Postunterbeamten Johann Lipp zwischen den Familienmitgliedern ein Streit, der in eine arge Rauferei ausartete, in deren Verlauf die Leute mit Sesseln, Weckeruhren und Biergläsern gegeneinander losgingen. Sicherheitswache in größerer Anzahl mußte ausrücken, um die Streitenden zu trennen und zum Wachzimmer in die Laxenburgerstraße zu bringen. Dorthin wurde auch die Rettungsgesellschaft berufen, die folgenden Personen erste Hilfe leistete: Dem Postunterbeamten Johann Lipp und dessen Frau, der 47jährigen Franziska Lipp, deren Söhnen, dem 22jährigen Textilarbeiter Johann Lipp und dem 19jährigen Buchbindergehilfen Leopold Lipp aus Leoben und schließlich einem Sohne Lipps aus erster Ehe, dem 25jährigen Taschnergehilfen Franz Dubich. Der Vorfall hat großes Aufsehen hervorgerufen.Es war kein gutes Jahr für die Zugvögel. Zuerst gab es das kalte Wetter im April, dann im Sommer die Hagelkatastrophe und nun im September überraschend niedrige Temperaturen.Aus Mödling, 22. d., wird uns geschrieben: Unsere einheimischen Zugvögel sind in diesem Sommer durch ganz abnorme Witterungsverhältnisse arg getroffen worden. Am meisten haben unter der Ungunst der Witterung die Schwalben zu leiden gehabt. Zuerst war es das kalte Wetter im April, das ihr Eintreffen bei uns verzögerte: dann kam mitten im Sommer die Hagelkatastrophe, der viele Schwalben erlegen sind; am schlimmsten erging es ihnen gegen das Ende ihres Sommeraufenthaltes, als eben in der ersten Septemberhälfte die überraschend niedrigen Temperaturen eintraten, die einen empfindlichen Mangel an Insekten bedingten, wodurch so manche Schwalbe den Hungertod erlitt. Ein Teil der Schwalben, gleichsam ahnend die bösen Tage, die da kommen würden, nahm den Weg nach dem Süden schon Ende August, also einige Tage vor Eintritt der abnormen Kälte. Ein großer Teil aber, zumeist junge Schwalben, blieb noch hier, weil sie noch nicht genug kräftig und im Fliegen nicht genügend geübt waren, um den großen Flug mit den anderen zu wagen. Auch von ihnen sind viele dem Hungertod erlegen. Die der Gefahr entronnen sind, bereiteten sich in diesem letzten warmen Tagen zur Abreise vor. Dienstag, gegen 10 Uhr vormittags flogen sie weg, nicht ohne vorher ihre entzückenden Evolutionen hoch in den Lüften gezeigt zu haben.Es gibt zu viel Zwischenhandel und zu geringen Konkurrenzkampf. Es kommt zur Verteuerung des Fleischpreises vom Stall bis zu Abgabe an den Konsumenten.Der von uns im Herbst 1924 eingeleitete Kampf gegen die Brotverteuerung hat bereits zu so günstigen Resultaten geführt, daß es wahrlich nicht müßig erscheint, nunmehr den Kampf gegen die Teuerung im allgemeinen auf der breitesten Basis aufzunehmen. Wir werden, beginnend mit der gegenwärtig aktuellsten Frage der Verteuerung der Fleischpreise, den Versuch machen, die Ursachen der Teuerung in Oesterreich aufzuspüren und gleichzeitig Vorschläge zu erstatten, wie den zu hohen Preisen seitens der Konsumenten am wirksamsten begegnet werden kann. Drei Hauptmomente sind es, die den Ausdruck „Verteuerung“ gerechtfertigt erscheinen lassen. Geht man der Preisbildung nach, so gelangt man tatsächlich zu Resultaten, die beweisen daß trotz hoher Zollsätze, Ueberteuerung und hoher Kreditbedingungen die Preise wesentlich niedriger sein könnten. Diese drei Momente sind: Die weitgehende Kartellierung und Vertrustung, die auf fast allen Gebieten des Handels und der Industrie Platz gegriffen hat und die im wesentlichen ein trauriges Andenken an die Zwangsbewirtschaftung der Kriegszeit und Nachkriegszeit mit ihren Einheitspreisen darstellt. Das Ueberhandnehmen des Zwischenhandels, der die Ware vom Erzeuger bis zum Konsumenten durch Einschaltung von Zwischengewinnen im Preise oft vervielfacht, und die durch die hohen Preise in der Inflationszeit hervorgerufene Gleichgültigkeit der Konsumenten gegenüber Preisverschiedenheiten, welche die Händler der Notwendigkeit enthebt, durch möglichst niedrige Preise einen möglichst großen Ablaß zu erzielen. Gegenwärtig steht dem Konsumenten eigentlich nur ein einziges Mittel zur Verfügung, um den übermäßigen Preisforderungen entgegenzutreten: das ist der systematische Einkauf bei der billigsten Quelle. Wir werden in den Ausführungen über die Ursachen der Fleichverteuerung darlegen, daß der Wiener Konsument heute bei der Deckung seines Bedarfes an der richtigen Stelle bei jedem Fleischeinkauf gut zehn Prozent und mehr ersparen kann, und so ist diese Ersparungsmöglichkeit fast bei allen Lebensmitteln und Gebrauchsgegenständen vorhanden. Dieses Bestreben des Publikums, die billigste Einkaufsquelle aufzusuchen, soll aber nicht nur für den einzelnen Käufer eine wesentliche Einsparung zur Folge haben, sondern es stellt gleichzeitig den einzigen Weg dar, für die übrigen Händler einen Anreiz zu bieten, durch ebenso billige oder noch billigere Preise das ausgebliebene Käuferpublikum wieder heranzulocken, wodurch gleichzeitig der erste Anstoß zu einem in Oesterreich besonders notwendigen Konkurrenzkampf gegeben werden kann. Nach dem Brotpreis stellt für die Wiener Bevölkerung der Fleischpreis vielleicht die größte Belastung des Haushalts dar. Dieser Fleischpreis ist nun unstreitig zu hoch. Perzentuell läßt sich der Ueberpreis nicht leicht ermitteln, da zu viele Momente mitspielen, welche den Fleischpreis auf seine gegenwärtige Höhe hinaufgeschraubt haben. Gleich einleitend muß festgehalten werden, daß nur etwa 8 Prozent des gesamten Fleischkonsums durch den Auftrieb in Oesterreich aufgebracht werden können. 92 Prozent des Viehauftriebes geht auf Viehimporte zurück, welche aus Rumänien, Jugoslawien, Ungarn und der Czechoslowakei nach Oesterreich kommen. Der Auftrieb aus Oesterreich umfaßt überdies meist die schelchtesten Qualitäten, hauptsächlich Beinlvieh, während Mastvieh fast durchwegs aus dem Osten importiert wird. Dadurch, daß der inländische Auftrieb im Verhältnis zum ausländischen so außerordentlich gering ist, wird der Preis für Lebendvieh ausschließlich von den großen Viehhändlern, die das Vieh einführen, bestimmt. Diese Viehhändler haben untereinander ein sehr weitreichendes Kartell abgeschlossen, das nicht nur ein Preiskartell darstellt, sondern in viel weiterem Maße den Auftrieb regelt. Zeigt sich zum Beispiel, daß auf dem Viehmarkt von St. Marx infolge eines vorübergehend etwas stärkeren Auftriebes der Fleischpreis zurückzugehen droht, so ergehen von den Großimporteuren sofort Ordern, daß die weitere Zufuhr von Fleisch nach Wien gedrosselt werde. Dadurch erreichen sie, daß am nächsten Montag entsprechend weniger Vieh aufgetrieben wird, so daß der Preis sogleich wieder die gewünschte Höhe erreicht. Bei einer Beobachtung der Auftriebsziffern ergibt sich daher nach jeder Erhöhung des Auftriebes unmittelbar ein starker Rückgang, woraus ein Oszillieren der Bewegung erklärlich wird, wie es sonst unverständlich wäre. Gegen diesen internationalen Viehhändlerring, der auf diese Weise als absoluter Preisdiktator für Lebendvieh auftritt, hat sich bisher jedes Einschreiten nicht nur als vergeblich, sondern speziell für den Wiener Markt sogar als gefährlich erwiesen, weil nach schärferen Maßnahmen die Beschickung von St. Marx durch die ausländischen Importeure so stark zurückging, daß bei ungenügendem Angebot die Fleischpreise eine fast noch stärkere Erhöhung erfuhren. Sieht man zum Beispiel die Auftriebsziffer vom 14. d. an, so begreift man, daß dieser ausländische Viehhändlerring gleichsam allmächtig ist. An diesem Tage wurden bei an und für sich stark gesteigertem Inlandauftrieb 372 Stück Rindvieh aus Oesterreich aufgetrieben, während die Gesamtziffer des Auftriebes an diesem Tage 3528 Stück Rindvieh betrug. Bei einem durchschnittlichen Auftrieb von 3200 bis 3700 Stück partizipiert der inländische Viehmarkt meist nur mit 300 bis 320 Stück.Mit einem Monstrum von echt amerikanischen Dimensionen soll der verstorbene Russ Colombo geehrt werden.Eine New Yorker Kerzenfabrik hat, wie englische Blätter berichten, einen seltsamen Auftrag erhalten. Eine ungeheure Kerze, die 1000 Jahre lang brennen kann, wurde bei ihr bestellt. Ein Berg aus Wachs, eine Mammutkerze, deren Docht eine gewaltige Säule ist: Man kann sich vorstellen, daß dieses Monstrum von echt amerikanischen Dimensionen nicht gerade billig ist. Diese Kerze soll zu Ehren des im vorigen Jahr in Hollywood tödlich verunglückten Filmschauspielers Russ Colombo angezündet werden und ihm zu Ehren tausend Jahre lang brennen. Es wird allerdings nicht an Skeptikern fehlen, die der Ansicht sind, das man von den 1000 Jahren einen nicht unbeträchtlichen Zeitraum wird subtrahieren müssen. Und wer hat die Riesenkerze bestellt? Der Eigentümer der Fabrik hüllte sich lange Zeit in geheimnisvolles Stillschweigen, schließlich aber hat er doch wenigstens einen Zipfel des Geheimnisses gelüftet. Eine alleinstehende Dame in einer kalifornischen Kleinstadt ist die edle Spenderin. Wie englische Blätter berichten, ist übrigens Russ Colombo keineswegs der einzige Filmstar, der durch eine auf die Dauer von Jahrhunderten bestimmte Stiftung geehrt wird. Eine Dame in Chicago hat einen riesigen Betrag zur Errichtung eines Erholungsheimes bestimmt, das für immerwährende Zeiten den Namentragen soll. Immerhin eine vernünftigere Stiftung als die Kerze mit ihrer tausendjährigen Flamme. Die wirksamste Erinnerung an einen Filmstar bleiben allerdings die Filme, in denen er gespielt hat. Um späteren Generationen einen Begriff davon zu vermitteln, wer Charlie Chaplin ist, bedarf es keiner Riesenkerze von Mammutdimensionen.Der Schulbeginn würde viel freundlicher sein, wenn der Stadtschulrat sich entschließen wollte, den Kindern eine Stunde Schlaf zu schenken.Aus der Rubrik “Beschwerdebuch”: Jetzt fangen wieder die Schulen an und damit der ganze Jammer, den wir alle einmal mitgemacht haben. Wir haben ihn ja alle mehr oder weniger glücklich überstanden, aber das ist noch kein Grund, um nicht einen Moment darüber nachzudenken, warum an gewissen Schulprinzipien noch immer unerbittlich gehalten wird. Man muß sich nur erinnern: was war das Ärgste an den ersten Schuljahren? Unbedingt das frühe Aufstehen, die Angst, nicht um 8 Uhr in der Schule zu sein. Wie entsetzlich war das an trüben kalten Herbst- und Wintermorgen: aus dem Bett springen, rasch anziehen: “Marie, meinen Kaffee!” Der war immer zu heiß, und man stürzte ihn, schon mit dem Hut auf dem Kopf, hinunter, ohne einen Bissen dazu essen zu können. Dann galoppierte man zur Schule und kam atemlos und abgehetzt knapp zurecht oder wurde wegen drei Minuten Verspätung ins Klassenbuch eingetragen und als Auswurf der lernenden Menschheit angesehen. Zu wieviel Blutarmut, Magenleiden und Nervosität ist in diesen ersten Schuljahren der Grundstein gelegt worden. Und obwohl der pädagogische Betrieb in den letzten Jahren in mancher Hinsicht erfreulich humaner geworden ist, daran wird noch immer festgehalten: daß die Schule auch im Herbst und Winter um 8 Uhr beginnen muß, daß zarte Kinder oft viel früher aufstehen müssen als der Papa - von der Mama gar nicht zu reden. Und vermutlich werden auch die heutigen Kinder in dieser verschlafenen Morgenstunde so wenig lernen, wie wir es damals getan haben. Der Schulbeginn würde viel freundlicher sein, wenn der Stadtschulrat sich noch heuer entschließen wollte, den Kindern eine Stunde Schlaf zu schenken, und das wäre auch das schönste Geschenk für die Mütter.Ein Bericht zeigt seltsame Einzelheiten über das Gegeneinanderarbeiten der Uferstaaten.Die Krise der wirtschaftlichen Zersplitterung, das lächerliche Gegeneinander bei völliger Gemeinsamkeit der Interessen, zeigt sich mit greller Deutlichkeit in den Mitteilungen des Völkerbundes über den Verkehr auf der Donau. Mr. Walker Hines ist ein bekannter Organisator, der auch mehrere Male Wien besucht hat. Er ist ein Sachverständiger ersten Ranges, und um so wichtiger ist es, zu hören, was er über den Donauverkehr heute, sieben Jahre nach dem Waffenstillstand, berichtet. Mr. Hines erklärt vor allem, wenn auch keine präzise Statistik über die Transportbewegung auf der Donau vorhanden sei, so könne doch mit Sicherheit gesagt werden, daß der ganze Verkehr im vorigen Jahre nicht größer war als sechsundfünfzig Prozent des normalen Umschlages vor dem Kriege. Das erste Semester des Jahres 1925 zeigt erfreulicherweise eine Erhöhung um fünfzig Prozent. Das kommt jedoch au der besonderen Tatsache der Verstärkung des Maistransports aus Jugoslawien zum Meere. Die Verminderung des Verkehres ist jedoch - und hier haben wir ein Musterbild der Groteske der Kraftverschwendung - begleitet von einer Erhöhung der Schiffszahl um etwa fünfundzwanzig Prozent, trotzdem die österreichische und ungarische Donauflotte bedeutend zurückgegangen ist. Jeder Staat will seine eigene Schiffahrtskompagnie haben, und so kommt es, daß um ein Viertel mehr Schiffe vorhanden sind, trotzdem sich der Verkehr so wesentlich vermindert hat. Der Grund für dieses Herabsinken ist, wie Mr. Hines feststellt: die wirtschaftliche Depression von ganz Europa, die aber in den Donauländern sich noch verstärkt infolge der Zersplitterung des ungeheuren Freihandelsgebietes, das die frühere österreichisch-ungarische Monarchie gebildet hat. Jetzt ist diese Region geteilt durch Zollgrenzen von sieben verschiedenen Staaten. Und daraus folgt wieder eine sehr wesentliche Minderung des Handels unter diesen Staaten, ein Zustand, der noch ärger werden muß, wenn nicht Handelsverträge die Situation verbessern. Mr. Hines sagt, das alte Rumänien hat in normalen Zeiten so viel Getreide produziert, daß ein Drittel der ganzen Schiffahrtsbewegung auf der Donau davon alimentiert war. Aber die Ziffer der Produktion ist trotz der territorialen Vergrößerung gesunken, während der innere Konsum gestiegen ist, so daß ein weitaus geringerer Teil von rumänischen Waren jetzt auf der Donau geführt wird. In dem Bericht sind seltsame Einzelheiten über das Gegeneinanderarbeiten der Uferstaaten. Jugoslawien und Rumänien verbieten allen fremden Schiffahrtsgesellschaften Küstenschiffahrt und Cabotage in ihren Gewässern. Sie verbieten jeden Transport in den wichtigen Nebenflüssen der Donau, wie der Save. Die Folge ist: eine Steigerung des Nutzens ihrer eigenen Schiffahrtsgesellschaften, aber nach der Ansicht der österreichischen und ungarischen Gesellschaften eine Verminderung der Transporte zum Meere hin, weil der Verkehr sich nicht mehr so glatt abwickelt. Ebenso arg ist der Mangel an jeglicher Zusammenarbeit beim Schleppverkehr. Ein wichtiger Teil der Donau, nämlich an der Grenze zwischen der Czechoslowakei und Ungarn, muß nach der Ansicht des Experten entschieden verbessert werden, und es wäre dringend zu wünschen, daß die beiden Staaten bei dieser Reform kooperieren könnten, weil dieser Teil, das hauptsächliche Hindernis der Schiffahrt zwischen Wien, Preßburg und Budapest darstellt. Und nun die Grenzformalitäten! Hier wirkt der Bericht geradezu erschreckend. Nach der Ansicht von Mr. Walker Hines bedeuten die Grenzformalitäten eine Verzögerung von nicht weniger als sechstausend Tagen für die Schlepper allein, wobei der Zeitverlust für die Romorqueure gar nicht in Rechnung gezogen wird. All diese Verzögerungen sind Lasten, die vor dem Kriege nicht bestanden. Früher war an der Donau keine einzige Grenze auf dem Laufe von zwölfhundertsiebzig Kilometer. Jetzt sind vier Grenzen vorhanden und sechs Revisionen, Ungarn und Jugoslawien haben zwei getrennte Revisionsstellen an ihrer gemeinsamen Grenze und diese doppelte Verzögerung dauert manchmal einen ganzen Tag. Der Bericht verzeichnet, daß doch schon die prinzipielle Geneigtheit beider Staaten vorhanden ist, um eine gemeinsame Untersuchung zu ermöglichen. Die gleiche Kraftverschwendung und der gleiche Mangel an innerer Gemeinsamkeit ist bei den Häfen vorhanden. Die czechoslowakische Schiffahrtsgesellschaft hat große Schwierigkeiten, in Wien eine Kopfstation zu bekommen. Dieselben Hindernisse werden Oesterreich in Bratislava entgegengebracht. Man verweigert den österreichischen und ungarischen Gesellschaften den Gebrauch einer großen Zahl von Hafeninstallationen, die sie vor dem Kriege besessen hatten, denn die anderen Randstaaten wollen sie selber ausnützen; dies, trotzdem die Pontons in Rumänien und in Jugoslawien nur in ganz ungenügendem Maße vorhanden sind. Die Hafenbehörden von Belgrad belegen die fremden Schiffe mit einer doppelt so hohen Taxe wie ihre eigenen und verbieten ihnen gewisse Formen des internationalen Transportes unter dem Vorwand, daß die Hafeninstallationen, die an der Save liegen, territorialen Charakter haben und nicht internationalen wie die Donau. Der Bericht sagt mit großem Ernst, es sei nicht im Interesse der Handelsunternehmungen von Belgrad, deren Wichtigkeit sich immerfort noch steigere, daß die Stadt den Ruf eines Ortes bekomme, wo man nicht mit der gleichen Freiheit Zutritt zur Donau habe wie in Wien oder Budapest. Der Bericht hebt zum Schlusse hervor, daß die Schiffahrtsgesellschaften sehr wesentliche Ersparnisse vornehmen könnten und daß vor allen Dingen ein gemeinsamer Gebrauch der Hafenmaschinerie, der Remorqueure, mit einem Wort eine Kooperation ermöglicht werden müßte, damit die Kapitalverschwendung, die Verschwendung der Arbeit vermieden werde. Was Mr. Hines mitteilt, ist nichts anderes als eine Teilerscheinung der ganzen europäischen Krise, der Krise, hervorgerufen durch die künstlichen Barrieren und durch die Wahnsinnspolitik des Gegeneinanders.Im Völkerbund wird vor Familiendualismus gewarnt.Im Schoße der juristischen Kommission des Völkerbundes entwickelte sich heute erneut eine interessante Aussprache über die Frage der Nationalität der Frau nach ihrer Verheiratung, eine Frage, die besonders akut wurde seit dem Abschluß der Konvention von Montevideo untere einigen südamerikanischen Staaten, welche vorsieht, daß die Frau auch nach ihrer Verheiratung ihre frühere Nationalität behält oder behalten kann, Der Schweizer Delegierte Camille Gorge wendete sich neben anderen Delegierten gegen die Konvention von Montevideo. Der Schweizer Bundesrat stehe seit 1932 auf dem Standpunkt, daß die Anerkennung des Dualismus in der Familie eine Erschütterung der Grundlage der Familie selbst mit sich bringen würde. Wenn das Schweizer Volk anderer Ansicht würde, so habe es jederzeit die Möglichkeit, durch eine Volksinitiative eine Änderung herbeizuführen. In ähnlicher Weise äußerte sich auch der belgische Jurist Rolin. Er besprach die Folgen eines Familiendualismus im Kriegsfalle und warf die Frage auf, welche Nationalität die Kinder einer solchen dualistischen Familie angehören sollen.Wie wir erfahren, erlangte die Polizeidirektion Kenntnis von einem angeblich geplanten Anschlag gegen den russischen Sowjetgesandten in Wien, Jan Bersin. Das Attentat soll angeblich von konterrevolutionären Elementen geplant gewesen sein. Gestern und heute fanden in dieser Angelegenheit die Untersuchung bei der Polizeidirektion, Vorführungen, Perlustrierungen und Einvernahmen statt. Ergänzend wird gemeldet: Gestern vormittag wurde die Polizeidirektion vom Bundeskanzleramt, auswärtige Angelegenheiten, verständigt, daß die Gesandtschaft des Bundes der sozialistischen Sowjetrepubliken in Wien von einem geplanten Anschlag gegen den Gesandten, beziehungsweise die Gesandtschaft Kenntnis erhalten habe. Auf Grund der von der Gesandtschaft mitgeteilten Daten wurden von der Polizeidirektion sofort Erhebungen eingeleitet, und zwei ehemals russische Staatsangehörige, die vor einigen Tagen mit falschen Reisepapieren aus Bulgarien hier eingetroffen und unter falschem Namen in einem Hotel abgestiegen sind, ausgeforscht und zum Amte gestellt. Nach dem bisherigen Ergebnis ihrer Perlustrierung und Einvernahme scheinen sie tatsächlich als Beauftragte einer ausländischen Gruppe nach Wien entsendet worden zu sein, um hier den Anschlag gegen den Gesandten des Bundes der russischen Sowjetrepublik zu verüben. Weiter wurde auch der ehemalige russische Oberstleutnant Theodor Borodin wegen des Verdachts der Mitschuld angehalten. Anmerkung: Jan Antonowitsch Bersin blieb bis 1927 Gesandter der Sowjetunion in Österreich. 1938 wurde er im Zuge des “Großen Terrors”, der von Josef Stalin eingeleiteten Verfolgungswelle gegen Minderheiten und angebliche Verräter, hingerichtet.Deutschland verbietet unter anderem Ehen zwischen Juden und „Staatsangehörigen deutschen oder artverwandten Blutes“.Anschließend an eine Rede von Reichskanzler Hitler und eine Ansprache von Ministerpräsident Göring verlas dieser den Text der neuen Gesetze, die hierauf vom Reichstag in Nürnberg einstimmig angenommen wurden:Der Reichstag hat einstimmig ein Gesetz beschlossen, wonach die Reichsfarben Schwarz-Weiß-Rot sind. Die Reichs- und Nationalflagge ist die Hakenkreuzflagge. Sie ist zugleich Handelsflagge. Der Führer und Reichskanzler bestimmt die Form der Reichskriegsflagge und der Reichsdienstflagge. Der Reichstag hat einstimmig ein Gesetz beschlossen, das bestimmt, daß Staatsangehöriger ist, wer dem Schutzverband des Deutschen Reiches angehört und ihm dafür besonders verpflichtet ist. Reichsbürger ist nur der Staatsangehörige deutschen oder artverwandten Blutes, der durch sein Verhalten beweist, daß er gewillt und geeignet ist, in Treue dem deutschen Volke und Reich zu dienen. Das Reichsbürgerrecht wird durch Verleihung des Reichsbürgerbriefes erworben. Der Reichsbürger ist der alleinige Träger der vollen politischen Rechte nach Maßgabe der Gesetze.Der Reichstag hat einstimmig ein Gesetz beschlossen, das Eheschließungen zwischen Juden und Staatsangehörigen deutschen oder artverwandten Blutes unter Androhung der Zuchthausstrafe verbietet. Trotzdem geschlossene Ehen sind nichtig, auch wenn sie zur Umgehung dieses Gesetzes im Ausland geschlossen worden sind. Die Nichtigkeitsklage kann nur der Staatsanwalt erheben. Außerehelicher Verkehr zwischen Juden und Staatsangehörigen deutschen oder artverwandten Blutes ist verboten. Zuwiderhandelnde werden mit Gefängnis oder Zuchthaus bestraft. Juden dürfen weibliche Staatsangehörige deutschen oder artverwandten Blutes unter fünfundvierzig Jahren nicht in ihrem Haushalt beschäftigen. Juden ist das Hissen der Reichs- und Nationalflagge und das Zeigen der Reichsfarben verboten. Dagegen ist ihnen das Zeigen der jüdischen Farben gestattet. Die Ausübung dieser Befugnis steht unter staatlichem Schutz. Wer den beiden letzten Bestimmungen zuwiderhandelt, wird mit Gefängnis bis zu einem Jahr und mit Geldstrafe oder mit einer dieser Strafen bestraft. Anmerkung: Mit den Nürnberger Gesetzen, mit denen Juden zu Bürgern minderen Rechts degradiert wurden, wurde die Grundlage für deren Verfolgung und millionenfache Vernichtung durch das NS-Regime geschaffen. Wenn es dem Architekten darum zu tun war, die Dürftigkeit der zukünftigen Bewohner in der Gestaltung der Fassade auszudrücken, so ist ihm dies überraschend gelungen.Dort, wo die Billrothstraße von der Döblinger Hauptstraße abzweigt, schreckt den Passanten ein nahezu vollendetes Riesengebäude, ein Phalansterium, ein Volkswohnhaus, bestimmt, Hunderte von Arbeiterfamilien aufzunehmen. Es ist von der Gemeinde Wien aus den Erträgnissen der Wohnbausteuer errichtet und von dem berühmten Professor Josef Hoffmann erbaut worden. Wenn es dem Architekten darum zu tun war, die Dürftigkeit der zukünftigen Bewohner in der Gestaltung der Fassade auszudrücken, so ist ihm dies überraschend gelungen. Kahl und nackt steht dieser ungeheure Würfel - richtiger: dieses Parallelpiped - da; kein Gesims, keine Lisene, keine architektonische Gliederung beleidigt das menschliche Auge. In regelmäßigen Abständen reiht sich Fenster an Fenster, ohne Umrahmung, nur hie und da von kleinen kreisrunden Löchern unterbrochen. Das niedrige Dach ist von der Straße aus nur wenig sichtbar. Wenn man die vier Seiten des Gebäudes abgeht, so hat man von jeder den Eindruck, gerade vor der Rückseite des Hauses zu stehen, ein Eindruck, der durch einige käfigartige Balkongitter noch verstärkt wird. Die von der Höhe der Gymnasiumstraße herabdräuende Exportakademie, die gerade auch nicht verschwenderisch ornamentiert ist, wirkt dagegen wie phantastisches Barock! Bei näherer Betrachtung entdeckt man nun allerdings auf einer Seite ein niedriges Eingangstürchen mit vorspringender, äußerst schlichter Umrahmung, über der zwei kleine plastische Figuren an der Hauswand kleben, und erinnert sich an die Bemerkung eines witzigen Wiener Gelehrten, der in Gesellschaft von einem fremden Kollegen gefragt, wo sich seine Frau befinde, auf eine überschlanke Dame deutete und sagte: „Da steht sie; wo die Rose ist, dort ist vorn.“ Der Versuch, die trostlose Oede dieser Riesenfront durch einen architektonischen Akzent zu beleben, bewirkt das Gegenteil: sie tritt dadurch nur um so augenfälliger hervor; der armselige Schmuck läßt seine Umgebung womöglich noch nüchterner erscheinen. Es ist, als ob man an einem Gasometer ein Paar Karyatiden angebracht hätte. Wir leben ja nun einmal im Zeitalter der Maschine. Gut! Dann aber entscheide man sich ganz und gar - oder wie jener Mann aus dem Volke sagte: Entweder konsequent oder inkonsequent! Aber nicht einmal so und dann wieder so! Jedenfalls macht vieles, das heutzutage entsteht, einen zwitterhaften Eindruck: die Fähigkeit, den Unterschied zwischen einer Maschine und einem Kunstwerk herauszufühlen, ist scheinbar verloren gegangen.Auch heuer sitzen wieder nur sechs Frauen in der Vollversammlung des Völkerbundes.Der französische Ministerpräsident Painleve hat, so wird gemeldet, bei einem großen Diner, daß er anlässlich der Eröffnung der Völkerbundsession gab, eine Rede auf die anwesenden Frauen gehalten. Es wird wohl nicht berichtet, wie viele der aufgelegten 200 Gedecke für Frauen bestimmt waren. Mancher Delegierte lässt sich nach Genf von seiner Gattin begleiten und es ist selbstverständlich, daß er zu geselligen Veranstaltungen ohne seine bessere Hälfte nicht eingeladen werden kann. Aber es ist anzunehmen, daß sechs Frauen diesem Diner zugezogen wurden, Frauen, die Mitglieder des Völkerparlamentes sind. Obwohl die großen Frauenorganisationen ständig bemüht sind, die Regierungen zu veranlassen, daß in jeder Delegation mindestens eine Frau gewählt wird, sitzen auch heuer, in den vergangenen Jahren, wieder nur sechs Frauen in der Vollversammlung des Völkerbundes. Da ist zunächst Anna Bugge-Wicksell, im Völkerbund seit seinem Bestand als schwedische Delegierte tätig, eine der bekanntesten und beliebtesten Persönlichkeiten, die als Mitglied von drei Kommissionen ihr vielseitiges Wissen, besonders im Völkerrecht, glänzend verwertet. Auf eine ebenso lange Tätigkeit im Völkerbundparlament blickt Henni Forchhammer zurück, technische Sachverständige der dänischen Delegation, die als erste ihres Geschlechtes in einer der ersten Plenarsitzungen eine Rede hielt. Eine Rede, in der sie zur Hilfe für die im Nahen Osten in Gefangenschaft geratenen Kinder und Frauen aufrief, zu einem Werke der Nächstenliebe, das sich in großartiger Weise entwickelt hat. Das dritte Mitglied des Frauentrios, das den Völkerbundversammlungen seit ihrer ersten Einberufung beiwohnt, die norwegische Delegierte Professor Doktor Christine Bonnevie, wird heuer vermisst. Ihre Überfrachtung mit wissenschaftlichen Arbeiten hinderte sie an der Reise nach Genf. Um aber von der Übung, eine Frau der Völkerbunddelegation anzugliedern, nicht abzugehen, hat die norwegische Regierung Martha Larsen-Jahn, die Vorsitzende des norwegischen Zweiges der Frauenliga, mit der Vertretung betraut. Auch die rumänische Delegierte Helene Vacarescu, die ehemalige, von ihrer Herrin so sehr geliebte Hofdame Carmen Sylvas und populäre Dichterin, die anlässlich der zweiten Völkerbundversammlung den historischen Saal der Reformation zum ersten Mal betrat, ist heuer wieder erschienen. Dagegen haben England und Australien neue weibliche Mitglieder delegiert: England die ebenso gelehrte wie distinguierte Parlamentssekretärin im Unterrichtsministerium, die Herzogin Katharina von Atholl, Australien die Zeitungsherausgeberin und Parlamentarierin R.B. Mackinnon. Da auch im Völkerbundsekretariat einige Frauen an hervorragende Stelle wirken, so sind es, wenn auch nicht viele, sehr bemerkenswerte Vertreterinnen ihres Geschlechtes, die im sonst ausschließlich männlichen Getriebe mit umso größerer Aufmerksamkeit behandelt werden.Edith Wachtler hat als erste Frau die Pilotenprüfung absolviert und will nun Lufttaxipilotin werden.Schon längst weiß die Öffentlichkeit, daß die Fliegerinnen keineswegs unzugängliche Mannweiber sind, sondern mit dem Lippenstift ebenso gut umzugehen verstehen wie mit dem Steuerhebel. Auch die erste Frau, die in Österreich die Pilotenprüfung absolvierte, und somit die Erlaubnis erhielt, Maschinen im Gewichte bis zu tausend Kilogramm zu fliegen und auch Personen zu befördern, allerdings nur unentgeltlich, macht keine Ausnahme: Edith Wachtler ist ein bildhübsches, schlankes und elegant gekleidetes junges Mädchen. Nur die energisch, dennoch freundlich blickenden blauen Augen verraten vielleicht das sportliche Temperament, denn dem schneidigen Fräulein genügt es keineswegs, ihre Knochen im Flugzeug aufs Spiel zu setzen. Mehrere Vitrinen voller Renntrophäen erinnern an ihre zahlreichen Rennsiege bei Auto- und Motorradrennen. Edith Wachtler lief zuerst Ski, schwamm und chauffierte, bis ein Kriegskamerad ihres Vaters, ein Marineflieger, sie vor drei Jahren nach Aspen und dann in seine “Kiste” mitnahm. Nach der Landung stand es für sie fest, daß sie fliegen lernen müsse. Ihre Eltern waren von diesem Entschluß so wenig entzückt, daß es zu einer lebhaften Auseinandersetzung kam, in deren Verlauf Edith ihre Koffer packte, ihr Auto bestieg und auf und davonfuhr. Sie verkaufte ihren Wagen und von dem Erlös bezahlte sie den Flugunterricht in der Fliegerschule von Wiener Neustadt. Nach kurzer Zeit wurde zwar im Hause Wachtler wieder Versöhnung gefeiert und das verlorene Kind konnte zurückkehren. Als sie aber mit ihrem neuen Auto im Achtzig-Kilometer-Tempo in eine Kurve raste, passierte das Malheur: der Wagen überschlug sich. Sie hatte Glück und trug nur leichte Verletzungen davon. Jetzt wollten die Eltern erst recht nichts mehr vom Fliegen wissen. Sie ließ aber nicht locker und legte bald die erste Pilotenprüfung ab: sie stieg im Nebel auf, alles ging glatt, als sie aber niederging, hatte sie keine Bodensicht. Der Apparat bohrte sich tadellos in das Erdreich, nachdem er sich mehrere Male überschlagen hatte. In hohem Bogen flog Edith in den weichen Schnee. Wieder nur leichte Verletzungen. Aber nichts vermochte sie abschrecken, auch nicht, als während der Unterrichtszeit ihr Lehrer Alfred Paulitsch tödlich abstürze und ihr zweiter Lehrer Herbert Lackner bald das selbe Schicksal teilte. Einige Wochen später bestand die sie Pilotenschlußprüfung. Jetzt geht ihr Ehrgeiz dahin, die Berechtigung zur Führung eines Lufttaxis zu erwerben, also Personen gegen Entgelt zu befördern. Sie müßte aber hundert absolvierte Flugstunden nachweisen können. “Ich habe keinen eigenen Apparat”, klagt das resolute Fräulein, “und wenn ich ihn miete, muß ich hundertzwanzig Schilling für die Stunde zahlen. Man kann sich leicht ausrechnen, wie teuer mich der Titel “Lufttaxipilotin” zu stehen kommen würde. So muß ich vorläufig alle Kundschaft meinem Kollegen Kleinhans überlassen, dem einzigen österreichischen Lufttaxichauffeur.”Neue Freie Presse am 12. September 1925 Der englische Kapitän, der dreißig Meilen zurückdampfte, um einer deutschen Frau, die auf einem deutschen Schiff erkrankt war, eine Arznei aus seiner Schiffsapotheke zu bringen, ist vielleicht, wahrscheinlich sogar, ein Kriegsteilnehmer gewesen. Es gehört nicht einmal allzuviel Phantasie dazu, um sich vorzustellen, daß er an Bord eines jener Schiffe gewesen ist, die Tag und Nacht vor den Angriffen oder deutschen Unterseeboote gezittert haben. Damals dürfte er nur Spott und Hohn, für eine Voraussage gehabt haben, er werde nach einigen Jahren Samariterdienste zugunsten einer Angehörigen eben jener Nation leisten, die ihm eine skrupellose Propaganda als unwürdig jeder menschlichen Anteilnahme hingestellt hatte. Seit Kriegsende wartet die ganze Menschheit voll ängstlicher Spannung auf den Abbau des Völkerhasses. Aber so oft sich schüchterne Hoffnung, so oft die zarte Pflanze der Versöhnung und des gegenseitigen Verständnisses sich dem verdorrten Boden mühsam zu entringen schien, immer wieder kam die Enttäuschung. Ueber Nacht pflegte ein Reif zu fallen und mutlos mußte man sich sagen, daß vielleicht erst kommende Geschlechter jenen Zustand wiedergenießen werden, der uns allen vor dem Weltenbrand als selbstverständlich erschienen ist. Beinahe schreckt man davor zurück, in jenem schönen Handeln des britischen Marineurs mehr zu erblicken, als die ritterliche Geste eines einzelnen.Der Berliner Polizeipräsident gibt Informationen über die Aufspürung eines Geheimbund-Ablegers. Der Berliner Polizeipräsident, Dr. Friedensburg, machte heute Mitteilungen über die Ergebnisse des polizeilichen Einschreitens gegen den Geheimbund. Zur Aufdeckung gelangte die Polizei durch zwei Spuren, denen sie unabhängig voneinander nachgegangen ist. Die politische Abteilung des Präsidiums ist mit der Aufdeckung, der die Oeffentlichkeit beunruhigenden Fememorde seit langem beschäftigt. Anläßlich der Haussuchung, die bei einem Verdächtigen vorgenommen wurde, fand man Adressen und sonstiges Material, das auf einen Geheimbund schließen ließ. Zweitens war der fünfzehnjährige Sohn eines Kanzleibeamten des Berliner Polizeipräsidiums verschwunden. Der Vater wandte sich an die politische Abteilung des Präsidiums, was zur Folge hatte, daß seine Kinder auf der Straße bedroht wurden. Die Nachforschungen, die die politische Abteilung einleitete, ergaben, daß der Verschwundene Mitglied einer unbekannten Verbindung war. Auch hier wurde neues Material aufgefunden. Aufgrund dieser Feststellungen wurde gestern eine umfangreiche Untersuchung und Durchsuchung von Wohnungen und Lokalen vorgenommen. Hiebei ergab sich das Bestehen einer unabhängigen Loge des Orden der Ritter des Feuerkreuzes. Der Bund ist am 21. Februar 1925 in Berlin gegründet worden und zwar auf Betreiben der drei amerikanischen Staatsbürger Strohschein Vater, Strohschein Sohn und Grey, die sich zur Bildung eines Ablegers des Ku-Klux-Klan mit Völkischen zusammengetan hatten.Mit einem Geschäft – respektive einem Vertrag – der besonderen Art hat sich derzeit ein Gericht zu befassen.Mit einem Rechtsfall ungewöhnlicher Art hat sich in diesen Tagen das Stadtgericht von Arvika in Wärmland zu befassen. Ein Straßenarbeiter hat einem Arbeitskollegen vor einem Jahre seine Frau zu einem Preise von zweihundert Kronen regelrecht abgekauft. Weil man ein derartiges Geschäft immerhin nicht jeden Tag abschließt und es überhaupt besser ist, wenn ein Kontrakt schriftlich niedergelegt wird, hatten die beiden Vertragspartner ein Schriftstück aufgesetzt und ordnungsgemäß unterschrieben, aus dem hervorgeht, daß das Eigentum an der Frau für zweihundert Kronen an den Käufer übergehen soll. Die Hälfte der Kaufsumme sollte sofort ausbezahlt, der restliche Betrag in monatlichen Raten von zehn Kronen abgetragen werden. Die Anzahlung von hundert Kronen wurde ordnungsgemäß geleistet und die Frau übersiedelte zu ihrem neuen Manne. Dieser bezahlte pünktlich, wie es sich gehört, seine Raten, aber nach einem halben Jahre trat der im Vertrag nicht vorgesehene Fall ein, daß die Frau ihm davonlief. Nicht etwa, um zu ihrem ersten Manne zurückzukehren, sondern um eine Stellung in einem Haushalt anzunehmen. Natürlich findet man sich mit dem Verlust einer Frau, für die man bereits sauer verdiente 160 Kronen bezahlt hat, nicht ohne weiteres ab, und man kann es dem Käufer nicht verdenken, wenn er sich zu der Familie begab, wo sie arbeitete, um sie zurückzuverlangen. Als die Frau Schwierigkeiten machte, wurde der Straßenarbeiter begreiflicherweise ärgerlich. Er schlug mit der Faust auf den Tisch, um seiner Forderung Nachdruck zu verleihen, und zwar so kräftig, daß der Tisch in Stücke ging. Wenige Augenblicke später ereilte eine Tür dasselbe Schicksal. Er sagte auch mit kräftigen Worten, was er von einer Familie hielte, die sich weigerte, einem ordentlichen Manne sein rechtmäßiges Eigentum vorzuenthalten, aber die Leute verhielten sich gegenüber seinen schlagenden Argumenten ablehnend und nun stand der biedere, in seinem Rechtsgefühl zutiefst verletzte Mann vor dem Richter von Arvika, um sich wegen Beleidigung, Hausfriedensbruch, Sachbeschädigung und etlicher anderer Delikte zu verantworten. Weil der Angeklagte nun einen anderen Namen trug als „seine Frau“, die er auf so unbeherrschte Art zurückverlangt hatte, wurde das Gericht stutzig. Der „Gatte“ begann den Zusammenhang zu erklären und legte, als der Richter seinen Worten keinen Glauben schenken wollte, den schriftlichen Kaufkontrakt vor, sowie – Ordnung muß sein – die vom Ehemannverkäufer unterschriebenen Quittungen zum Beweise dafür, daß er seinen vertraglichen Verpflichtungen auf Krone und Qere nachgekommen sei. Das Gericht ist jetzt in keiner leichten Situation. Es hat die Verhandlung wegen des Frauenkaufes ausgesetzt und den Angeklagten vorerst einmal wegen der verschiedenen Straftaten zu einer Freiheitsstrafe verurteilt, um sich in der Zwischenzeit die juristischen Konsequenzen zu überlegen.Die Straße durch Hietzing wird dem Großstadtverkehr zweifellos neue Impulse verleihen.Bei einem Spaziergang durch Hietzing überzeugt man sich davon, daß die Arbeiten an der neuen Wiental-Autostraße, über die wir bereits berichtet haben, bedeutend fortgeschritten sind. Die Kaimauern werden gehoben, Niveauunterschiede ausgeglichen, die bestehende Straße wird verbreitert, Maste für die elektrische Lichtleitung gesetzt. Dieser Arbeitstrubel, der in den vornehmen Gartenbezirk des westlichen Wien einen sonst ungewohnten Lebensrhythmus bringt, herrscht allerdings nur auf der Einbahnstraße, die in der Richtung vom Stadtinnern gegen die Stadtgrenze führt. Die in der Gegenrichtung verlaufende Einbahnstraße - Hadikgasse - hat ja bereits Straßendecke und Licht, so daß auf dieser Seite das frühherbstliche Villenidyll nicht durch Straßenarbeiten gestört wird. Zwischen den Stadtbahnstationen Hietzing und Braunschweiggasse haben die Arbeiten bereits ihren Höhepunkt erreicht. Wenn sich auch manche Einzelheiten noch im Stadium des Projekts befinden und über die endgültige Lösung gewisser Detailprobleme die Entscheidung erst gefällt werden wird, so kann man sich doch bereits ein Bild von dem Verlauf der neuen Wiental-Autostraße machen, deren Umrisse sich bereits klar ausprägen. Sie dürfte voraussichtlich im kommenden Frühjahr vollendet sein und wird dem Großstadtverkehr zweifellos neue Impulse verleihen. Für die zahlreichen ausländischen Automobilisten, die nach Wien kommen, wird diese neue Straße, die den modernsten Anforderungen der Technik entsprechen wird, eine willkommene Attraktion bedeuten.Jetzt muss es sich erweisen, ob der Film, auf sich allein gestellt, die ganze Aufmerksamkeit des Kinobesuchers zu fesseln vermag.Kinobesitzer und Kinomusiker führen gegenwärtig miteinander einen erbitterten Lohnkampf, und das hat zur Folge, daß bis auf weiteres Totenstille in den Kinos herrscht, daß nur das Auge, nicht aber auch das Ohr auf seine Rechnung kommt. Jetzt muß es sich erweisen, ob der Film, auf sich allein gestellt, die ganze Aufmerksamkeit des Kinobesuchers zu fesseln vermag, ob die Handlung des Filmstückes so packend, die Leistungen der Darsteller so bezwingend, so hinreißend sind, daß auf die freundliche Nachhilfe der musikalischen Stimmungsmache verzichtet werden kann. Vielleicht wird man es beiderseits nicht auf die endgültige Beantwortung dieser Frage ankommen lassen und hoffentlich wird eine Einigung erzielt werden können, bevor das Kinopublikum entschieden haben wird, was ihm lieber ist: Kinovorstellungen mit Musikbegleitung; aber zu den jetzt geltenden, vielfach schon recht gesalzenen Preisen, oder das musiklose und dafür verbilligte Kino, welches die Unternehmer ankündigen, um auf diese Weise die Besucher für den Entgang musikalischer Genüsse zu entschädigen.In der britischen Hauptstadt werden ängstliche Blicke ausgetauscht.Mit ängstlichen Blicken beobachtet London gegenwärtig die Verhandlungen über das Schicksal zweier berühmter Ruhe- und Erholungsstätten der Hauptstadt: des Sportklubs Ranelagh und des großen Parks der Proletariervorstadt Hackney. Die sozialistische Stadtverwaltung hat nämlich die Parzellierung eines großen Teils von Hackney beschlossen, um dort neue Wohnhäuser zu errichten. In zahllosen Zuschriften und Protestversammlungen hat die Bevölkerung der umliegenden Stadtteile Einspruch gegen die beabsichtigte Entziehung ihres oft einzigen Erholungsraumes erhoben. Was für den Bewohner des Westens und des Zentrums der Hydepark ist, ist für jenen des Südens von London der Park von Hackney. Er besitzt weite, von unzähligen Kindern und alten Leuten bevölkerte Wiesen, schattige Alleen und große Spiel- und Sportplätze, die jedermann offenstehen. Ranelagh dagegen, der andere Park, der den Parzellierungsplänen der Gemeinde zum Opfer fallen soll, ist ein Refugium der Allerreichsten und Vornehmsten. Er gehört eigentlich nicht mehr zu London, selbst, sondern zu der im Norden der Stadt gelegenen Gemeinde Barnes, die ihrerseits das Bedürfnis nach Ausdehnung empfindet. Der Ranelaghklub wird als eines der Wahrzeichen der englischen Plutokratie hingestellt. In ihn aufgenommen zu werden, bietet keine si unübersteigbaren Schwierigkeiten, wie das bei anderen englischen Klubs der Fall ist. Insbesondere reiche Ausländer können dort eines freundlichen Empfanges sicher sein. Alles, was an Zerstreuung und Erholung nur denkbar ist, wird im Ranelaghklub von der einfachsten bis zur raffiniertesten Form geboten. Man spielt Tennis oder Golf, man reitet, das Strandbad des Klubs ist eines der luxuriösesten in London, die Jazzband ist berühmt und mit Vorliebe besucht die Jeunesse dorée den Fünfuhrtanz. Das alles soll nun nicht etwa plötzlich sein Ende finden, sondern der Klub soll einiges von seinen ausgedehnten Ländereien, von seinen saftigen Wiesen und gepflegten Parks an die Gemeinde abgeben, welche darauf Siedlungen errichten will. Aber die Direktorin des Klubs hat sofort Protest erhoben. In diesem Punkt ist der Londoner sehr empfindlich. Wer an seine Parks rührt, der muß sofort mit dem Widerstand der gesamten Bevölkerung rechnen, auch wenn er es zu einem so wohltätigen Zweck, wie der Slumsbekämpfung tut. London will sich eben den Ruf, die „grüne Hauptstadt“ zu sein, nicht nehmen lassen.Die Zeitung schreibt über Vor- und Nachteile von Mannequins und Wachspuppen.„Eine Künstlerin!“ hat das Gewerbegericht gestern gesagt, und sich mit dieser liebenswürdigen Definition unstreitig in den weitesten Mannequinkreisen herzliche Sympathien erworben. Nun war es allerdings bereits ein öffentliches Geheimnis, daß viele sogenannte Künstlerinnen genau genommen Mannequins seien, aber die Umkehrung dieses Satzes wirkt immerhin auf den ersten Blick einigermaßen überraschend, sogar befremdend. Den Anlaß zu jener gewerbegerichtlichen Feststellung hat die Klage einer entlassenen Probiermamsell gegeben, der die betreffende Modefirma nur eine vierzehntägige Kündigungsfrist zugestehen wollte. Sie sei ausschließlich eine Arbeiterin, Gott behüte, keine kaufmännische Kraft. Ja, die Klagebeantwortung ging sogar einen beträchtlichen Schritt weiter und meinte, der Mannequin, der eine Toilette vorführe und sich von der Kunde von allen Seiten lorgnettieren lassen müsse, sei überhaupt nur ein „Objekt“. Die Probiermamsell spiele keine andere als eine passive Rolle und könne daher unter keiner Bedingung das ungebührliche Verlangen stellen, so behandelt zu werden wie etwa ein Kommis oder ein Buchhalter. Freilich läge der Einwand nahe, warum man unter solchen Umständen überhaupt von den alten, braven Wachspuppen abgekommen ist, die in früheren, weniger raffinierten Zeiten die Stelle der heutigen Mannequins vertraten. Wachspuppen waren so bequem. Wachspuppen brauchte man überhaupt nicht zu kündigen. Wachspuppen hatten stets rosig gefärbte Wangen und haben unentwegt liebenswürdig und demütig gelächelt. In einemfort gelächelt, ganz gleichgültig, wie der Herr Chef gelaunt war und wie sich diese seine Laune äußerte. Wahrscheinlich hat eben diese Klagebeantwortung, die den Bogen so gründlich überspannte, dazu geführt, daß der galante Richter in seiner Urteilsbegründung, die den Anspruch der Klägerin bejahte, den Mannequins reichere Ehren erwies, als sie selbst beansprucht hatten. Man ist seit Jahr und Tag mit dem Titel Künstler überhaupt ungemein freigiebig geworden. Künstler nennt sich heute mehr oder weniger ein jeder. Künstler, das ist so gang und gäbe wie früher einmal der kaiserliche Rat. Nun können die Mannequins im besonderen für sich geltend machen, daß sie der Vorschrift des: „Bilde Künstler, rede nicht!“ durchaus entsprechen. Aber zugegeben, daß der Gewerberichter, der rühmend hervorhob, die Tätigkeit einer Probiermamsell erfordere ungeheuer viel Geschmack und Feinsinn, mit seiner Auffassung vollkommen im Rechte ist. Noch wichtiger als solche schätzenswerte Eigenschaften ist eigentlich, unter uns gesagt, für den Mannequin die gute, die tadellose Figur. Ritter Mannequinlob wird freilich darauf erwidern, das beweise absolut nichts gegen die Künstlerschaft seiner schönen Schützlinge, weil ein solches Geschenk der gütigen Mutter Natur auch den Erfolg auf der Bühne hergebrachtermaßen in weit höherem Grade garantiere als sonstige Vorzüge. Wenn man aber einmal stillschweigend zugestanden hat, daß die Poirets und Paquins und alle die anderen Toilettendichter mit Fug und Recht darüber entrüstet wären, wollte jemand an ihrem gottbegnadeten Künstlertum zweifeln, dann muß man folgerichtig einen Schritt weiter gehen und darf daran keinen Anstoß nehmen, daß jene, die Poesien in Samt und Seide zum Vortrag bringen, auch ihrerseits den Anspruch erheben, als Künstler zu gelten. Während eine frühere Generation sich den Kopf zerbroch über das Verhältnis zwischen dem Dichter und seinem Interpreten, entsteht für uns Nachgeborene das schwerwiegende Problem, wer eigentlich der größere Künstler sei, der Schneider oder sein Mannequin.Die Inskription eines ausländischen Studenten an einer österreichischen Universität kann aus Gründen der öffentlichen Ordnung als unerwünscht abgelehnt werden. Das heute zur Ausgabe gelangte Bundesgesetzblatt enthält, wie bereits kurz berichtet wurde, eine Verordnung, die den zuständigen Sicherheitsdirektoren das Recht zuspricht, gegen die Inskription von Ausländern Einspruch zu erheben. Dieser Einspruch muß innerhalb eines Monates nach Ablauf der ordentlichen Inskriptionsfrist, bei Nachinskriptionen bis 31. Dezember im Wintersemester und bis 30. April im Sommersemester erhoben werden. In dem Einspruch wird das Studium eines Ausländers an einer Hochschule ohne weiteres Verfahren aus Gründen der öffentlichen Ordnung als unerwünscht bezeichnet, wodurch die Immatrikulation des Studierenden erlischt und die Inskription rechtsunwirksam wird. Der Student, gegen dessen Inskription sich der Einspruch richtete, kann auch an keiner anderen österreichischen Hochschule aufgenommen werden, wenn nicht der Einspruch zurückgezogen oder im Rechtsmittelverfahren behoben wurde. Eine Berufung ist über den Rektor beim Sicherheitsdirektor einzubringen. Die Inskriptionsgebühren werden rückerstattet.Das Starrluftschiff wurde von einem Gewittersturm in zwei Teile zerrissen.Das Flugschiff der amerikanischen Kriegsmarine „Shenandoah“ ist gestern in einem Gewittersturm während eines auf fünf Tage berechneten Ueberlandfluges, der das Schiff durch den ganzen mittleren Westen führen sollte, zugrunde gegangen. Nach den bis in die späten Abendstunden vorliegenden Meldungen sind auch bedeutende Menschenverluste zu beklagen. Nach den letzten Nachrichten sind von den 42 Personen der Besatzung 11 getötet und 15 verletzt worden. Die „Shenandoah“ war am Vormittag von Lakehurst nach Minnesota abgeflogen. Als sich das Schiff oberhalb der Stadt Cambridge im Staate Ohio befand, neigte es sich plötzlich, nachdem es drei Viertelstunden ober der Stadt gekreist war, zur Seite. Der herrschende Gewittersturm trieb es nach Süden. Plötzlich brach der Kiel des Luftschiffes entzwei, das dann ganz zerriß. Die eine Hälfte stürzte bei Sharon unweit Caldwell 8Ohio) mit einem Teil der Besatzung ab. Die andere Hälfte fiel in Ava unweit Cambridge zu Boden. Unter den Toten wurden bisher der Kapitän, vier Offizieren, ein Ingenieur und zwei Maschinisten identifiziert. Anmerkung: Die ZR-1 „USS Shenandoah“ war das erste Starrluftschiff, das Helium als Traggas nutzte. Gleichzeitig stellte sie das erste von insgesamt drei Starrluftschiffen dar, die im 20. Jahrhundert in den Vereinigten Staaten gebaut wurden. Als erstes US-Großluftschiff war sie ursprünglich als Ausgangspunkt für den Aufbau einer nationalen Luftschiffindustrie vorgesehen. Der Name „Shenandoah“ entstammt der Algonkin-Sprache der Powhatan-Indianer und bedeutet „Tochter der Sterne“.An alle Tanzliebhaber, Nichttänzer und Amateure: Es gibt Neuigkeiten, über die Sie vor Beginn der Ballsaison Bescheid wissen sollten.Vom 5. Bis 7. D. findet in Wien die Allgemeine Tagung der österreichischen Tanzmeister statt. Um den Amateur- und Nichttänzern Gelegenheit zu geben, die Probleme der nahenden Tanzsaison kennenzulernen, lud das Gremium der Tanzmeister die Presse zu einer „internen Vorführung der Tanzneuheiten“ ein. Fachlehrer Reiß, ein überschlanker Herr mit eleganten Bewegungen, um riß in einem kurzen Fachvortrag das Gebiet des Gesellschaftstanzes, wie es sich heute dem Fachmann und morgen dem Publikum darstellt. „Wir unterscheiden drei Gruppen“, dozierte der Fachmann, „in der ersten Gruppe die Neuheiten, die heuer aus einem einzigen Tanz bestehen wird, dem ‚Charleston Slow‘, einem aus England stammenden Salontanz. Die zweite Gruppe umfaßt die Standardtänze, wenn ich so sagen darf, nämlich den Marschfor, den eigentlichen Foxtrott, der im Publikum fröhlich Slowfox genannt wird, aber mit dem originalen Tanz dieses Namens, der eigentlich auf zwei Turnieren zu sehen ist, nichts zu tun hat, ferner den English Walz und den Tango. Die dritte Gruppe endlich besteht aus der wieder zu Ehren kommenden Quadrille und aus dem Walzer.“ Drei Tanzmeister – aber keine Eintänzer, wie Greminalvorsteher Lukas betonte – führten nun die Novität vor, die ihnen Herr Reiß vom Prager Tanzlehrerkongreß mitgebracht hatte. Während der alte Charlston noch grotesk und exzentrisch war und die Tanzenden die Beine von sich zu schleudern versuchten, ist der neue eben „slow“. Mit weltabgewandter Ruhe ziehen die Paare ihre Figuren, die große Aehnlichkeit mit den Foxschritten haben, und nur hie und da erinnert eine angedeutete diskrete Beindrehung an den alten, wilden Tanz. Sein Nachfolger ist vornehm, langsam und so bescheiden daß er so gut wie gar keinen Platz beansprucht. Aber auch die übrigen Standardtänze zeichnen sich vor allem durch ihre Abgeklärtheit aus. Sie sind zumeist so still und versonnen, die Paare gehen und drehen sich so brav durch den Saal, daß unser alter Wiener Walzer dagegen wie mexikanischer Import wirkt. Ueber Charlston, Black Bottom und zuletzt Rumba landete der Gesellschaftstanz bei dem „verhaltenen“ Tango und dem englisch verlangsamten Walzer. Immer mehr nähern sich die neuen Tänze, wie der neue Charleston Slow zeigt, dem Stillstand. Vielleicht gibt es in der nächsten Saison eine neue Form des alten Polstertanzes, bei der man überhaupt sitzen bleibt. Obwohl die Tänze immer ruhiger, aber auch einfacher und leichter erlernbar werden, kompliziert sich die Tanzmusik immer mehr und stellt immer größere Ansprüche an Instrumentator und Musiker. Die Happy Fellows, die die Begleitmusik spielten, zeigten ein erfreulich hohes musikalisches Niveau und einen Nuancenreichtum, der sich dem Aufbau der Arrangements gut einfügte.Neue Freie Presse am 2. September 1925 In einer Sommerfrische im Kamptale ist in den allerletzten Tagen eine kleine Judenaustreibung, eine Art Miniaturpogrom inszeniert worden. Hals über Kopf mußten die jüdischen Sommergäste das liebliche Schönberg verlassen. Die Saison hat dort ein vorschnelles Ende gefunden; denn auch Städter, die in der glücklichen Lage gewesen wären, eine Ahnenprobe abzulegen und die sich von dem schmählichen Verdacht, in der Wahl ihrer Eltern oder auch nur ihrer Urgroßeltern unvorsichtig gewesen zu sein, mit Leichtigkeit hätten reinigen können, haben sich dem allgemeinen Auszug angeschlossen. Vielleicht nicht einmal so sehr aus besonderer Sympathie für die Ueberfallenen, sondern in der begreiflichen Erwägung, daß blockierte Häuser, zerbrochene Fensterscheiben, lärmende Umzüge und Steinwürfe nicht besonders danach angetan seien, das Ausspannen müder Nerven, die körperliche und geistige Erholung zu fördern. Und dann, wenn einmal Steine durch die Luft fliegen, dann haben sie die bedauerliche Eigenheit, manchmal ihr eigentliches Ziel zu verfehlen. Abgesehen von jenen Vermietern, die etwa Verträge für Saisonbauer abgeschlossen haben und die dessen gewärtig sein mußten, daß die Einquartierung noch einige Zeit lang andauern würde, hat niemand in Schönberg besonderen Grund zur Genugtuung, und es ist keineswegs anzunehmen, daß sich die Aussichten der Schönberger Saison für den nächsten Sommer wesentlich gebessert haben. Die Berichte über die bedauerlichen und beschämenden Vorkommnisse in dieser Sommerfrische geben jedoch bei aller sonstigen Ausführlichkeit darüber nicht die wünschenswerte Aufklärung, warum der Schönberger Antisemitismus erst Ende August, also knapp vor Torschluß der Fremdenzeit, zum Ausbruch gekommen ist, warum die Schönberger Volksseele erst dann zu kochen begann, als die heißesten Tage vorüber waren. De gustibus non est disputandum. Die Geschmäcker sind verschieden, und es ist eine bekannte Tatsache, daß das berühmte Wort des Exkaisers Wilhelm: „Die ganze Richtung paßt mir nicht“ an vielen Orten seine Geltung insofern besitzt, als die Richtung der Nasen in Frage kommt. Aber die Nasen der angefeindeten und nunmehr glücklich vertriebenen Sommergäste von Schönberg hatten schließlich Anfang Juli auch keine andere Richtung als Ende August. Es wird ferner nicht etwa behauptet, daß die semitische Invasion ins Kamptal erst in den allerletzen Tagen eingesetzt habe, daß etwa die Mitglieder des Zionistenkongresses sich von ihren Wiener Erfahrungen in den ersten Kongreßtagen just in Schönberg erholen wollten. Es wird nur angedeutet, daß eine Kinderjause dem Faß den Boden ausgeschlagen habe, daß eine Veranstaltung in einem ländlichen Garten, der übrigens auch Kinder von Hausbewohnern zugezogen waren, zu jenen lärmenden Szenen, zur Bedrohung von harmlosen Sommergästen und zu deren fluchtartigen Abreise geführt habe. Es hat ferner den Anschein, als hätten die Ortsbewohner erst durch Agitatoren von auswärts darüber belehrt werden müssen, welche Gefahren es für die Ortschaften bedeutet, daß dem Bürgermeisteramt nicht ein kleines Institut für Rassenforschung angegliedert sei. Die Berichte, die über den Verlauf und die Ergebnisse der heurigen Sommersaison in den österreichischen Sommerfrischen einlaufen, lauten keineswegs durchaus günstig. Vielfach ist von leerstehenden Sommerwohnungen und von enttäuschten Hoffnungen der Vermieter die Rede. Hie und da werden sogar Stimmen laut, die bitterböse von dem mangelnden Patriotismus der Oesterreicher sprechen, die es zum großen Teile vorgezogen hätten, jenseits der Grenzen unserer Heimat ihre Sommererholung zu suchen. Ob wohl in allen diesen Fällen schnöder Materialismus der einzige Grund war, ob die erholungsbedürftigen Oesterreicher wirklich nur den Spuren der fallenden Lira nachgegangen sind? Ob nicht vielmehr auch die nüchterne Erwägung das ihrige dazu beigetragen hat, daß leider nur allzuoft das Gute wirklich nicht nahe ist? Die Gewißheit nämlich, auf Wochen- und Monatsfrist der Sorge los zu sein, auf Herz und Nieren geprüft zu werden, ob man allen Anforderungen eines verstiegenen und engstirnigen Nationalismus entspricht. Darüber könnte sich manches Hakenkreuzköpferl, das den in Oesterreich daniederliegenden Fremdenverkehr in den höchsten Tönen beklagt, seine Gedanken machen.Einberufene Reservisten werden nach den Manövern nicht entlassen.Bei der heutigen Truppenschau im Ronzonetal hielt in Gegenwart des Königs Ministerpräsident Mussolini an 100.000 Soldaten, die an den Manövern in diesem Abschnitt teilgenommen hatten, eine Ansprache, in der er erklärte, der König habe ihn beauftragt, den Soldaten seine hohe Anerkennung für die während der Manöver bewiesene Widerstandskraft, Haltung und Disziplin auszudrücken. Auf dieses Lob des Königs müßten die Truppen besonders stolz sein, und es gelte auch den Truppen, die an den in anderen Gegenden Italiens stattfindenden Manövern teilnehmen. Durch diese große Truppenschau fänden die Manöver des laufenden Jahres ihren Abschluß. In anderen Zeiten seien die einberufenen Reservisten nach den Manövern entlassen worden. Dies werde in diesem Jahre nicht geschehen. Im Laufe des Monats September, erklärte Mussolini, werden weitere 200.000 Mann in eure Reihen eingestellt werden, um die Zahl der Truppen auf die vorgesehene Höhe von 1.000.000 Mann zu steigern. “Die Welt soll ein für allemal wissen, daß, wenn weiterhin in so törichter Weise von Sanktionen gesprochen wird, wir auf keinen einzigen Soldaten, auf keinen einzigen Matrosen, auf keinen einzigen Flieger verzichten, sondern unsere bewaffnete Macht jeder Art auf die uns mögliche größte Stärke erhöhen werden.”\nÖsterreich Neuesten Nachrichten, Österreich Schlagzeilen\nSimilar News:Sie können auch ähnliche Nachrichten wie diese lesen, die wir aus anderen Nachrichtenquellen gesammelt haben.\nSeit 9 Jahren versprochen: Darum gibt es die Fußgängerquerung in Hohenems bis heute nichtSeit 2016 warten Anwohner in Hohenems auf eine Querungshilfe. Warum das Projekt stockt und welche Gefahren bestehen, erfahren Sie hier.\nWeiterlesen »\n„Germanosklerose“: So beschreibt ein Ökonom den Zustand der deutschen WirtschaftDie OECD sagt Deutschland nur ein mageres Wirtschaftswachstum voraus, 2026 soll es ein Plus von 1,1 Prozent geben. Ein Experte findet klare Worte.\nWeiterlesen »\nTrockenheit in der Türkei: Schlimmste Dürre seit 50 JahrenDie Türkei erlebt die schlimmste Dürre seit über 50 Jahren. In den letzten elf Monaten fielen deutlich weniger Niederschläge als in den vergangenen Jahrzehnten. Besonders betroffen ist Anatolien, wo die Niederschlagsmenge um über 60 Prozent zurückging. Hohe Temperaturen, Wasserknappheit und Waldbrände sind die Folgen. Experten warnen vor weiterer Wüstenbildung und steigenden Temperaturen.\nWeiterlesen »\n„Fat Bear Week“: Bärenwahl mittlerweile MedienspektakelWas vor ein paar Jahren noch eine eher kuriose Idee für ein paar Bärenfans gewesen ist, ist mittlerweile im September Fixpunkt für ein Millionenpublikum: Zum elften Mal veranstaltet der Katmai-Nationalpark im US-Bundesstaat Alaska die „Fat Bear Week“. Bei dieser wird online in mehreren Runden der fetteste oder sympathischste Bär gekürt.\nWeiterlesen »\nClaudia Cardinale: Französisch-italienische Filmdiva stirbt mit 87 JahrenDie Schauspielerin Claudia Cardinale, bekannt für ihre Rolle in über 150 internationalen Filmen, ist im Alter von 87 Jahren verstorben. Geboren in Tunis, erlangte sie Ruhm als Muse von Regisseuren wie Visconti und Fellini und spielte in Klassikern wie 'Spiel mir das Lied vom Tod'.\nWeiterlesen »\nElektro-Pionier Dieter Kaufmann mit 84 Jahren verstorbenDieter Kaufmann, Pionier der Elektroakustik in Österreich, ist im Alter von 84 Jahren gestorben. Erfahren Sie mehr über sein Leben und sein musikalisches Erbe.\nWeiterlesen »",
    "highlightText": "",
    "highlightTitle": "",
    "highlightThreadTitle": "",
    "language": "german",
    "sentiment": "neutral",
    "categories": [
        "Politics",
        "Social Issue"
    ],
    "topics": [
        "Politics->political development",
        "Politics->cultural policies",
        "Politics->women's rights",
        "Social Issue->gender",
        "Social Issue->diversity, equity and inclusion"
    ],
    "ai_allow": true,
    "has_canonical": false,
    "breaking": false,
    "webz_reporter": false,
    "external_links": [],
    "external_images": [],
    "internal_images": [],
    "entities": {
        "persons": [],
        "locations": [
            {
                "name": "Albanien",
                "sentiment": "none"
            },
            {
                "name": "Türkei",
                "sentiment": "none"
            },
            {
                "name": "Bosnien",
                "sentiment": "none"
            }
        ],
        "organizations": [
            {
                "name": "Magna Charta",
                "sentiment": "none",
                "tickers": []
            }
        ]
    },
    "syndication": {
        "syndicated": null,
        "syndicate_id": null,
        "first_syndicated": false
    },
    "trust": {
        "categories": [
            "fake_news"
        ],
        "top_news": [],
        "bias": "center",
        "source": {
            "type": null,
            "city": null,
            "state": null,
            "country": null,
            "domain_type": null,
            "agency": null,
            "organization_name": null
        }
    },
    "rating": null,
    "crawled": "2025-09-25T07:25:35.634+03:00",
    "updated": "2025-09-25T07:29:15.000+03:00"
}