{
    "thread": {
        "uuid": "cb8ae1627e88e6f9a882b3f6edf57ca713a7db01",
        "url": "https://russian.rt.com/world/news/1461848-tramp-putin-vstrecha",
        "site_full": "russian.rt.com",
        "site": "rt.com",
        "site_section": "https://russiatoday.ru/news",
        "site_categories": [
            "media",
            "top_news_ru",
            "top_news_ar",
            "top_news_cz",
            "top_news_nz",
            "top_news_ae",
            "top_news_th",
            "top_news_sa",
            "top_news_co",
            "top_news_vn",
            "top_news_rs",
            "top_news_qa",
            "top_news_pk",
            "top_news_pe",
            "top_news_eg",
            "top_news_ch",
            "top_news_za",
            "top_news_ma",
            "top_news_kw",
            "top_news_ve",
            "top_news_mx",
            "top_news_ca",
            "top_news_cl",
            "top_news_iq",
            "top_news"
        ],
        "section_title": "Лента новостей - РТ на русском",
        "site_title": "RT на русском: последние новости в России и в мире онлайн",
        "title": "Трамп заявил, что рассчитывает «в какой-то момент» на встречу с Путиным - РТ на русском",
        "title_full": "Трамп заявил, что рассчитывает «в какой-то момент» на встречу с Путиным - РТ на русском",
        "published": "2025-04-10T00:09:00.000+03:00",
        "replies_count": 0,
        "participants_count": 1,
        "site_type": "news",
        "country": "RU",
        "main_image": "https://russian.rt.com/static/blocks/og-img/pl-17.jpg",
        "performance_score": 0,
        "domain_rank": 634,
        "domain_rank_updated": "2025-04-08T00:00:00.000+03:00",
        "licensing_agency": [],
        "social": {
            "facebook": {
                "likes": 0,
                "comments": 0,
                "shares": 0
            },
            "vk": {
                "shares": 0
            }
        }
    },
    "uuid": "cb8ae1627e88e6f9a882b3f6edf57ca713a7db01",
    "url": "https://russian.rt.com/world/news/1461848-tramp-putin-vstrecha",
    "ord_in_thread": 0,
    "author": "RT на Русском",
    "published": "2025-04-10T00:09:00.000+03:00",
    "title": "Трамп заявил, что рассчитывает «в какой-то момент» на встречу с Путиным - РТ на русском",
    "text": "Об этом американский лидер заявил в беседе с журналистами в Овальном кабинете Белого дома.\n«В какой-то момент», — цитирует Трампа ТАСС.\nРанее глава Российского фонда прямых инициатив (РФПИ) Кирилл Дмитриев назвал Путина и Трампа историческими лидерами , которые могут работать вместе, добиваясь существенного прогресса в отношениях между двумя странами.",
    "highlightText": "",
    "highlightTitle": "",
    "highlightThreadTitle": "",
    "language": "russian",
    "sentiment": null,
    "categories": null,
    "topics": null,
    "ai_allow": true,
    "has_canonical": false,
    "breaking": true,
    "webz_reporter": false,
    "external_links": [],
    "entities": {
        "persons": [],
        "locations": [],
        "organizations": []
    },
    "syndication": {
        "syndicated": null,
        "syndicate_id": null,
        "first_syndicated": false
    },
    "trust": {
        "categories": [
            "fake_news"
        ],
        "bias": null,
        "source": {
            "type": null,
            "city": null,
            "state": null,
            "country": null,
            "domain_type": null,
            "agency": null,
            "organization_name": null
        }
    },
    "rating": null,
    "crawled": "2025-04-10T00:14:06.278+03:00",
    "updated": "2025-04-10T00:14:06.278+03:00"
}