{
    "thread": {
        "uuid": "6aac885dc5888a77a91e449cffc3700575e4307d",
        "url": "https://ecohionews.com/stories/670776939-decreasing-number-of-holmes-county-professional-licenses-issued-in-february",
        "site_full": "ecohionews.com",
        "site": "ecohionews.com",
        "site_section": "https://www.golf.einnews.com/live_feed",
        "site_categories": [],
        "section_title": "Live Feed Wire - Golf News Today - EIN Presswire",
        "site_title": "Ec Ohio News",
        "title": "Decreasing number of Holmes County professional licenses issued in February",
        "title_full": "Decreasing number of Holmes County professional licenses issued in February",
        "published": "2025-04-10T00:35:00.000+03:00",
        "replies_count": 0,
        "participants_count": 1,
        "site_type": "news",
        "country": "ES",
        "main_image": "https://s3.amazonaws.com/jnswire/jns-media/20/4f/518712/webp_genbusiness008.webp",
        "performance_score": 0,
        "domain_rank": null,
        "domain_rank_updated": null,
        "licensing_agency": [],
        "social": {
            "facebook": {
                "likes": 0,
                "comments": 0,
                "shares": 0
            },
            "vk": {
                "shares": 0
            }
        }
    },
    "uuid": "6aac885dc5888a77a91e449cffc3700575e4307d",
    "url": "https://ecohionews.com/stories/670776939-decreasing-number-of-holmes-county-professional-licenses-issued-in-february",
    "ord_in_thread": 0,
    "author": "EC Ohio News",
    "published": "2025-04-10T00:35:00.000+03:00",
    "title": "Decreasing number of Holmes County professional licenses issued in February",
    "text": "eLicense Ohio Professional Licensure System.\nThis is a 75% decrease from January.\nStarting and managing a small business in Ohio is not an easy task. Nearly $172 billion is paid to employee salaries and more than 72,924 businesses declare bankruptcy every year.\nThere are 33.2 million small businesses in the US, collectively generating more than 1.5 million jobs each year, which accounts for 64% of all new jobs in the country.\nIssued in February | Issued in January | Percentage change (%) |\n---|---|---|\n1 | 4 | -75% |",
    "highlightText": "",
    "highlightTitle": "",
    "highlightThreadTitle": "",
    "language": "english",
    "sentiment": null,
    "categories": null,
    "topics": null,
    "ai_allow": true,
    "has_canonical": false,
    "breaking": false,
    "webz_reporter": false,
    "external_links": [
        "https://www.searchlogistics.com/learn/statistics/small-business-statistics/",
        "https://elicense.ohio.gov/OH_HomePage",
        "https://www.usgrants.org/ohio/small-business-grants",
        "https://www.searchlogistics.com/learn/statistics/small-business-statistics",
        "https://www.elicense.ohio.gov/OH_HomePage",
        "https://usgrants.org/ohio/small-business-grants",
        "https://searchlogistics.com/learn/statistics/small-business-statistics/"
    ],
    "entities": {
        "persons": [],
        "locations": [
            {
                "name": "Holmes County",
                "sentiment": "none"
            }
        ],
        "organizations": []
    },
    "syndication": {
        "syndicated": false,
        "syndicate_id": null,
        "first_syndicated": false
    },
    "trust": {
        "categories": [
            "fake_news"
        ],
        "bias": null,
        "source": {
            "type": null,
            "city": null,
            "state": null,
            "country": null,
            "domain_type": null,
            "agency": null,
            "organization_name": null
        }
    },
    "rating": null,
    "crawled": "2025-04-10T01:03:38.911+03:00",
    "updated": "2025-04-10T01:03:38.911+03:00"
}