{
    "thread": {
        "uuid": "87eaac93187101a6e2f17f6551f7e1d7c85cc4d1",
        "url": "https://www.breitbart.com/politics/2025/04/09/sen-ted-cruz-launches-investigation-into-usa-fencing-over-trans-inclusion-policy",
        "site_full": "www.breitbart.com",
        "site": "breitbart.com",
        "site_section": "https://www.breitbart.com/news",
        "site_categories": [
            "media",
            "law_government_and_politics",
            "politics",
            "top_news_us",
            "top_news"
        ],
        "section_title": "All News - Breitbart News Network",
        "site_title": "Breitbart News Network",
        "title": "Sen. Ted Cruz Launches Investigation into USA Fencing Over Trans Policy",
        "title_full": "Sen. Ted Cruz Launches Investigation into USA Fencing Over Trans Policy",
        "published": "2025-04-10T00:43:00.000+03:00",
        "replies_count": 0,
        "participants_count": 1,
        "site_type": "news",
        "country": "US",
        "main_image": "https://media.breitbart.com/media/2025/04/NCAA-Fencing-640x335.jpeg",
        "performance_score": 0,
        "domain_rank": 1710,
        "domain_rank_updated": "2025-04-08T00:00:00.000+03:00",
        "licensing_agency": [],
        "social": {
            "facebook": {
                "likes": 0,
                "comments": 0,
                "shares": 0
            },
            "vk": {
                "shares": 0
            }
        }
    },
    "uuid": "87eaac93187101a6e2f17f6551f7e1d7c85cc4d1",
    "url": "https://www.breitbart.com/politics/2025/04/09/sen-ted-cruz-launches-investigation-into-usa-fencing-over-trans-inclusion-policy",
    "ord_in_thread": 0,
    "author": "Katherine Hamilton",
    "published": "2025-04-10T00:43:00.000+03:00",
    "title": "Sen. Ted Cruz Launches Investigation into USA Fencing Over Trans Policy",
    "text": "Sen. Ted Cruz (R-TX) on Monday launched an investigation into USA Fencing over its policy allowing transgender-identifying men to compete against women.\nCruz, who is c hairman of the United States Senate Committee on Commerce, Science, and Transportation, is demanding the governing body change its policy of allowing sex-confused men to compete against women, according to a letter first obtained by OutKick. Cruz sent the letter after female fencer Stephanie Turner last week refused to compete against Redmond Sullivan, a male fencer who claims to be a woman.\nUSA Fencing notably has a policy allowing athletes to compete on teams according to their “gender identity,” rather than biological reality.\n“It has come to my attention that USA Fencing is still permitting men to compete in women’s fencing in violation of federal law,” Cruz wrote.\nWhile USA Fencing does not receive federal funds, they are the National Governing Body (NGB) for the sport in the United States, according to the report. Given that fact, the organization must comply with federal law — which includes President Donald Trump’s executive order barring transgender-identifying men from women’s sports — or risk losing (NGB) status, Cruz wrote. The letter states:\nTo remain [the fencing NGB, the organization] must comply with United States Olympic and Paralympic Committee rules and procedures, its statutory obligations to protect women, and President Trump’s recent Executive Order (EO) on Keeping Men Out of Women’s Sports. If it does not, and instead continues to put women at risk, Congress may be forced to terminate USA Fencing’s NGB certification.\nUSA Fencing would not comment to OutKick about whether male fencers possess biological advantages over their female counterparts. But Cruz pointed out in his letter that “[m]ale f encers naturally possess inherent advantages over potential female competitors.”\n“Men tend to be taller, have greater muscle mass, and more testosterone—all advantages for fencing movements like lunges, jumping, or leg power measures,” Cruz wrote.\nREAD MORE – REPORT: Chair of USA Fencing Unbothered by Females Being at a Disadvantage Against Trans Competitors\nUSA Fencing also declined to comment to OutKick about Cruz’s letter, but pointed to a statement it previously released.\n“USA Fencing enacted our current transgender and non-binary athlete policy in 2023. The policy was designed to expand access to the sport of fencing and create inclusive, safe spaces,” the statement reads.\n“The policy is based on the principle that everyone should have the ability to participate in sports and was based upon the research available of the day… USA Fencing will always err on the side of inclusion, and we’re committed to amending the policy as more relevant evidence-based research emerges, or as policy changes take effect in the wider Olympic & Paralympic movement.”\nKatherine Hamilton is a political reporter for Breitbart News. You can follow her on X @thekat_hamilton",
    "highlightText": "",
    "highlightTitle": "",
    "highlightThreadTitle": "",
    "language": "english",
    "sentiment": "negative",
    "categories": [
        "Politics"
    ],
    "topics": [
        "Politics->political candidates",
        "Politics->civil rights",
        "Politics->political process"
    ],
    "ai_allow": true,
    "has_canonical": false,
    "breaking": true,
    "webz_reporter": false,
    "external_links": [
        "https://www.outkick.com/sports/senator-ted-cruz-investigation-usa-fencing-transgender-athlete",
        "https://twitter.com/thekat_hamilton",
        "https://twitter.com/SwipeWright/status/1907499518847041593",
        "https://twitter.com/JenniferSey/status/1909709245156557234",
        "https://www.twitter.com/thekat_hamilton",
        "https://www.twitter.com/SwipeWright/status/1907499518847041593",
        "https://www.twitter.com/JenniferSey/status/1909709245156557234",
        "https://outkick.com/sports/senator-ted-cruz-investigation-usa-fencing-transgender-athlete"
    ],
    "entities": {
        "persons": [
            {
                "name": "Ted Cruz",
                "sentiment": "negative"
            },
            {
                "name": "Redmond Sullivan",
                "sentiment": "none"
            },
            {
                "name": "Stephanie Turner",
                "sentiment": "none"
            },
            {
                "name": "Donald Tru",
                "sentiment": "none"
            }
        ],
        "locations": [],
        "organizations": [
            {
                "name": "USA Fencing",
                "sentiment": "negative",
                "tickers": []
            },
            {
                "name": "Senate Committee on Commerce",
                "sentiment": "none",
                "tickers": []
            }
        ]
    },
    "syndication": {
        "syndicated": false,
        "syndicate_id": null,
        "first_syndicated": false
    },
    "trust": {
        "categories": [
            "fake_news"
        ],
        "bias": null,
        "source": {
            "type": null,
            "city": null,
            "state": null,
            "country": null,
            "domain_type": null,
            "agency": null,
            "organization_name": null
        }
    },
    "rating": null,
    "crawled": "2025-04-10T00:46:57.213+03:00",
    "updated": "2025-04-10T00:46:57.213+03:00"
}