{
    "thread": {
        "uuid": "ae06dc6a03ef80b8cc7339b9801630563dbca79a",
        "url": "https://www.thegatewaypundit.com/2025/04/dhs-revokes-status-almost-million-illegals-who-entered",
        "site_full": "www.thegatewaypundit.com",
        "site": "thegatewaypundit.com",
        "site_section": "https://www.lucianne.com",
        "site_categories": [
            "social",
            "top_news_us",
            "top_news"
        ],
        "section_title": "Lucianne.com News Forum",
        "site_title": "The Gateway Pundit",
        "title": "DHS Revokes Status of Almost a Million Illegals Who Entered US Through CBP One App- Send Message Users Via App to  Leave \"Immediately\" | The Gateway Pundit | by Margaret Flavin",
        "title_full": "DHS Revokes Status of Almost a Million Illegals Who Entered US Through CBP One App- Send Message Users Via App to  Leave \"Immediately\" | The Gateway Pundit | by Margaret Flavin",
        "published": "2025-04-10T00:00:00.000+03:00",
        "replies_count": 100,
        "participants_count": 66,
        "site_type": "news",
        "country": "US",
        "main_image": "https://www.thegatewaypundit.com/wp-content/uploads/2025/03/screen-shot-2025-03-10-at-12.35.46-pm_16x9.png",
        "performance_score": 0,
        "domain_rank": 5745,
        "domain_rank_updated": "2025-04-08T00:00:00.000+03:00",
        "licensing_agency": [],
        "social": {
            "facebook": {
                "likes": 0,
                "comments": 0,
                "shares": 0
            },
            "vk": {
                "shares": 0
            }
        }
    },
    "uuid": "071148007c8a8165419cc60014f91aa591fca4ed",
    "url": "https://www.thegatewaypundit.com/2025/04/dhs-revokes-status-almost-million-illegals-who-entered#post-58",
    "ord_in_thread": 58,
    "author": "Buzz Hackett",
    "published": "2025-04-10T00:17:00.000+03:00",
    "title": "",
    "text": "We all agree....",
    "highlightText": "",
    "highlightTitle": "",
    "highlightThreadTitle": "",
    "language": "english",
    "sentiment": null,
    "categories": null,
    "topics": null,
    "ai_allow": true,
    "has_canonical": false,
    "breaking": null,
    "webz_reporter": false,
    "external_links": null,
    "entities": {
        "persons": [],
        "locations": [],
        "organizations": []
    },
    "syndication": {
        "syndicated": false,
        "syndicate_id": null,
        "first_syndicated": false
    },
    "trust": {
        "categories": [
            "fake_news"
        ],
        "bias": null,
        "source": {
            "type": null,
            "city": null,
            "state": null,
            "country": null,
            "domain_type": null,
            "agency": null,
            "organization_name": null
        }
    },
    "rating": null,
    "crawled": "2025-04-10T01:23:13.063+03:00",
    "updated": "2025-04-26T21:36:11.381+03:00"
}