{
    "thread": {
        "uuid": "ac7652ff5b58afc813a57c947133244be71d7ff1",
        "url": "https://news-odessa.ru/society/2025/04/10/61429.html",
        "site_full": "news-odessa.ru",
        "site": "news-odessa.ru",
        "site_section": "https://news-odessa.ru/rss/news",
        "site_categories": [],
        "section_title": "Лента новостей Одессы",
        "site_title": "Лента новостей Одессы",
        "title": "В Киеве произошли взрывы",
        "title_full": "В Киеве произошли взрывы",
        "published": "2025-04-10T00:16:00.000+03:00",
        "replies_count": 0,
        "participants_count": 1,
        "site_type": "news",
        "country": "RU",
        "main_image": "https://news-odessa.ru/img/20250410/99122a591f3af822c458a2bb6132a707_o.jpg",
        "performance_score": 0,
        "domain_rank": null,
        "domain_rank_updated": null,
        "licensing_agency": [],
        "social": {
            "facebook": {
                "likes": 0,
                "comments": 0,
                "shares": 0
            },
            "vk": {
                "shares": 0
            }
        }
    },
    "uuid": "ac7652ff5b58afc813a57c947133244be71d7ff1",
    "url": "https://news-odessa.ru/society/2025/04/10/61429.html",
    "ord_in_thread": 0,
    "author": "Источник ТАСС",
    "published": "2025-04-10T00:16:00.000+03:00",
    "title": "В Киеве произошли взрывы",
    "text": "МОСКВА, 10 апреля. /ТАСС/. Взрывы прозвучали в Киеве, сообщило агентство Укринформ.\nВ настоящее время в украинской столице объявлена воздушная тревога. Сирены также работают 11 областях: Винницкой, Житомирской, Киевской, Кировоградской, Николаевской, Одесской, Полтавской, Сумской, Харьковской, Черкасской и Черниговской.",
    "highlightText": "",
    "highlightTitle": "",
    "highlightThreadTitle": "",
    "language": "russian",
    "sentiment": null,
    "categories": null,
    "topics": null,
    "ai_allow": true,
    "has_canonical": false,
    "breaking": false,
    "webz_reporter": false,
    "external_links": [],
    "entities": {
        "persons": [],
        "locations": [],
        "organizations": []
    },
    "syndication": {
        "syndicated": null,
        "syndicate_id": null,
        "first_syndicated": false
    },
    "trust": {
        "categories": [
            "fake_news"
        ],
        "bias": null,
        "source": {
            "type": null,
            "city": null,
            "state": null,
            "country": null,
            "domain_type": null,
            "agency": null,
            "organization_name": null
        }
    },
    "rating": null,
    "crawled": "2025-04-10T00:57:57.662+03:00",
    "updated": "2025-04-10T00:57:57.662+03:00"
}