{
    "thread": {
        "uuid": "a8c137d5894050a85f73617b5265d5b96d29d07f",
        "url": "https://www.thegatewaypundit.com/2025/04/exclusive-nonprofit-assists-criminally-convicted-illegals-stay-vote",
        "site_full": "www.thegatewaypundit.com",
        "site": "thegatewaypundit.com",
        "site_section": "https://theferalirishman.blogspot.com/",
        "site_categories": [
            "social",
            "top_news_us",
            "top_news"
        ],
        "section_title": "The Feral Irishman",
        "site_title": "The Gateway Pundit",
        "title": "EXCLUSIVE: Nonprofit Assists Criminally Convicted Illegals To Stay and VOTE in the US | The Gateway Pundit | by Guest Contributor",
        "title_full": "EXCLUSIVE: Nonprofit Assists Criminally Convicted Illegals To Stay and VOTE in the US | The Gateway Pundit | by Guest Contributor",
        "published": "2025-04-10T00:40:00.000+03:00",
        "replies_count": 71,
        "participants_count": 59,
        "site_type": "news",
        "country": "US",
        "main_image": "https://www.thegatewaypundit.com/wp-content/uploads/2025/04/screen-shot-2025-04-09-at-4.37.37-pm_16x9-1200x630.png",
        "performance_score": 0,
        "domain_rank": 5745,
        "domain_rank_updated": "2025-04-08T00:00:00.000+03:00",
        "licensing_agency": [],
        "social": {
            "facebook": {
                "likes": 0,
                "comments": 0,
                "shares": 0
            },
            "vk": {
                "shares": 0
            }
        }
    },
    "uuid": "6208fa99f75be63036ea6561eb74f43de55d6990",
    "url": "https://www.thegatewaypundit.com/2025/04/exclusive-nonprofit-assists-criminally-convicted-illegals-stay-vote#post-11",
    "ord_in_thread": 11,
    "author": "Jesus died&rose again",
    "published": "2025-04-10T00:50:00.000+03:00",
    "title": "",
    "text": "Call a meeting with Sean Vanity Pam on live TV and discuss things while hyperventilating",
    "highlightText": "",
    "highlightTitle": "",
    "highlightThreadTitle": "",
    "language": "english",
    "sentiment": null,
    "categories": null,
    "topics": null,
    "ai_allow": true,
    "has_canonical": false,
    "breaking": true,
    "webz_reporter": false,
    "external_links": null,
    "entities": {
        "persons": [],
        "locations": [],
        "organizations": []
    },
    "syndication": {
        "syndicated": false,
        "syndicate_id": null,
        "first_syndicated": false
    },
    "trust": {
        "categories": [
            "fake_news"
        ],
        "bias": null,
        "source": {
            "type": null,
            "city": null,
            "state": null,
            "country": null,
            "domain_type": null,
            "agency": null,
            "organization_name": null
        }
    },
    "rating": null,
    "crawled": "2025-04-10T01:04:34.339+03:00",
    "updated": "2025-04-10T01:04:34.339+03:00"
}