{
    "thread": {
        "uuid": "d8f6aa01a68df5f7ceff457be4bbdbc759a9bd65",
        "url": "https://internationalnewsandviews.com/saudi-arabia-refocuses-economic-fund-imf-growth-upgrade-2025-391938-2/",
        "site_full": "internationalnewsandviews.com",
        "site": "internationalnewsandviews.com",
        "site_section": "https://internationalnewsandviews.com/category/technology",
        "site_categories": [],
        "section_title": "Technology News, Latest Mobile Phones, Smartphone Gadget",
        "site_title": "Latest India News, Analysis, Opinions and Views - INVC",
        "title": "Saudi Arabia Hits Reset on $925B Vision 2030 Plan; IMF Says 2025 Will Be a Stronger Year",
        "title_full": "Saudi Arabia Hits Reset on $925B Vision 2030 Plan; IMF Says 2025 Will Be a Stronger Year",
        "published": "2025-11-20T06:38:00.000+02:00",
        "replies_count": 0,
        "participants_count": 1,
        "site_type": "news",
        "country": "IN",
        "main_image": "https://internationalnewsandviews.com/wp-content/uploads/2020/10/IMF-1.jpg",
        "performance_score": 0,
        "domain_rank": null,
        "domain_rank_updated": null,
        "licensing_agency": [],
        "social": {
            "facebook": {
                "likes": 0,
                "comments": 0,
                "shares": 0
            },
            "vk": {
                "shares": 0
            }
        }
    },
    "uuid": "d8f6aa01a68df5f7ceff457be4bbdbc759a9bd65",
    "url": "https://internationalnewsandviews.com/saudi-arabia-refocuses-economic-fund-imf-growth-upgrade-2025-391938-2/",
    "ord_in_thread": 0,
    "author": "INVC Desk",
    "published": "2025-11-20T06:38:00.000+02:00",
    "title": "Saudi Arabia Hits Reset on $925B Vision 2030 Plan; IMF Says 2025 Will Be a Stronger Year",
    "text": "Riyadh: Saudi Arabia is recalibrating its $925 billion economic development fund as several flagship mega projects under the Kingdom’s Vision 2030 agenda face delays. The strategic shift reflects Riyadh’s efforts to optimize spending, manage project timelines, and strengthen long-term financial sustainability amid evolving global economic pressures.\nThe adjustments come as construction and infrastructure timelines for major initiatives — including futuristic cities, industrial zones, and tourism destinations — extend beyond early targets. Officials say the refocused fund will prioritize high-impact, commercially viable, and globally competitive projects , while scaling back or phasing out ventures that pose financial strain.\nIMF Raises Saudi Growth Forecast for 2025 In a boost to the Kingdom’s outlook, the International Monetary Fund (IMF) has upgraded Saudi Arabia’s 2025 GDP growth forecast to 4% , citing rising non-oil activity, strong domestic investment, and improved fiscal positioning. The upward revision signals confidence in the Kingdom’s ongoing diversification push even as project spending undergoes adjustments.\nAnalysts say higher growth expectations reflect progress in logistics, technology, renewable energy, and financial services — areas central to Crown Prince Mohammed bin Salman’s Vision 2030 blueprint.\nMega Project Delays Drive Strategic Reassessment Saudi Arabia’s ambitious portfolio — valued at nearly a trillion dollars — includes high-profile developments such as NEOM, The Line, Qiddiya, and the Red Sea Project. While many continue to advance, several have encountered construction bottlenecks, cost escalations, and labor constraints , prompting a fund-wide rebalancing.\nOfficials emphasize that the move is not a retreat from Vision 2030 but a reallocation of resources to ensure long-term viability and better economic returns.\nFocus Shifts to Deliverability and Diversification Economists note that Saudi Arabia’s pivot marks a maturing phase in its transformation strategy. By refining the scope of mega projects, the Kingdom aims to accelerate near-term gains in real estate, logistics, manufacturing, and tourism — sectors expected to drive sustainable growth.\nThe IMF’s upgraded 2025 forecast underscores the potential payoff: a stronger, more diversified economy less dependent on oil revenues.\nSaudi Arabia’s economic recalibration is now being closely watched by global investors as the Kingdom strives to balance ambition with fiscal discipline while pushing ahead with one of the world’s most transformative economic overhauls.",
    "highlightText": "",
    "highlightTitle": "",
    "highlightThreadTitle": "",
    "language": "english",
    "sentiment": null,
    "categories": null,
    "topics": null,
    "ai_allow": true,
    "has_canonical": false,
    "breaking": false,
    "webz_reporter": false,
    "external_links": [],
    "external_images": [],
    "internal_images": [],
    "entities": {
        "persons": [],
        "locations": [
            {
                "name": "Kingdom",
                "sentiment": "none"
            }
        ],
        "organizations": [
            {
                "name": "IMF",
                "sentiment": "none",
                "tickers": [
                    {
                        "ticker": null,
                        "exchange": null
                    }
                ]
            }
        ]
    },
    "syndication": {
        "syndicated": false,
        "syndicate_id": null,
        "first_syndicated": false
    },
    "trust": {
        "categories": [
            "fake_news"
        ],
        "top_news": [],
        "bias": null,
        "source": {
            "type": null,
            "city": null,
            "state": null,
            "country": null,
            "domain_type": null,
            "agency": null,
            "organization_name": null
        }
    },
    "rating": null,
    "crawled": "2025-11-20T07:25:02.514+02:00",
    "updated": "2025-11-20T11:25:28.314+02:00"
}