{
    "thread": {
        "uuid": "44cf2b56fabb81f6ea9fab4cc3b4a7a038de1de5",
        "url": "https://sakhalin-news.net/incident/2025/11/20/289782.html",
        "site_full": "sakhalin-news.net",
        "site": "sakhalin-news.net",
        "site_section": "https://sakhalin-news.net/rss/news",
        "site_categories": [],
        "section_title": "Лента новостей Сахалина",
        "site_title": "Лента новостей Сахалина",
        "title": "В Аниве завершено расследование уголовного дела по факту браконьерства",
        "title_full": "В Аниве завершено расследование уголовного дела по факту браконьерства",
        "published": "2025-11-20T07:09:00.000+02:00",
        "replies_count": 0,
        "participants_count": 1,
        "site_type": "news",
        "country": "RU",
        "main_image": "https://sakhalin-news.net/img/20251120/f79393b6a59f7f998c95a4ef216d6fa9.jpg",
        "performance_score": 0,
        "domain_rank": null,
        "domain_rank_updated": null,
        "licensing_agency": [],
        "social": {
            "facebook": {
                "likes": 0,
                "comments": 0,
                "shares": 0
            },
            "vk": {
                "shares": 0
            }
        }
    },
    "uuid": "44cf2b56fabb81f6ea9fab4cc3b4a7a038de1de5",
    "url": "https://sakhalin-news.net/incident/2025/11/20/289782.html",
    "ord_in_thread": 0,
    "author": "МВД Сахалинская область",
    "published": "2025-11-20T07:09:00.000+02:00",
    "title": "В Аниве завершено расследование уголовного дела по факту браконьерства",
    "text": "Отделением дознания ОМВД России «Анивский» завершено расследование уголовного дела в отношении двух жителей города Холмска, 37-ми и 47-ми лет, обвиняемых в незаконной добыче водных биологических ресурсов.\nСледствием установлено, что 1 августа текущего года, действуя по предварительному сговору, обвиняемые прибыли на левый берег реки Бачинская Анивского района. Данная река в этот период является миграционным путем и местом нереста рыб семейства лососевых. Злоумышленники, имея при себе три ставные сети, резиновую лодку и весла, установили сети, оборудовав их грузами.\nДождавшись, пока сети наполнятся рыбой, обвиняемые извлекли из них 74 особи лососевых рыб (горбуша), которые складывали в мешки. Вечером того же дня, во время сбора улова, браконьеры были задержаны.\nВ результате незаконной добычи водных биоресурсов, согласно расчету Анивского районного отдела по рыболовству и сохранению ВБР Сахалинского филиала, государству причинен крупный ущерб на сумму более 142 тысяч рублей.\nСвоими умышленными действиями обвиняемые совершили преступление, предусмотренное частью 3 статьи 256 УК РФ (незаконная добыча (вылов) водных биологических ресурсов, совершенная в местах нереста и на миграционных путях к ним, группой лиц по предварительному сговору, причинившая особо крупный ущерб).\nУголовное дело направлено в суд для рассмотрения по существу.\nМатериал подготовлен на основе предварительных данных.",
    "highlightText": "",
    "highlightTitle": "",
    "highlightThreadTitle": "",
    "language": "russian",
    "sentiment": null,
    "categories": null,
    "topics": null,
    "ai_allow": true,
    "has_canonical": false,
    "breaking": false,
    "webz_reporter": false,
    "external_links": [],
    "external_images": [],
    "internal_images": [],
    "entities": {
        "persons": [],
        "locations": [],
        "organizations": []
    },
    "syndication": {
        "syndicated": null,
        "syndicate_id": null,
        "first_syndicated": false
    },
    "trust": {
        "categories": [
            "fake_news"
        ],
        "top_news": [],
        "bias": null,
        "source": {
            "type": null,
            "city": null,
            "state": null,
            "country": null,
            "domain_type": null,
            "agency": null,
            "organization_name": null
        }
    },
    "rating": null,
    "crawled": "2025-11-20T07:19:06.904+02:00",
    "updated": "2025-11-20T07:19:06.904+02:00"
}