{
    "thread": {
        "uuid": "911c10457636e4198564f0e6589efd9b73661d2b",
        "url": "https://www.news18.com/viral/mumbai-mith-chowky-traffic-viraj-ghelani-thief-video-calls-it-the-safest-place-aa-ws-l-9719589.html",
        "site_full": "www.news18.com",
        "site": "news18.com",
        "site_section": "https://www.news18.com/commonfeeds/v1/eng/rss/latest.xml",
        "site_categories": [
            "media",
            "top_news_in",
            "top_news_ph",
            "top_news_pk",
            "top_news_ae",
            "top_news_qa",
            "top_news_sg",
            "top_news_sa",
            "top_news_kw",
            "top_news"
        ],
        "section_title": "Latest News in news18.com, Latest Latest News, Latest News",
        "site_title": "News: Get Latest News Today, Breaking News, Top News Headlines, India and World News | News18",
        "title": "This Mith Chowky Video Proves Even Thieves Can't Move In Mumbai Traffic, Internet Says 'Still Better Than Versova' | Viral News - News18",
        "title_full": "This Mith Chowky Video Proves Even Thieves Can't Move In Mumbai Traffic, Internet Says 'Still Better Than Versova' | Viral News - News18",
        "published": "2025-11-20T07:08:00.000+02:00",
        "replies_count": 0,
        "participants_count": 1,
        "site_type": "news",
        "country": "IN",
        "main_image": "https://images.news18.com/ibnlive/uploads/2025/11/Untitled-design-2025-11-20T103809.743-2025-11-322aba36683fcc649c64380dc7e5e3d2-16x9.jpg",
        "performance_score": 0,
        "domain_rank": 3556,
        "domain_rank_updated": "2025-11-16T23:00:00.000+02:00",
        "licensing_agency": [],
        "social": {
            "facebook": {
                "likes": 1,
                "comments": 0,
                "shares": 2
            },
            "vk": {
                "shares": 0
            }
        }
    },
    "uuid": "911c10457636e4198564f0e6589efd9b73661d2b",
    "url": "https://www.news18.com/viral/mumbai-mith-chowky-traffic-viraj-ghelani-thief-video-calls-it-the-safest-place-aa-ws-l-9719589.html",
    "ord_in_thread": 0,
    "author": "@cnnnews18",
    "published": "2025-11-20T07:08:00.000+02:00",
    "title": "This Mith Chowky Video Proves Even Thieves Can't Move In Mumbai Traffic, Internet Says 'Still Better Than Versova' | Viral News - News18",
    "text": "Mumbai traffic is known to be slow almost everywhere in the city, but people often point to Mith Chowky in Malad as one of the toughest spots to cross. The area is known for long jams that barely move and a recent video by actor and content creator Viraj Ghelani captured this problem in a funny way. In the clip, he is stuck in traffic when someone snatches his phone. His friend gets worried, but Viraj stays calm and even asks for food instead of panicking. His friend reminds him that the phone was costly, but Viraj confidently says he will get it back. A moment later, he finds the thief standing in the same jam, unable to run anywhere. The content creator simply takes his phone and jokingly reminds the thief that nobody can run away at Mith Chowky. Content Creator Highlights Mith Chowky’s Traffic Issue With A Funny Twist The clip starts with Viraj Ghelani talking on the phone when a thief on a two wheeler suddenly grabs it and goes away. Viraj stays calm, but the friend sitting next to him gets anxious, worried that the costly phone was stolen in broad daylight. Even as his friend panics, Viraj promises that he’ll get the phone back and continues chatting about something else. After a moment, he tells his friend he’s going to retrieve it. He then walks for a short distance and easily reaches the thief, who is stuck in the same long traffic line. Viraj takes his phone back and reminds the thief that escaping at Mith Chowky is nearly impossible. Before leaving, he also advises him to wear a helmet as a traffic cop is usually present at the signal. Sharing the clip on Instagram, Viraj Geelani wrote, “Mith Chowky is the safest place.\" Reacting to the post, a user wrote, “Reality of Mumbai. Wittiness with Sarcasm.\" Another shared, “Mith chowki is safer than Dubai.\" “This is the damn brutal truth of that MITH CHOWKI SIGNAL,\" a comment read. An individual stated, “Longest signal in Mumbai.\" Another mentioned, “Some great person once said that people’s hair has turned grey while waiting at Mith Chowki.\" One more added, “Based on a true incident.\" New Flyover Opened To Ease The Congestion To reduce heavy traffic at Mith Chowki, Union Minister Piyush Goyal opened a T-shaped flyover in January this year, following several delays. The bridge is 800 metres long and its eastern route starts from Girdhar Park. It ends near St. Joseph’s School, allowing vehicles to move towards Malad station and the Western Express Highway (WEH). Before the full opening, one section towards Malad station was launched earlier by Goyal and local MLA Aslam Shaikh in October 2024, but only light vehicles were allowed to use it at that time.",
    "highlightText": "",
    "highlightTitle": "",
    "highlightThreadTitle": "",
    "language": "english",
    "sentiment": "neutral",
    "categories": [
        "Social Issue"
    ],
    "topics": [
        "Social Issue->social condition"
    ],
    "ai_allow": true,
    "has_canonical": false,
    "breaking": true,
    "webz_reporter": false,
    "external_links": [],
    "external_images": [],
    "internal_images": [],
    "entities": {
        "persons": [
            {
                "name": "Mith Chowky",
                "sentiment": "positive"
            },
            {
                "name": "Viraj Ghelani",
                "sentiment": "none"
            }
        ],
        "locations": [
            {
                "name": "Malad",
                "sentiment": "none"
            }
        ],
        "organizations": []
    },
    "syndication": {
        "syndicated": false,
        "syndicate_id": null,
        "first_syndicated": false
    },
    "trust": {
        "categories": [
            "fake_news"
        ],
        "top_news": [
            "top_news_in",
            "top_news_ph",
            "top_news_pk",
            "top_news_ae",
            "top_news_qa",
            "top_news_sg",
            "top_news_sa",
            "top_news_kw",
            "top_news"
        ],
        "bias": "center",
        "source": {
            "type": null,
            "city": null,
            "state": null,
            "country": null,
            "domain_type": null,
            "agency": null,
            "organization_name": null
        }
    },
    "rating": null,
    "crawled": "2025-11-20T07:28:24.594+02:00",
    "updated": "2025-11-21T08:08:14.000+02:00"
}