{
    "thread": {
        "uuid": "81ec19da223dfcab4f4c27a35a06c210501113fc",
        "url": "https://saratov-news.net/society/2025/11/20/709272.html",
        "site_full": "saratov-news.net",
        "site": "saratov-news.net",
        "site_section": "https://saratov-news.net",
        "site_categories": [
            "media"
        ],
        "section_title": "Лента новостей Саратова",
        "site_title": "Лента новостей Саратова",
        "title": "Саратовчанка перевела мошенникам более двух миллионов рублей - Лента новостей Саратова",
        "title_full": "Саратовчанка перевела мошенникам более двух миллионов рублей - Лента новостей Саратова",
        "published": "2025-11-20T07:22:00.000+02:00",
        "replies_count": 0,
        "participants_count": 1,
        "site_type": "news",
        "country": "RU",
        "main_image": "https://saratov-news.net/img/20251120/f29827172746846334bd899dd6624fc4_o.jpg",
        "performance_score": 0,
        "domain_rank": null,
        "domain_rank_updated": null,
        "licensing_agency": [],
        "social": {
            "facebook": {
                "likes": 0,
                "comments": 0,
                "shares": 0
            },
            "vk": {
                "shares": 0
            }
        }
    },
    "uuid": "81ec19da223dfcab4f4c27a35a06c210501113fc",
    "url": "https://saratov-news.net/society/2025/11/20/709272.html",
    "ord_in_thread": 0,
    "author": "Саратов24",
    "published": "2025-11-20T07:22:00.000+02:00",
    "title": "Саратовчанка перевела мошенникам более двух миллионов рублей - Лента новостей Саратова",
    "text": "Женщине позвонил якобы курьер службы доставки.\nЕще одна жительница Саратовской области стала жертвой мошенников и лишилась более двух миллионов рублей. Об этом сообщает управление внутренних дел региона.\n34-летней жительнице Татищевского района позвонили с неизвестного номера. Звонивший представился курьером службы доставки. Он рассказал о заказном письме на имя женщины и попросил продиктовать код из смс для его получения.\nПосле этого позвонили с другого номера, звонивший представился специалистом портала Госуслуг. Он рассказал о взломе ее личного кабинета и соединил с \"сотрудником Центробанка России\". Последний убедил женщину, что злоумышленники с ее банковского счета переводят деньги на поддержку противоправной деятельности и она считается их соучастницей. Звонивший рассказал, что спасти сбережения можно только переводом на безопасный счет.\nЖенщина совершила семь переводов на незнакомые счета. В общей сложности она перевела 2 160 000 рублей.\nПо данному факту полицейские возбудили уголовное дело\nПолиция вновь призывает граждан быть бдительными при общении с незнакомцами и не идти у них на поводу.\nНапомним, с начала года более 10 тысяч жителей Саратовской области стали жертвами мошенников. Общий ущерб составил около 705 миллионов рублей.\nВсе важные новости — в канале «Саратов 24» в мессенджере МАХ",
    "highlightText": "",
    "highlightTitle": "",
    "highlightThreadTitle": "",
    "language": "russian",
    "sentiment": null,
    "categories": null,
    "topics": null,
    "ai_allow": true,
    "has_canonical": false,
    "breaking": false,
    "webz_reporter": false,
    "external_links": [
        "https://max.ru/saratov24ru",
        "https://www.max.ru/saratov24ru"
    ],
    "external_images": [],
    "internal_images": [],
    "entities": {
        "persons": [],
        "locations": [],
        "organizations": []
    },
    "syndication": {
        "syndicated": null,
        "syndicate_id": null,
        "first_syndicated": false
    },
    "trust": {
        "categories": [
            "fake_news"
        ],
        "top_news": [],
        "bias": null,
        "source": {
            "type": null,
            "city": null,
            "state": null,
            "country": null,
            "domain_type": null,
            "agency": null,
            "organization_name": null
        }
    },
    "rating": null,
    "crawled": "2025-11-20T07:24:00.270+02:00",
    "updated": "2025-11-20T07:24:00.270+02:00"
}