{
    "thread": {
        "uuid": "a8b64cb1f8db9deed114c763f1dd7f83f86fe4e1",
        "url": "https://www.thedesertreview.com/news/national/jamal-murray-of-the-denver-nuggets-celebrates-after-making-a-shot-in-an-nba-victory/image_0c995374-e6a4-5e9c-a5e1-16a38300b571.html",
        "site_full": "www.thedesertreview.com",
        "site": "thedesertreview.com",
        "site_section": "https://www.thedesertreview.com/search/?f=rss&amp",
        "site_categories": [
            "media"
        ],
        "section_title": "www.thedesertreview.com - RSS Results",
        "site_title": "thedesertreview.com | Imperial Valley news that matters to you",
        "title": "Jamal Murray of the Denver Nuggets celebrates after making a shot in an NBA victory over the Indiana Pacers",
        "title_full": "Jamal Murray of the Denver Nuggets celebrates after making a shot in an NBA victory over the Indiana Pacers",
        "published": "2025-12-04T07:04:00.000+02:00",
        "replies_count": 0,
        "participants_count": 1,
        "site_type": "news",
        "country": "US",
        "main_image": "https://bloximages.newyork1.vip.townnews.com/thedesertreview.com/content/tncms/assets/v3/editorial/0/c9/0c995374-e6a4-5e9c-a5e1-16a38300b571/693118e03f750.image.jpg?crop=341%2C341%2C85%2C0&amp;resize=200%2C200&amp;order=crop%2Cresize",
        "performance_score": 0,
        "domain_rank": 398961,
        "domain_rank_updated": "2025-11-30T23:00:00.000+02:00",
        "licensing_agency": [],
        "social": {
            "facebook": {
                "likes": 0,
                "comments": 0,
                "shares": 0
            },
            "vk": {
                "shares": 0
            }
        }
    },
    "uuid": "a8b64cb1f8db9deed114c763f1dd7f83f86fe4e1",
    "url": "https://www.thedesertreview.com/news/national/jamal-murray-of-the-denver-nuggets-celebrates-after-making-a-shot-in-an-nba-victory/image_0c995374-e6a4-5e9c-a5e1-16a38300b571.html",
    "ord_in_thread": 0,
    "author": "Dylan Buell",
    "published": "2025-12-04T07:04:00.000+02:00",
    "title": "Jamal Murray of the Denver Nuggets celebrates after making a shot in an NBA victory over the Indiana Pacers",
    "text": "Jamal Murray of the Denver Nuggets celebrates after making a shot in an NBA victory over the Indiana Pacers\n- Dylan Buell\n- Updated\n0\nTags\nAs featured on\nJamal Murray poured in 52 points to propel Denver to a 135-120 NBA victory over the Indiana Pacers on Wednesday as the Nuggets continued to thrive on the road.\nPost a comment as anonymous\nReport\nWatch this discussion. Stop watching this discussion.\n(0) comments\nWelcome to the discussion.\nKeep it Clean. Please avoid obscene, vulgar, lewd,\nracist or sexually-oriented language.\nPLEASE TURN OFF YOUR CAPS LOCK.\nDon't Threaten. Threats of harming another\nperson will not be tolerated.\nBe Truthful. Don't knowingly lie about anyone\nor anything.\nBe Nice. No racism, sexism or any sort of -ism\nthat is degrading to another person.\nBe Proactive. Use the 'Report' link on\neach comment to let us know of abusive posts.\nShare with Us. We'd love to hear eyewitness\naccounts, the history behind an article.\nGet the latest local news delivered right to your inbox!\nSuccess! An email has been sent to with a link to confirm list signup.\nError! There was an error processing your request.\nWeekly Best from The Desert Review\nBest trending stories from the week.",
    "highlightText": "",
    "highlightTitle": "",
    "highlightThreadTitle": "",
    "language": "english",
    "sentiment": "positive",
    "categories": [
        "Sport"
    ],
    "topics": [
        "Sport->sport event",
        "Sport->basketball"
    ],
    "ai_allow": false,
    "has_canonical": true,
    "breaking": false,
    "webz_reporter": false,
    "external_links": [],
    "external_images": [],
    "internal_images": [],
    "entities": {
        "persons": [
            {
                "name": "Jamal Murray",
                "sentiment": "none"
            }
        ],
        "locations": [],
        "organizations": [
            {
                "name": "Indiana Pacers",
                "sentiment": "none",
                "tickers": [
                    {
                        "ticker": null,
                        "exchange": null
                    }
                ]
            },
            {
                "name": "Denver Nuggets",
                "sentiment": "none",
                "tickers": [
                    {
                        "ticker": null,
                        "exchange": null
                    }
                ]
            },
            {
                "name": "NBA",
                "sentiment": "none",
                "tickers": [
                    {
                        "ticker": null,
                        "exchange": null
                    }
                ]
            }
        ]
    },
    "syndication": {
        "syndicated": false,
        "syndicate_id": "a8b64cb1f8db9deed114c763f1dd7f83f86fe4e1",
        "first_syndicated": true
    },
    "trust": {
        "categories": [
            "fake_news"
        ],
        "top_news": [],
        "bias": "center",
        "source": {
            "type": "local_news",
            "city": [
                "Brawley"
            ],
            "state": [
                "California"
            ],
            "country": [
                "US"
            ],
            "domain_type": null,
            "agency": null,
            "organization_name": null
        }
    },
    "rating": null,
    "crawled": "2025-12-04T07:19:17.442+02:00",
    "updated": "2025-12-04T07:21:24.000+02:00"
}