{
    "thread": {
        "uuid": "f1b089aa618b459dc4f07b6392544cfbe20b19f3",
        "url": "https://www.newsbreak.com/crime/los-angeles-ca/26569_1764824734_dubmcbvi-couple-arguing-and-possibly-fighting-in-apartment",
        "site_full": "www.newsbreak.com",
        "site": "newsbreak.com",
        "site_section": "https://www.newsbreak.com/crime/los-angeles-ca",
        "site_categories": [
            "under_construction"
        ],
        "section_title": "Los Angeles, CA Crime Map &amp; Safety Statistics | CrimeRadar",
        "site_title": "NewsBreak: Local News &amp; Alerts",
        "title": "Couple arguing and possibly fighting in apartment, Los Angeles CA | CrimeRadar",
        "title_full": "Couple arguing and possibly fighting in apartment, Los Angeles CA | CrimeRadar",
        "published": "2025-12-03T23:05:00.000+02:00",
        "replies_count": 0,
        "participants_count": 1,
        "site_type": "news",
        "country": "US",
        "main_image": "https://ui.prt.news/34.17725,-118.60492.jpeg",
        "performance_score": 0,
        "domain_rank": 2819,
        "domain_rank_updated": "2025-11-30T23:00:00.000+02:00",
        "licensing_agency": [],
        "social": {
            "facebook": {
                "likes": 0,
                "comments": 0,
                "shares": 0
            },
            "vk": {
                "shares": 0
            }
        }
    },
    "uuid": "f1b089aa618b459dc4f07b6392544cfbe20b19f3",
    "url": "https://www.newsbreak.com/crime/los-angeles-ca/26569_1764824734_dubmcbvi-couple-arguing-and-possibly-fighting-in-apartment",
    "ord_in_thread": 0,
    "author": "CrimeRadar",
    "published": "2025-12-03T23:05:00.000+02:00",
    "title": "Couple arguing and possibly fighting in apartment, Los Angeles CA | CrimeRadar",
    "text": "Family Offense\nReported: 12/3/2025 09:05 PM\nCA-27, Los Angeles, CA A man and a woman were reported arguing and possibly physically fighting inside an apartment on Topanga Boulevard near the street.\nAudio |\nSource: LAPD Dispatch - Valley Bureau\n00:14 Transcript:\n00:00 Henigipanga Unite 515 fights 21616, apartment (number withheld), 00:04 apartment (number withheld), apartment, suspects, 00:07 male and female, 00:09 arguing, possible physical fight. 00:12 Code Toinson, (number withheld). Disclaimer:\nThis transcript was automatically generated and may contain inaccuracies. Please verify the information independently.\nLocation mentioned:\nCA-27, Los Angeles, CA This shows a Google Street View of the area near the location, which might not be the exact address.\nCorrect\nIncorrect Share This Information",
    "highlightText": "",
    "highlightTitle": "",
    "highlightThreadTitle": "",
    "language": "english",
    "sentiment": "negative",
    "categories": [
        "Crime, Law and Justice"
    ],
    "topics": [
        "Crime, Law and Justice->police",
        "Crime, Law and Justice->assault"
    ],
    "ai_allow": true,
    "has_canonical": false,
    "breaking": null,
    "webz_reporter": false,
    "external_links": [],
    "external_images": [],
    "internal_images": [],
    "entities": {
        "persons": [],
        "locations": [
            {
                "name": "Topanga Boulevard",
                "sentiment": "none"
            }
        ],
        "organizations": [
            {
                "name": "LAPD Dispatch - Valley Bureau",
                "sentiment": "none",
                "tickers": [
                    {
                        "ticker": null,
                        "exchange": null
                    }
                ]
            }
        ]
    },
    "syndication": {
        "syndicated": false,
        "syndicate_id": null,
        "first_syndicated": false
    },
    "trust": {
        "categories": [
            "fake_news"
        ],
        "top_news": [],
        "bias": "center",
        "source": {
            "type": null,
            "city": null,
            "state": null,
            "country": null,
            "domain_type": null,
            "agency": null,
            "organization_name": null
        }
    },
    "rating": null,
    "crawled": "2025-12-04T07:21:48.935+02:00",
    "updated": "2025-12-04T07:26:25.000+02:00"
}