{
    "thread": {
        "uuid": "239e0e7474d956aae3d7324e9609049d3b6607e9",
        "url": "https://ufa-news.net/economy/2025/12/04/504914.html",
        "site_full": "ufa-news.net",
        "site": "ufa-news.net",
        "site_section": "https://ufa-news.net/other",
        "site_categories": [
            "media"
        ],
        "section_title": "Разное - Лента новостей Башкирии",
        "site_title": "Лента новостей Башкирии",
        "title": "Аграрии Башкирии приобрели техники на миллиард рублей в месяц - Лента новостей Башкирии",
        "title_full": "Аграрии Башкирии приобрели техники на миллиард рублей в месяц - Лента новостей Башкирии",
        "published": "2025-12-04T07:20:00.000+02:00",
        "replies_count": 0,
        "participants_count": 1,
        "site_type": "news",
        "country": "RU",
        "main_image": "https://ufa-news.net/img/20251204/d6fbe631a1e9daa354147fc874f5f453_o.jpg",
        "performance_score": 0,
        "domain_rank": null,
        "domain_rank_updated": null,
        "licensing_agency": [],
        "social": {
            "facebook": {
                "likes": 0,
                "comments": 0,
                "shares": 0
            },
            "vk": {
                "shares": 0
            }
        }
    },
    "uuid": "239e0e7474d956aae3d7324e9609049d3b6607e9",
    "url": "https://ufa-news.net/economy/2025/12/04/504914.html",
    "ord_in_thread": 0,
    "author": "РесБаш",
    "published": "2025-12-04T07:20:00.000+02:00",
    "title": "Аграрии Башкирии приобрели техники на миллиард рублей в месяц - Лента новостей Башкирии",
    "text": "Предприятия сельского хозяйств Башкирии с начала года приобрели 1890 единиц техники на 10,8 млрд рублей, сообщает пресс-служба правительства республики.\nТакие темпы помогает поддерживать программа обновления технического парка агропромышленного комплекса, подчеркнули в минсельхозе регина.\nВ Чекмагушевском районе прошел семинар-совещание по подготовке сельскохозяйственной техники к полевым работам 2026 года.\n— Несмотря на все сложности в экономике, аграрии республики продолжают удерживать темпы приобретения техники из расчета на один миллиард рублей в месяц, — сказал вице-премьер — министр сельского хозяйства РБ Ильшат Фазрахманов. — Важно помнить, что современная техника стоит очень дорого. Поэтому и отношение к ней должно быть соответствующим, бережным. К сожалению, часто бывает наоборот.\nГлава аграрного ведомства также отметил, что тема создания системы машинно-тракторных комплексов обсуждается на федеральном уровне.\n— Практика создания машинно-технологических станций у нас уже есть, — сказал он. — Были времена, когда 60 процентов уборочных площадей приходилось на МТС. Мы, скорее всего, будем создавать такие комплексы, но немного в ином формате. Это будут не только услуги с техникой и по ее обслуживанию, но и скорее всего, весь комплекс агротехнологических услуг, начиная от консультаций агрономов до централизованных поставок семян любых видов, удобрений.\nАвтор: Ильдар АХИЯРОВ",
    "highlightText": "",
    "highlightTitle": "",
    "highlightThreadTitle": "",
    "language": "russian",
    "sentiment": null,
    "categories": null,
    "topics": null,
    "ai_allow": true,
    "has_canonical": false,
    "breaking": false,
    "webz_reporter": false,
    "external_links": [],
    "external_images": [],
    "internal_images": [],
    "entities": {
        "persons": [],
        "locations": [],
        "organizations": []
    },
    "syndication": {
        "syndicated": null,
        "syndicate_id": null,
        "first_syndicated": false
    },
    "trust": {
        "categories": [
            "fake_news"
        ],
        "top_news": [],
        "bias": null,
        "source": {
            "type": null,
            "city": null,
            "state": null,
            "country": null,
            "domain_type": null,
            "agency": null,
            "organization_name": null
        }
    },
    "rating": null,
    "crawled": "2025-12-04T07:24:47.811+02:00",
    "updated": "2025-12-04T07:24:47.811+02:00"
}