{
    "thread": {
        "uuid": "2e0ddb8dda8db6297bd4bd1f7809e3cac5cedcf9",
        "url": "https://www.newsbreak.com/11alive-524572/4378899307539-11alive-news-the-take",
        "site_full": "www.newsbreak.com",
        "site": "newsbreak.com",
        "site_section": "https://www.newsbreak.com/trending/top/experts-warn%3A-internet-shutdown-ahead",
        "site_categories": [
            "under_construction"
        ],
        "section_title": "The latest experts warn: internet shutdown ahead news, videos &amp; comments | NewsBreak",
        "site_title": "NewsBreak: Local News &amp; Alerts",
        "title": "11Alive News: The Take - NewsBreak",
        "title_full": "11Alive News: The Take - NewsBreak",
        "published": "2025-12-03T16:00:00.000+02:00",
        "replies_count": 0,
        "participants_count": 1,
        "site_type": "news",
        "country": "US",
        "main_image": "https://img.particlenews.com/img/id/4HD0cs_172H5vlv00",
        "performance_score": 0,
        "domain_rank": 2819,
        "domain_rank_updated": "2025-11-30T23:00:00.000+02:00",
        "licensing_agency": [],
        "social": {
            "facebook": {
                "likes": 0,
                "comments": 0,
                "shares": 0
            },
            "vk": {
                "shares": 0
            }
        }
    },
    "uuid": "2e0ddb8dda8db6297bd4bd1f7809e3cac5cedcf9",
    "url": "https://www.newsbreak.com/11alive-524572/4378899307539-11alive-news-the-take",
    "ord_in_thread": 0,
    "author": "11Alive",
    "published": "2025-12-03T16:00:00.000+02:00",
    "title": "11Alive News: The Take - NewsBreak",
    "text": "15 hours ago Connect with journalists, meteorologists, news makers and experts to get their “take” on news of the day. Read full article\nRead in NewsBreak",
    "highlightText": "",
    "highlightTitle": "",
    "highlightThreadTitle": "",
    "language": "english",
    "sentiment": "neutral",
    "categories": [],
    "topics": null,
    "ai_allow": true,
    "has_canonical": false,
    "breaking": null,
    "webz_reporter": false,
    "external_links": [],
    "external_images": [],
    "internal_images": [],
    "entities": {
        "persons": [],
        "locations": [],
        "organizations": []
    },
    "syndication": {
        "syndicated": false,
        "syndicate_id": null,
        "first_syndicated": false
    },
    "trust": {
        "categories": [
            "fake_news"
        ],
        "top_news": [],
        "bias": "center",
        "source": {
            "type": null,
            "city": null,
            "state": null,
            "country": null,
            "domain_type": null,
            "agency": null,
            "organization_name": null
        }
    },
    "rating": null,
    "crawled": "2025-12-04T07:20:56.130+02:00",
    "updated": "2025-12-04T07:24:12.000+02:00"
}