{
    "thread": {
        "uuid": "4cba27bf58740afa702ad067f9970690860d1264",
        "url": "https://crimea-news.com/society/2025/12/04/1841853.html",
        "site_full": "crimea-news.com",
        "site": "crimea-news.com",
        "site_section": "https://crimea-news.com/society",
        "site_categories": [
            "media"
        ],
        "section_title": "Общество - Лента новостей Крыма",
        "site_title": "Лента новостей Крыма - последние новости Крыма оперативно",
        "title": "Пятикратно нареченный: история авианесущего крейсера \"Адмирал Кузнецов\" - Лента новостей Крыма",
        "title_full": "Пятикратно нареченный: история авианесущего крейсера \"Адмирал Кузнецов\" - Лента новостей Крыма",
        "published": "2025-12-04T07:12:00.000+02:00",
        "replies_count": 0,
        "participants_count": 1,
        "site_type": "news",
        "country": "RU",
        "main_image": "https://cdn-crimea-news.com/img/20251204/e4cc740976375710cdd4fca3da8f0818_o.jpg",
        "performance_score": 0,
        "domain_rank": 214370,
        "domain_rank_updated": "2025-11-30T23:00:00.000+02:00",
        "licensing_agency": [],
        "social": {
            "facebook": {
                "likes": 0,
                "comments": 0,
                "shares": 0
            },
            "vk": {
                "shares": 0
            }
        }
    },
    "uuid": "4cba27bf58740afa702ad067f9970690860d1264",
    "url": "https://crimea-news.com/society/2025/12/04/1841853.html",
    "ord_in_thread": 0,
    "author": "РИА Новости Крым",
    "published": "2025-12-04T07:12:00.000+02:00",
    "title": "Пятикратно нареченный: история авианесущего крейсера \"Адмирал Кузнецов\" - Лента новостей Крыма",
    "text": "СИМФЕРОПОЛЬ, 4 дек – РИА Новости Крым. 40 лет назад, 4 декабря 1985 года, был спущен на воду тяжелый авианесущий крейсер \"Адмирал Флота Советского Союза Кузнецов\" – единственный авианесущий корабль, одновременно являющийся флагманом Военно-морского флота России и Северного флота.\nКорабль был заложен на Черноморском судостроительном заводе в Николаеве в сентябре 1982 года, зачислен в состав Северного флота в январе 1991 года. За это время крейсер успел сменить пять названий. В проекте он носил имя \"Советский Союз\". После закладки он стал именоваться \"Ригой\" – дань советской традиции, по которой тяжелые крейсеры называли в честь столиц республик СССР. После смерти генсека ЦК КПСС Леонида Брежнева в ноябре 1982-го строящийся корабль решили переименовать в честь ушедшего из жизни советского лидера.\nПод именем \"Леонид Брежнев\" авианосный крейсер и был спущен на воду 4 декабря 1985 года. Спустя два года на волне \"перестройки\" корабль переименовали в \"Тбилиси\". В в октябре 1990-го он получил свое пятое имя, которое носит и по сей день – \"Адмирал Флота Советского Союза Кузнецов\", в честь легендарного главкома ВМФ СССР, Героя Советского Союза Николая Герасимовича Кузнецова, который настаивал на строительстве в Советском Союзе авианосцев и не боялся вступать в жаркие споры с Иосифом Сталиным в вопросах строительства Военно-морских сил страны.\n\"Адмирал Кузнецов\" отличается от полноценных авианосцев меньшим по размерам ангаром и отсутствием катапульт, препятствующим использованию тяжелых самолетов с длинным разбегом. Длина авианосного крейсера – 304,5 метра, ширина – 75 метров, высота, 64,5 метра, полное водоизмещение – 55 000 тонн.\nКорабль может развивать скорость 29 узлов. Его энергетическая установка состоит из четырех паротурбин, мощность каждой – 50000 лошадиных сил. Автономность плавания корабля – 45 суток. Экипаж крейсера – 1960 человек.\nИстребитель Су-33 производит взлет с палубы тяжелого авианесущего крейсера \"Адмирал Кузнецов\"\nОдновременно со строительством корабля с целью подготовки пилотов для посадки на его палубу на аэродроме Саки-4 в Крыму был открыт специальный учебный центр НИТКА (\"Наземный испытательный тренировочный комплекс авиационный\", ныне - полигон взлетно-посадочных систем \"Нитка\"). Первым летчиком в истории советских военно-морских сил, совершившим горизонтальную посадку на корабль, стал летчик-испытатель Герой Советского Союза Виктор Пугачев (1 ноября 1989 года).\nАвианосный крейсер оснащен ракетными пусковыми установками (12 противокорабельных ракет \"Гранит\" и 60 ракет \"Удав-1\"), зенитно-ракетными комплексами \"Клинок\" (192 ракеты, 24 пусковые установки) и \"Каштан\" (256 ракет). На борту могут располагаться до 24 многоцелевых вертолетов Ка-27 и до 12 палубных истребителей Су-27К (Су-33).\nПоскольку \"Адмирал Кузнецов\" является по классификации не авианосцем, а тяжелым авианесущим крейсером, ему разрешено заходить в Черное море. Всем другим авианосцам вход через Босфор и Дарданеллы в черноморские воды запрещен в соответствии с конвенцией Монтре.\nВ 1990-х годах авианосный крейсер регулярно выходил в море на учения, нес боевую службу в Средиземноморье. В 2000 году принимал участие в операции по поиску атомной подводной лодки \"Курск\", затонувшей в Баренцевом море. В 2004 году участвовал в месячном походе в Северную Атлантику, с декабря 2007 года по февраль 2008 года – в походе в Атлантический океан и Средиземное море во главе отряда боевых кораблей.\nС ноября 2016 года \"Адмирал Кузнецов\" выполнял задачи по борьбе с международным терроризмом в Сирии. Взлетавшие с его палубы самолеты Су-33 за два месяца выполнили 420 боевых вылетов, в ходе которых поразили более 1200 объектов боевиков в провинциях Идлиб и Хомс.\nТяжелый авианесущий крейсер (ТАВКР) Северного флота \"Адмирал флота Советского Союза Кузнецов\" у причала 35 судоремонтного завода АО \"Центр судоремонта \"Звездочка\" в Мурманске\nВ 2018 году президент России Владимир Путин наградил авианосный крейсер орденом Ушакова. В том же году корабль поставили в док на капитальный ремонт.\nВ ночь на 30 октября в доке на судоремонтном заводе в Мурманской области при проведении операции по спуску на воду крейсера \"Адмирал Кузнецов\" произошла аварийная ситуация, в результате которой док затонул. Кроме того, упавший кран дока повредил часть палубы и корпуса корабля.\nРаботы по ремонту и модернизации крейсера должны были завершиться в 2020 году, а на испытания корабль должен был выйти в 2021 году. Однако работы не завершены по сегодняшний день.",
    "highlightText": "",
    "highlightTitle": "",
    "highlightThreadTitle": "",
    "language": "russian",
    "sentiment": null,
    "categories": null,
    "topics": null,
    "ai_allow": true,
    "has_canonical": false,
    "breaking": false,
    "webz_reporter": false,
    "external_links": [],
    "external_images": [],
    "internal_images": [],
    "entities": {
        "persons": [],
        "locations": [],
        "organizations": []
    },
    "syndication": {
        "syndicated": null,
        "syndicate_id": null,
        "first_syndicated": false
    },
    "trust": {
        "categories": [
            "fake_news"
        ],
        "top_news": [],
        "bias": null,
        "source": {
            "type": null,
            "city": null,
            "state": null,
            "country": null,
            "domain_type": null,
            "agency": null,
            "organization_name": null
        }
    },
    "rating": null,
    "crawled": "2025-12-04T07:17:41.966+02:00",
    "updated": "2025-12-04T07:17:41.966+02:00"
}