{
    "thread": {
        "uuid": "54d3d21f3caa568c7150a1d68c9a427e134c739e",
        "url": "https://www.mediaite.com/media/piers-morgan-scolds-republican-candidate-for-your-brazen-bigotry-after-dirty-muslim-smear/",
        "site_full": "www.mediaite.com",
        "site": "mediaite.com",
        "site_section": "https://www.mediaite.com/category/media",
        "site_categories": [
            "media",
            "law_government_and_politics",
            "politics",
            "top_news_cl",
            "top_news_us",
            "top_news"
        ],
        "section_title": "Media | Mediaite",
        "site_title": "Mediaite.com | Media &amp; Politics News | TV, Print, Online",
        "title": "Piers Morgan Rips Valentina Gomez for 'Brazen Bigotry' After 'Dirty Muslim' Smear",
        "title_full": "Piers Morgan Rips Valentina Gomez for 'Brazen Bigotry' After 'Dirty Muslim' Smear",
        "published": "2025-12-04T05:22:00.000+02:00",
        "replies_count": 100,
        "participants_count": 48,
        "site_type": "news",
        "country": "US",
        "main_image": "https://www.mediaite.com/wp-content/uploads/2025/12/Gomez-scaled.jpg",
        "performance_score": 0,
        "domain_rank": 12293,
        "domain_rank_updated": "2025-11-30T23:00:00.000+02:00",
        "licensing_agency": [],
        "social": {
            "facebook": {
                "likes": 0,
                "comments": 0,
                "shares": 0
            },
            "vk": {
                "shares": 0
            }
        }
    },
    "uuid": "cdc0b70dce98d600080371b1e8d743fa5621bd44",
    "url": "https://www.mediaite.com/media/piers-morgan-scolds-republican-candidate-for-your-brazen-bigotry-after-dirty-muslim-smear/#post-73",
    "ord_in_thread": 73,
    "author": "Old Man Trump",
    "published": "2025-12-04T05:43:00.000+02:00",
    "title": "",
    "text": "Shut up Piers, you flocking dhimmi.",
    "highlightText": "",
    "highlightTitle": "",
    "highlightThreadTitle": "",
    "language": "english",
    "sentiment": null,
    "categories": null,
    "topics": null,
    "ai_allow": true,
    "has_canonical": false,
    "breaking": null,
    "webz_reporter": false,
    "external_links": null,
    "external_images": null,
    "internal_images": null,
    "entities": {
        "persons": [],
        "locations": [],
        "organizations": []
    },
    "syndication": {
        "syndicated": false,
        "syndicate_id": null,
        "first_syndicated": false
    },
    "trust": {
        "categories": [
            "fake_news"
        ],
        "top_news": [
            "top_news_cl",
            "top_news_us",
            "top_news"
        ],
        "bias": "left",
        "source": {
            "type": null,
            "city": null,
            "state": null,
            "country": null,
            "domain_type": null,
            "agency": null,
            "organization_name": null
        }
    },
    "rating": null,
    "crawled": "2025-12-04T07:21:51.324+02:00",
    "updated": "2025-12-04T11:24:00.164+02:00"
}