{
    "thread": {
        "uuid": "3e0b0358599a1ac2c34e340bbbeb464cc6faa923",
        "url": "https://esrt.press/actualidad/553255-policia-acorralar-manifestantes-manos-arriba-angeles",
        "site_full": "esrt.press",
        "site": "esrt.press",
        "site_section": "https://esrt.press/actualidad",
        "site_categories": [],
        "section_title": "RT en Español - Actualidad",
        "site_title": "RT en Español - Noticias internacionales",
        "title": "VIDEOS: Policía acorrala a manifestantes que caminan con las manos arriba en Los Ángeles",
        "title_full": "VIDEOS: Policía acorrala a manifestantes que caminan con las manos arriba en Los Ángeles",
        "published": "2025-06-12T09:56:00.000+03:00",
        "replies_count": 0,
        "participants_count": 1,
        "site_type": "news",
        "country": "ES",
        "main_image": "https://mf.b37mrtl.ru/actualidad/public_images/2025.06/article/684a734859bf5b44392b91a6.jpg",
        "performance_score": 0,
        "domain_rank": null,
        "domain_rank_updated": null,
        "licensing_agency": [],
        "social": {
            "facebook": {
                "likes": 0,
                "comments": 0,
                "shares": 0
            },
            "vk": {
                "shares": 0
            }
        }
    },
    "uuid": "3e0b0358599a1ac2c34e340bbbeb464cc6faa923",
    "url": "https://esrt.press/actualidad/553255-policia-acorralar-manifestantes-manos-arriba-angeles",
    "ord_in_thread": 0,
    "author": "RT en Español",
    "published": "2025-06-12T09:56:00.000+03:00",
    "title": "VIDEOS: Policía acorrala a manifestantes que caminan con las manos arriba en Los Ángeles",
    "text": "VIDEOS: Policía acorrala a manifestantes que caminan con las manos arriba en Los Ángeles\nLa Policía de Los Ángeles (EE.UU.) acorraló a varios manifestantes que marchaban fuera de la zona del toque de queda decretada el martes en el centro de la ciudad. De acuerdo con videos que circulan en redes sociales, un grupo de personas fue visto en la noche de este miércoles desalojando un sitio con las manos en alto mientras decenas de uniformados los rodeaban.\nSmaller group of protestors are kettled in on western ave and council street\n— Sergio Olmos (@MrOlmos)[pic.twitter.com/HAWUMbMaEb][June 12, 2025]\nLAPD kettling remaining protestors far outside of downtown\n— Sergio Olmos (@MrOlmos)[pic.twitter.com/A0An17uP7a][June 12, 2025]\nEn otras grabaciones, se observa a varios agentes abriendo fuego con balas de goma para dispersar a las personas que aún continuaban reunidas en las calles, lejos del centro.\nCrowd of several hundred have marched into K-town. LAPD has arrived, they fired less lethal rounds into crowd.\n— Sergio Olmos (@MrOlmos)[pic.twitter.com/XCzZbbRakX][June 12, 2025]\nLas autoridades declararon ilegal la congregación y, además de dar orden de dispersión, procedieron a realizar detenciones aleatorias de manifestantes.\nLAPD make a targeted arrest of two woman in the crowd\n— Sergio Olmos (@MrOlmos)[pic.twitter.com/Jdnf3ruvtt][June 12, 2025]\nLAPD makes another targeted arrest.\n— Sergio Olmos (@MrOlmos)[pic.twitter.com/yt3dGeGirO][June 12, 2025]\nLas masivas protestas llegan a su quinto día consecutivo en Los Ángeles, donde se han presentado saqueos, daños a la propiedad pública y choques con la Policía. No obstante, en medio del toque de queda, que comienza a las 8:00 de la tarde y termina a las 6:00 de la mañana, parecen haber señales de que los disturbios han ido disminuyendo, con menos vandalismos nocturnos y enfrentamientos con las fuerzas del orden, aunque el número de arrestos ha aumentado cada día y se acerca a los 400, recoge el diario Los Angeles Times.",
    "highlightText": "",
    "highlightTitle": "",
    "highlightThreadTitle": "",
    "language": "spanish",
    "sentiment": null,
    "categories": null,
    "topics": null,
    "ai_allow": true,
    "has_canonical": true,
    "breaking": false,
    "webz_reporter": false,
    "external_links": [
        "https://www.latimes.com/california/story/2025-06-11/los-angeles-immigration-protest-curfew",
        "https://latimes.com/california/story/2025-06-11/los-angeles-immigration-protest-curfew"
    ],
    "entities": {
        "persons": [
            {
                "name": "Sergio Olmos",
                "sentiment": "none"
            }
        ],
        "locations": [
            {
                "name": "La",
                "sentiment": "none"
            },
            {
                "name": "EE.UU.",
                "sentiment": "none"
            }
        ],
        "organizations": []
    },
    "syndication": {
        "syndicated": null,
        "syndicate_id": null,
        "first_syndicated": false
    },
    "trust": {
        "categories": [
            "fake_news"
        ],
        "top_news": [],
        "bias": null
    },
    "rating": null,
    "crawled": "2025-06-12T10:18:07.284+03:00",
    "updated": "2025-06-12T10:18:07.284+03:00"
}