{
    "thread": {
        "uuid": "08f9415566d4f91ceb5a4b377b568df14c6d7a7d",
        "url": "https://vologda-news.net/incident/2025/06/12/314035.html",
        "site_full": "vologda-news.net",
        "site": "vologda-news.net",
        "site_section": "https://vologda-news.net/rss/news",
        "site_categories": [],
        "section_title": "Лента новостей Вологды",
        "site_title": "Лента новостей Вологды",
        "title": "В Вытегре полицейские вручили паспорта юным жителям округа",
        "title_full": "В Вытегре полицейские вручили паспорта юным жителям округа",
        "published": "2025-06-12T10:03:00.000+03:00",
        "replies_count": 0,
        "participants_count": 1,
        "site_type": "news",
        "country": "RU",
        "main_image": "https://vologda-news.net/img/20250612/2c175f1c0bf75a23c1236155d512fabc_o.jpg",
        "performance_score": 0,
        "domain_rank": null,
        "domain_rank_updated": null,
        "licensing_agency": [],
        "social": {
            "facebook": {
                "likes": 0,
                "comments": 0,
                "shares": 0
            },
            "vk": {
                "shares": 0
            }
        }
    },
    "uuid": "08f9415566d4f91ceb5a4b377b568df14c6d7a7d",
    "url": "https://vologda-news.net/incident/2025/06/12/314035.html",
    "ord_in_thread": 0,
    "author": "МВД Вологодская область",
    "published": "2025-06-12T10:03:00.000+03:00",
    "title": "В Вытегре полицейские вручили паспорта юным жителям округа",
    "text": "В преддверии Дня России в Вытегорской районной библиотеке прошло торжественное мероприятие по вручению паспортов молодым гражданам РФ.\nСвои первые паспорта ребята получили из рук заместителя начальника полиции по оперативной работе — начальника отделения уголовного розыска ОМВД России «Вытегорский» Алексея Власова.\nВ мероприятии также приняли участие представители партии и прокурор Вытегорского района Вологодской области Михаил Новицкий. Присутствующие поздравили ребят со знаменательным событием в их жизни, напомнили о бережном отношении к выданному документу и пожелали удачи и успехов в любых начинаниях.\nПоддержать ребят пришли их родные и близкие. Родители с гордостью наблюдали за своими повзрослевшими детьми. Этот день навсегда останется в памяти юных вытегоров, как символ начала их взрослой, самостоятельной жизни.",
    "highlightText": "",
    "highlightTitle": "",
    "highlightThreadTitle": "",
    "language": "russian",
    "sentiment": null,
    "categories": null,
    "topics": null,
    "ai_allow": true,
    "has_canonical": false,
    "breaking": false,
    "webz_reporter": false,
    "external_links": [],
    "entities": {
        "persons": [],
        "locations": [],
        "organizations": []
    },
    "syndication": {
        "syndicated": null,
        "syndicate_id": null,
        "first_syndicated": false
    },
    "trust": {
        "categories": [
            "fake_news"
        ],
        "top_news": [],
        "bias": null
    },
    "rating": null,
    "crawled": "2025-06-12T10:15:23.770+03:00",
    "updated": "2025-06-12T10:15:23.770+03:00"
}