{
    "thread": {
        "uuid": "c5784b14bd3248bcba42ca296dd715a9d4c37883",
        "url": "https://www.news18.com/world/indian-origin-man-sentenced-in-2-million-call-centre-fraud-targeting-us-seniors-ws-kl-9381701.html",
        "site_full": "www.news18.com",
        "site": "news18.com",
        "site_section": "https://www.news18.com/commonfeeds/v1/eng/rss/text.xml",
        "site_categories": [
            "media",
            "top_news_in",
            "top_news_ph",
            "top_news_pk",
            "top_news_ae",
            "top_news_qa",
            "top_news_sg",
            "top_news_sa",
            "top_news_kw",
            "top_news"
        ],
        "section_title": "Text News in news18.com, Text Latest News, Text News",
        "site_title": "News: Get Latest News Today, Breaking News, Top News Headlines, India and World News | News18",
        "title": "Indian-Origin Man Sentenced in $2 Million Call Centre Fraud Targeting US Seniors",
        "title_full": "Indian-Origin Man Sentenced in $2 Million Call Centre Fraud Targeting US Seniors",
        "published": "2025-06-12T10:03:00.000+03:00",
        "replies_count": 0,
        "participants_count": 1,
        "site_type": "news",
        "country": "IN",
        "main_image": "https://images.news18.com/ibnlive/uploads/2025/02/Mallika-1600-x-900-px-5-2025-02-f24dddaf9534c728ed8bf948384e4f15-16x9.png",
        "performance_score": 0,
        "domain_rank": 2068,
        "domain_rank_updated": "2025-06-03T00:00:00.000+03:00",
        "licensing_agency": [],
        "social": {
            "facebook": {
                "likes": 1,
                "comments": 0,
                "shares": 1
            },
            "vk": {
                "shares": 0
            }
        }
    },
    "uuid": "c5784b14bd3248bcba42ca296dd715a9d4c37883",
    "url": "https://www.news18.com/world/indian-origin-man-sentenced-in-2-million-call-centre-fraud-targeting-us-seniors-ws-kl-9381701.html",
    "ord_in_thread": 0,
    "author": "News18",
    "published": "2025-06-12T10:03:00.000+03:00",
    "title": "Indian-Origin Man Sentenced in $2 Million Call Centre Fraud Targeting US Seniors",
    "text": "Indian-Origin Man Sentenced in $2 Million Call Centre Fraud Targeting US Seniors\nPatel was convicted of money laundering after admitting to collecting over $1.79 million from victims in Florida and other eastern US states\nPranav Patel, a 33-year-old man of Indian origin, has been sentenced to 75 months (over six years) in prison for his involvement in a fraudulent call centre scheme that defrauded elderly citizens across the United States of nearly $2 million. The sentencing took place on June 11 in Tampa, Florida, with Federal Judge William F Jung presiding over the case.\nPatel was busted when he went to a house to collect what he thought was a box of gold. Law enforcement officials, who had him under surveillance, arrested him immediately after he picked up the package.\nRecommended Stories\nPatel was convicted of money laundering after admitting to collecting over $1.79 million from victims in Florida and other eastern US states. The funds were obtained through deceptive tactics, including impersonating US Treasury officials and threatening victims with arrest unless they paid large sums of money or handed over valuables such as gold.\nIn his role as a “money mule\", Patel travelled across state lines to collect the illicit proceeds, which were then laundered through various channels. The operation primarily targeted senior citizens, exploiting their trust and financial vulnerability. One victim reported losing his home due to the financial strain caused by the scam.\nFollowing his conviction, Patel was ordered to forfeit the $1.79 million he had collected from the victims. The case highlights the growing concern over scams targeting the elderly and the importance of safeguarding vulnerable populations from financial exploitation. Authorities have emphasised the need for increased vigilance and protective measures to prevent such fraudulent activities.\n“Preying on vulnerable, unsuspecting elderly victims to rob them of their hard-earned money is despicable,\" Secret Service Special Agent Robert Engel said after the sentencing, adding: “Even worse, the defendant’s co-conspirators posed as government agents to defraud victims of nearly $2 million, threatening them with arrest if they didn’t follow their demands.\"\nAbout the Author\nApoorva Misra\nbreaking news,\nin-depth analysis, and expert perspectives on everything from geopolitics to diplomacy and global trends. Stay informed with the\nlatest world newsonly on News18. Download the\nNews18 Appto stay updated!\n- Location :\n- First Published:",
    "highlightText": "",
    "highlightTitle": "",
    "highlightThreadTitle": "",
    "language": "english",
    "sentiment": "negative",
    "categories": [
        "Crime, Law and Justice"
    ],
    "topics": [
        "Crime, Law and Justice->fraud"
    ],
    "ai_allow": true,
    "has_canonical": false,
    "breaking": true,
    "webz_reporter": false,
    "external_links": [
        "https://onelink.to/eng-article-eop",
        "https://www.onelink.to/eng-article-eop"
    ],
    "entities": {
        "persons": [
            {
                "name": "Patel",
                "sentiment": "negative"
            },
            {
                "name": "William F Jung",
                "sentiment": "none"
            }
        ],
        "locations": [],
        "organizations": [
            {
                "name": "ford",
                "sentiment": "none",
                "tickers": [
                    {
                        "ticker": "F",
                        "exchange": "NYSE"
                    }
                ]
            }
        ]
    },
    "syndication": {
        "syndicated": false,
        "syndicate_id": null,
        "first_syndicated": false
    },
    "trust": {
        "categories": [
            "fake_news"
        ],
        "top_news": [
            "top_news_in",
            "top_news_ph",
            "top_news_pk",
            "top_news_ae",
            "top_news_qa",
            "top_news_sg",
            "top_news_sa",
            "top_news_kw",
            "top_news"
        ],
        "bias": "center"
    },
    "rating": null,
    "crawled": "2025-06-12T10:07:47.414+03:00",
    "updated": "2025-06-13T08:07:52.000+00:00"
}