{
    "thread": {
        "uuid": "c22c8e2c05570ac6675aa9112c8f64cb2ebc91e5",
        "url": "https://nalchik-news.net/society/2025/06/12/86258.html",
        "site_full": "nalchik-news.net",
        "site": "nalchik-news.net",
        "site_section": "https://nalchik-news.net/rss/news",
        "site_categories": [],
        "section_title": "Лента новостей Нальчика",
        "site_title": "Лента новостей Нальчика",
        "title": "\"Команда России\": завершен региональный этап",
        "title_full": "\"Команда России\": завершен региональный этап",
        "published": "2025-06-12T09:55:00.000+03:00",
        "replies_count": 0,
        "participants_count": 1,
        "site_type": "news",
        "country": "RU",
        "main_image": "https://nalchik-news.net/img/20250612/719ccab9fd786784e125d41c68161499_o.jpg",
        "performance_score": 0,
        "domain_rank": null,
        "domain_rank_updated": null,
        "licensing_agency": [],
        "social": {
            "facebook": {
                "likes": 0,
                "comments": 0,
                "shares": 0
            },
            "vk": {
                "shares": 0
            }
        }
    },
    "uuid": "c22c8e2c05570ac6675aa9112c8f64cb2ebc91e5",
    "url": "https://nalchik-news.net/society/2025/06/12/86258.html",
    "ord_in_thread": 0,
    "author": "РИА \"Кабардино-Балкария\"",
    "published": "2025-06-12T09:55:00.000+03:00",
    "title": "\"Команда России\": завершен региональный этап",
    "text": "В корпоративном университете \"Эльбрус\" состоялась встреча участников проекта \"Команда России\". В ходе встречи обсудили результаты работы команды, определили задачи, с которыми предстоит справиться при поддержке экспертов Мастерской управления \"Сенеж\".\nУчастники обсудили \"Лидерский манифест\" - сформулировали свои главные ценности, выделили то, что хотят сделать для себя и своего региона в ходе реализации актуальных проектов, обсудили цели сообщества, инструменты развития и взаимодействия.\nТакже вспомнили, чем запомнился проект, что получилось сделать и какие изменения произошли за это время. Отметили, что командная работа и поддержка очень помогли.\nОпределили двоих делегатов для участия в финале, который пройдет в Мастерской управления «Сенеж», а также команду, которая получила от Сенежа индивидуальное сопровождение и возможность работать в акселераторе.\nВстреча стала отличным завершением проекта и зарядила энергией на новые свершения и победы.",
    "highlightText": "",
    "highlightTitle": "",
    "highlightThreadTitle": "",
    "language": "russian",
    "sentiment": null,
    "categories": null,
    "topics": null,
    "ai_allow": true,
    "has_canonical": false,
    "breaking": false,
    "webz_reporter": false,
    "external_links": [],
    "entities": {
        "persons": [],
        "locations": [],
        "organizations": []
    },
    "syndication": {
        "syndicated": null,
        "syndicate_id": null,
        "first_syndicated": false
    },
    "trust": {
        "categories": [
            "fake_news"
        ],
        "top_news": [],
        "bias": null
    },
    "rating": null,
    "crawled": "2025-06-12T10:14:42.536+03:00",
    "updated": "2025-06-12T10:14:42.536+03:00"
}