{
    "thread": {
        "uuid": "c0286210f34580968d7fb43ec7afb732e89ee3e4",
        "url": "https://dnr-news.ru/society/2025/06/12/1077837.html",
        "site_full": "dnr-news.ru",
        "site": "dnr-news.ru",
        "site_section": "https://dnr-news.ru",
        "site_categories": [],
        "section_title": "Лента новостей ДНР",
        "site_title": "Лента новостей ДНР",
        "title": "Игорь Мартынов: Спутниковый оператор «Русский мир» продолжает активный прием заявок на установку оборудования, предоставляя своим клиентам доступ к широкому спектру телевизионных каналов - Лента новостей ДНР",
        "title_full": "Игорь Мартынов: Спутниковый оператор «Русский мир» продолжает активный прием заявок на установку оборудования, предоставляя своим клиентам доступ к широкому спектру телевизионных каналов - Лента новостей ДНР",
        "published": "2025-06-12T10:07:00.000+03:00",
        "replies_count": 0,
        "participants_count": 1,
        "site_type": "news",
        "country": "RU",
        "main_image": "https://dnr-news.ru/img/20250612/48eb6ef6eb7b8b264c027419ea0c9b18_o.jpg",
        "performance_score": 0,
        "domain_rank": 864861,
        "domain_rank_updated": "2025-06-03T00:00:00.000+03:00",
        "licensing_agency": [],
        "social": {
            "facebook": {
                "likes": 0,
                "comments": 0,
                "shares": 0
            },
            "vk": {
                "shares": 0
            }
        }
    },
    "uuid": "c0286210f34580968d7fb43ec7afb732e89ee3e4",
    "url": "https://dnr-news.ru/society/2025/06/12/1077837.html",
    "ord_in_thread": 0,
    "author": "Игорь Мартынов",
    "published": "2025-06-12T10:07:00.000+03:00",
    "title": "Игорь Мартынов: Спутниковый оператор «Русский мир» продолжает активный прием заявок на установку оборудования, предоставляя своим клиентам доступ к широкому спектру телевизионных каналов - Лента новостей ДНР",
    "text": "Спутниковый оператор «Русский мир» продолжает активный прием заявок на установку оборудования, предоставляя своим клиентам доступ к широкому спектру телевизионных каналов\nВ пакет «Русский мир» входят 20 основных российских телеканалов, обеспечивающих насыщенное информационное и развлекательное наполнение, а также 10 региональных каналов, позволяющих зрителям быть в курсе событий в своих регионах. Кроме того, пакет включает 11 развлекательных каналов, среди которых выделяются и детские программы, что делает его идеальным выбором для семейного просмотра.\nБлагодаря высококачественному сигналу и разнообразию контента, пользователи «Русского мира» могут наслаждаться любимыми передачами, сериалами и фильмами без каких-либо ограничений. Оперативность установки оборудования и простота процесса подключения делают этот сервис доступным для широкого круга зрителей.\nДля получения дополнительной информации и оформления заявки на установку, потенциальные клиенты могут обратиться по телефону: +7 949 629 67 58 или посетить официальный сайт «Русского мира», где также представлены актуальные предложения и условия подключения.\nСервис-бот @rmstvdnrservice_bot",
    "highlightText": "",
    "highlightTitle": "",
    "highlightThreadTitle": "",
    "language": "russian",
    "sentiment": null,
    "categories": null,
    "topics": null,
    "ai_allow": true,
    "has_canonical": false,
    "breaking": false,
    "webz_reporter": false,
    "external_links": [
        "https://rusmirtv.ru/",
        "https://t.me/rmstvdnrservice_bot",
        "https://www.rusmirtv.ru/",
        "https://www.t.me/rmstvdnrservice_bot",
        "https://rusmirtv.ru"
    ],
    "entities": {
        "persons": [],
        "locations": [],
        "organizations": []
    },
    "syndication": {
        "syndicated": null,
        "syndicate_id": null,
        "first_syndicated": false
    },
    "trust": {
        "categories": [
            "fake_news"
        ],
        "top_news": [],
        "bias": null
    },
    "rating": null,
    "crawled": "2025-06-12T10:11:45.429+03:00",
    "updated": "2025-06-12T10:11:45.429+03:00"
}