{
    "thread": {
        "uuid": "d213f7ced516cbf1d7312b29fa13c14d63199574",
        "url": "https://www.newsbreak.com/news/4046272032527-big-day-downtown-sculptures-benefit-concert",
        "site_full": "www.newsbreak.com",
        "site": "newsbreak.com",
        "site_section": "https://local.newsbreak.com/bryant-in",
        "site_categories": [
            "under_construction",
            "non_standard_content"
        ],
        "section_title": "Bryant, IN Local News and More | NewsBreak",
        "site_title": "NewsBreak: Local News &amp; Alerts",
        "title": "Big day downtown: Sculptures, benefit concert - NewsBreak",
        "title_full": "Big day downtown: Sculptures, benefit concert - NewsBreak",
        "published": "2025-06-10T20:24:00.000+03:00",
        "replies_count": 0,
        "participants_count": 1,
        "site_type": "news",
        "country": "US",
        "main_image": "https://img.particlenews.com/img/id/4eIYAC_11j6sv2r00",
        "performance_score": 0,
        "domain_rank": 3213,
        "domain_rank_updated": "2025-06-03T00:00:00.000+03:00",
        "licensing_agency": [],
        "social": {
            "facebook": {
                "likes": 0,
                "comments": 0,
                "shares": 0
            },
            "vk": {
                "shares": 0
            }
        }
    },
    "uuid": "d213f7ced516cbf1d7312b29fa13c14d63199574",
    "url": "https://www.newsbreak.com/news/4046272032527-big-day-downtown-sculptures-benefit-concert",
    "ord_in_thread": 0,
    "author": "Dane Fuelling",
    "published": "2025-06-10T20:24:00.000+03:00",
    "title": "Big day downtown: Sculptures, benefit concert - NewsBreak",
    "text": "wzbd.com\nDecatur\nBig day downtown: Sculptures, benefit concert\nBy Dane Fuelling,\n1 days agoComments\nYOU MAY ALSO LIKE\n · user · 28.0K followers\nDavid Heitz\nSeven children living in van in Denver taken from couple\nThe Denver Department of Human Services this week took seven children from a homeless couple that were living out of their van. Housekeys Action Network Denver, or HAND, shared the story last month of Rehema Cranmer, her partner and their seven children. HAND explained in a statement that the family had to “play Tetris” to fit into the van. People read the article and donated to a fund to buy Cranmer’s family a new van, which they recently acquired, according to HAND.\nDenver, CO ·10d\n · user · 47.9K followers\nMargaret Minnicks\nRichmond residents place dryer sheets in their mailboxes for good reasons\nI was a letter carrier in Virginia for 12 years. While talking to residents on my route, I shared a hack I had read online with them. I tested it on my own mailbox before I shared it with others. It is not a postal service requirement, but it is legal and beneficial to use this hack.\n · user · 25.4K followers\nMeteorologist Joe Cioffi\nPowerful severe storms tornadoes large hail possible Oklahoma Arkansas Kansas Missouri 5/19/2025\nStorm Prediction Center Raises Risk Levels to Moderate Risk For Arkansas North Texas Oklahoma Missouri & Kansas Along With Elevated Tornado & Large Hail Risk Monday May 19, 2025.\n · user · 5.6K followers\nArizona Luminaria\n“Nobody wants to see a bunch of 80 year olds on the street:” Local advocates sound alarm on senior housing\nFor Rae Vermeal, the experience of one Pima County senior illustrates the complexity of the housing struggle for older people in the region. The woman owns her home and gets $967 through Social Security.\n · user · 47.9K followers\nMargaret Minnicks\nI learned how to pick a sweet and juicy watermelon while growing up in Sussex County, Virginia\nI find it amusing watching consumers in my local grocery stores in Richmond, Virginia, trying to purchase the perfect watermelon. I have seen consumers shake watermelons trying to hear what a good one sounds like. I have seen some shoppers put the melon to their noses to smell it. The only one of the five senses they can't use is taste until they buy it and take it home.\n · user · 37.5K followers\nCJ Coombs\n2 more girls missing in Missouri bringing this year's total missing to 25 as of June 7, 2025\nAs of June 7, 2025, according to the National Center for Missing and Exploited Children (NCMEC), there are two more missing children's posters on its website, bringing the total for the year of 2025 to 25 missing teenagers.\n · user · 1.8K followers\nJim DeLillo\nNearly 2 Million Dozen Eggs Recalled in California: Deadly Bacteria Could Be in Your Fridge\nDisclaimer: This article was compiled using public data and sources. It does not represent an affiliation with the FDA, CDC, or August Egg Company. AI was used to assist in content creation, citations, and editing.\n · user · 15.9K followers\nJim O’Rear\nFlorida Woman Strikes... With Bear Mace.\nAh yes, Florida. The only state where the sun isn’t the most dangerous thing in your front yard—it’s your neighbor. Meet Ocala's Ada Anderson, your typical Florida Woman: 81 years old, fueled by hatred, and apparently carrying a holstered canister of bear mace like she’s prepping for a grizzly attack in a preschool.\nOcala, FL ·5d\n · user · 31.6K followers\nDianna Carney\nMeet The Little Dog Who Survived His Entire Life on the Streets Now Looking For a Loving Family\nGreat Dog Rescue New England, a dedicated foster-based dog rescue in Massachusetts, recently introduced Nemo, a charming one-year-old Cairn Terrier and Cattle Dog mix who is patiently waiting for his forever family to come find him. Nemo's journey began when he was born to stray parents. Though it is unclear how he spent his early life living on the streets, he was eventually brought into Great Dog Rescue New England’s care alongside three others who were also born to other strays. Now living with a Northern foster family, Nemo is finally learning what it means to be loved and have a home. His forever home, however, is still something he has not found.\n · user · 12.4K followers\nTanner Callais\nThe 7 Things NEVER to Buy on a Cruise Ship\nIf you take a cruise and don’t spend any extra money, well, you’re not going to have a great time. While some rookie cruisers might envision the ship as being all-inclusive, any veteran cruiser will tell you that there are a number of things not included on your cruise.\n · user · 15.9K followers\nJim O’Rear\nFlorida Has Now Created Hybrid Killer Termites.\nOh great, Florida’s done it again. Not content with having hurricanes that throw lawn chairs into the stratosphere and gators that knock on your front door like Girl Scouts, we’ve now created hybrid killer termites.\n · user · 48.5K followers\nThomas Smith\nOne Dead From Brain-Eating Parasite at a Texas Campground. How to Stay Safe.\nA 71-year-old woman died last month after contracting Naegleria fowleri—the rare amoeba that destroys brain tissue—while staying at an RV park in Texas. Investigators say she rinsed her sinuses with unboiled tap water from the RV’s plumbing, then developed fatal primary amebic meningoencephalitis (PAM) eight days later.\n · user · 11.4K followers\nWyoFile\nBLM decides over 3,000 wild horses can be eliminated from Wyoming’s ‘checkerboard’ starting July 15\nA contentious plan to fully eliminate free-roaming horses from a Delaware-sized region in southwest Wyoming has cleared its environmental review process, and roundups are scheduled to start in about seven weeks.\n · user · 37.5K followers\nCJ Coombs\n8 children listed as missing in Missouri for May 2025, including new names added and removed\nAs of May 31, 2025, according to the National Center for Missing and Exploited Children (NCMEC), there are three more missing children's posters on its website for this month and two names have been removed, bringing the total for May 2025 to eight missing teenagers.\n · user · 28.1K followers\nNorthern Kentucky Tribune\nAdopted son of former Kentucky governor may intervene in his parents’ divorce, judge rules\nA judge has rejected efforts by former Gov. Matt Bevin and his ex-wife Glenna Bevin to keep their divorce settlement confidential, ruling in favor of their adopted son Jonah Bevin, 18, who had asked it be public.\n[ · user · 31.6K followers](/m/dianna-carney-1587871)\nDianna Carney\nMeet the Gentle Dog Left to Starve by the Only Family He Ever Knew Now Looking for Love\nSandy Paws Rescue Inc., a dedicated foster-based dog rescue in Massachusetts, recently introduced Dutch, a gentle dog whose story touches hearts and shows the resilience of rescue dogs. Despite a challenging past marked by abandonment, Dutch has maintained an unwavering spirit and gentle demeanor. \"This sweet, pajama-wearing gentleman was abandoned by the only family he'd ever known, left outside to starve when they no longer wanted him,\" shares the local nonprofit rescue, highlighting the unfortunate circumstances that brought Dutch into their care. Yet, what makes Dutch's story remarkable is not the hardship he endured, but rather his continued capacity for love and trust despite all he has been through.\n[ · user · 18.7K followers](/m/the-hd-post-1600837)\nThe HD Post\nOwner of California trucking company charged in $2 Million credit card scheme\nCALIFORNIA – The U.S. Department of Justice (DOJ) announced Hasan Korkmaz, owner of San Diego Logistics Group Inc., a Santee trucking company, was arraigned, June 4, on an 18-count indictment charging him with bank fraud, money laundering and identity theft.\n[ · user · 11.4K followers](/m/wyofile-1694046)\nWyoFile\nWyoming sorority sisters file new lawsuit, but drop transgender student from case\nThree members of the University of Wyoming’s Kappa Kappa Gamma filed an amended complaint Monday in an ongoing legal battle over the sorority’s inclusion of a transgender member.\n[ · user · 8.6K followers](/m/butter-and-baggage-1934089)\nButter and Baggage\nHello Dolly Bars That Will Disappear Fast\nIf you’ve ever been to a cookout or potluck and found yourself surrounded by an empty dessert tray, you probably know just how magical a good dessert can be. Well, Hello Dolly Bars are that dessert. Sweet, chewy, and downright addictive, these little bars will disappear before you can even say \"seconds, please!\"\n[ · user · 5.4K followers](/m/india-currents-1702904)\nIndia Currents\n“Is America a Democracy? No, Not Any More.”\nOn May 10, Rümeysa Öztürk, a PhD student from Tufts, successfully managed to gain bail and transfer out of ICE holdings in Louisiana. The legal maneuver that saved her from gulag-like conditions was a timely filing of the habeas corpus petition when she was first held in Vermont for a day after her detention by masked ICE agents near her home.\n[ · user · 15.9K followers](/m/greg-wilson-cfa-1601099)\nGreg Wilson, CFA\nMaster’s Degrees With the Highest Return on Investment in Today’s Job Market\nThis article was originally published on DadisFIRE. AI was used for light editing, formatting, and readability. But a human (me!) wrote and edited this. Getting a master’s degree isn’t cheap. Tuition costs are up, competition is high, and too many people jump in without thinking about how long it’ll take to pay that bill back. That sounds harsh, but it’s true.\n[ · user · 13.4K followers](/m/bucks-county-beacon-1702909)\nBucks County Beacon\nPennsylvania Democrats Pass Sweeping Election Overhaul Through the House\nHARRISBURG — A sweeping bill to overhaul the commonwealth’s election laws has passed the Pennsylvania House. Its changes would include creating in-person early voting, giving counties more time to process mail ballots, and requiring counties to use mail ballot drop boxes.\n[ · user · 5.4K followers](/m/india-currents-1702904)\nIndia Currents\nTrump Is Killing The Goose That Laid America’s Golden Eggs\nThere’s no doubt that bloated government bureaucracies need pruning—like an overgrown forest choking off light and life beneath. Universities, too, have often lost their way, nurturing ideological extremes and tolerating open defiance of civil norms. Harvard and other elite institutions have enabled left-wing extremism, including support for Hamas and a disturbing rise in antisemitism. Free speech has suffered, and accountability has waned. These institutions must be held to U.S. laws and ethical standards.\n[ · user · 8.2K followers](/m/rebecca-blackwell-1758934)\nRebecca Blackwell\nThis Is The Best Frosting for Cakes, Cupcakes, and Everything\nMascarpone frosting is exceptionally light and creamy. It's not as sweet as most kinds of frosting and the flavor and consistency are like a richer, thicker version of whipped cream. This is also one of the easiest and quickest kinds of frosting to whip up, taking only about 10 minutes to make.\n[ · user · 31.6K followers](/m/dianna-carney-1587871)\nDianna Carney\nMeet The Young Dog Rescued From Under Storage Containers With 9 Puppies\nSandy Paws Rescue Inc., a dedicated foster-based dog rescue in Massachusetts, recently introduced Kenya, a resilient mother dog whose journey from abandonment to hope truly highlights the transformative power of rescue organizations. Living pregnant and alone, Kenya had sought refuge beneath outdoor storage containers, where she gave birth to eight puppies known as the \"Lion King\" litter. Lucky for all 9 pups, a rescuer discovered the family and brought them all to safety. \"Kenya LOVES people and wants to say hi to everyone,\" shares the rescue organization, highlighting her remarkably friendly disposition despite her challenging past.\n[ · user · 1.8K followers](/m/jim-delillo-1721389)\nJim DeLillo\nUnveiling the Pink Illusion: The Truth Behind the Strawberry Moon\nDespite the convincing photographs, the Strawberry Moon, with its captivating beauty, graces the sky during the transition period between spring and summer, in late May or early June. This first full moon of the year, the Strawberry Moon, heralds the arrival of summer. Occasionally, it aligns with the summer solstice, a rare event that marks the day with the longest duration of sunlight throughout the year.\n[ · user · 26.9K followers](/m/morristown-minute-1590138)\nMorristown Minute\nFive Amtrak Employees Guilty in $11M Healthcare Fraud\nMORRIS COUNTY, NJ - Five current and former Amtrak employees have pleaded guilty in federal court to participating in a multi-million-dollar health care fraud conspiracy that resulted in over $11 million in fraudulent claims paid by Amtrak’s health insurance plan. U.S. Attorney Alina Habba announced the guilty pleas, which were entered before U.S. District Judge Madeline Cox Arleo in Newark.\n[ · user · 31.6K followers](/m/dianna-carney-1587871)\nDianna Carney\nMeet The Gentle Giant Who Was Saved From Neglect Still Looking For Love\nSandy Paws Rescue Inc., a dedicated foster-based rescue in Massachusetts, recently shared that a gentle, eager-to-please dog in their care is still waiting for her forever family to find her after almost two months. This sweet dog named Ava has already overcome so much in her short life, and is hoping she won't have to wait much longer. Ava was rescued from a rural shelter in Central Texas and is estimated to be about five years old. The nonprofit rescue who stepped in to save her explains, “Ava spent her early years being used for breeding and living in a garage. She came from a neglectful situation—shockingly, at the hands of a former police officer—and is now beginning her journey toward healing.\"\n[ · user · 26.4K followers](/m/thecookinchicks-1825738)\nThecookinchicks\nSummertime Southern Peach Cobbler\nIndulge in the ultimate summer treat with our Easy Southern Peach Cobbler! This old-fashioned recipe bursts with flavor and features juicy, fresh peaches. Topped with a delectably buttery crust, this classic dessert is perfect for any occasion.\n[ · user · 31.6K followers](/m/dianna-carney-1587871)\nDianna Carney\nSweet Dog Who Was Hit By Car & Left On Road is Now Looking For Love\nGreat Dog Rescue New England, a dedicated foster-based dog rescue in Massachusetts, would like you to meet Osa, a sweet girl who has overcome many hardships in life and is now ready for a new chapter of happiness. Osa’s early life remains a mystery, but she somehow found herself living as a stray on the streets of Mexico. A Good Samaritan found Oso lying injured on the road after being hit by a car. Oso was taken to a dog Sanctuary outside Mexico City and was given treatment for her injuries. Some time later, Great Dog Rescue New England’s directors met her when visiting the Sanctuary and said, “They could not leave this sweet girl behind and flew her home to Boston with them.” Now Oso is living locally with a foster family who adores her, while she awaits the true forever family she is destined for.",
    "highlightText": "",
    "highlightTitle": "",
    "highlightThreadTitle": "",
    "language": "english",
    "sentiment": "positive",
    "categories": [
        "Human Interest",
        "Lifestyle and Leisure",
        "Social Issue"
    ],
    "topics": [
        "Lifestyle and Leisure->party",
        "Lifestyle and Leisure->lifestyle",
        "Social Issue->social services",
        "Social Issue->communities"
    ],
    "ai_allow": true,
    "has_canonical": false,
    "breaking": null,
    "webz_reporter": false,
    "external_links": [],
    "entities": {
        "persons": [
            {
                "name": "Margaret Minnicks",
                "sentiment": "none"
            },
            {
                "name": "Rehema Cranmer",
                "sentiment": "none"
            },
            {
                "name": "David Heitz",
                "sentiment": "none"
            }
        ],
        "locations": [],
        "organizations": [
            {
                "name": "Denver Department of Human Services",
                "sentiment": "none",
                "tickers": []
            }
        ]
    },
    "syndication": {
        "syndicated": false,
        "syndicate_id": null,
        "first_syndicated": false
    },
    "trust": {
        "categories": [
            "fake_news"
        ],
        "top_news": [],
        "bias": "center"
    },
    "rating": null,
    "crawled": "2025-06-12T10:15:08.971+03:00",
    "updated": "2025-06-12T07:17:46.000+00:00"
}