{
    "thread": {
        "uuid": "cd047ec05ca531e325c03f5332b7ec7d2cd5790e",
        "url": "https://kostroma-news.net/society/2025/06/12/106854.html",
        "site_full": "kostroma-news.net",
        "site": "kostroma-news.net",
        "site_section": "https://kostroma-news.net/other/2025/06/02/106359.html",
        "site_categories": [],
        "section_title": "В районах ускорят обработку территорий от борщевика - Лента новостей Костромы",
        "site_title": "Лента новостей Костромы",
        "title": "#избирком44 - Лента новостей Костромы",
        "title_full": "#избирком44 - Лента новостей Костромы",
        "published": "2025-06-12T10:06:00.000+03:00",
        "replies_count": 0,
        "participants_count": 1,
        "site_type": "news",
        "country": "RU",
        "main_image": "https://kostroma-news.net/img/20250612/5234d3d7c89a85b5b42c54b6ebf7a3a4_o.jpg",
        "performance_score": 0,
        "domain_rank": null,
        "domain_rank_updated": null,
        "licensing_agency": [],
        "social": {
            "facebook": {
                "likes": 0,
                "comments": 0,
                "shares": 0
            },
            "vk": {
                "shares": 0
            }
        }
    },
    "uuid": "cd047ec05ca531e325c03f5332b7ec7d2cd5790e",
    "url": "https://kostroma-news.net/society/2025/06/12/106854.html",
    "ord_in_thread": 0,
    "author": "Избирательная комиссия Костромской области",
    "published": "2025-06-12T10:06:00.000+03:00",
    "title": "#избирком44 - Лента новостей Костромы",
    "text": "Главная\nЛента\nОфициально\nТоп\nВидео\nСМИ\nПаблики\nМнения\nПроисшествия\nО нас\n#избирком44\n12 июня 2025, 10:06\nЛента новостей Костромы\nОфициально\n#избирком44\n#избирком44\nИсточник:\nTelegram-канал \"Избирательная комиссия Костромской области\"\nЭто интересно\nТоп\nВ Октябрьском районе следователем устанавливаются обстоятельства гибели женщины при пожаре\nСледственными органами Следственного комитета Российской Федерации по Костромской области проводится проверка по факту пожара жилого дома в деревне Лебеди Октябрьского района, произошедшего 11 июня 2025 года, в результате...\n08:54\nВокальный ансамбль \"Поколение МВД\" поздравил жителей Костромы с Днём России\nВ программе коллектива песни о России, родном городе и конечно людях. Концерт завершился флешмобом, жители и участника концерта сложили вместе большой триколор, который сделали своими руками.#культурныйцентр44...\n10:06\nМЧС России поздравляет с Днём России\n12 июня наша страна отмечает важный государственный праздник – День России!Это один из самых «молодых» государственных праздников в стране, отмечаемый ежегодно 12 июня. Именно в этот день в 1990 году была принята Декларация о государственном...\n07:01\nВ Шарье подведены итоги олимпиады по праву среди школьников, приуроченной к празднованию Дня России\nШарьинским межрайонным следственным отделом следственного управления СК России по Костромской области совместно с Шарьинской межрайонной прокуратурой проведена ежегодная олимпиада учащихся по праву имени А.М. Гарбера, приуроченная к...\n10:06\nВ преддверии Дня России в Шарье подведены итоги олимпиады по праву среди школьников\nШарьинская межрайонная прокуратура совместно с Шарьинским межрайонным следственным отделом СУ СК РФ по Костромской области с привлечением ветеранов прокуратуры области провели ежегодную олимпиаду учащихся по праву имени А.М. Гарбера...\n10:02\n#избирком44\n10:06\nС Днём России губернатора и жителей Костромской области поздравил Михаил Мишустин\nПредседатель Правительства пожелал костромичам здоровья, счастья и благополучия.«Поздравляю Вас с Днём России! Этот праздник объединяет всех, кто гордится своей страной, чтит её историю, великие...\n10:02\nСегодня свой День рождения отмечает наша многонациональная, могучая, бескрайняя Россия\nСпециально к 12 июня мы подготовили видеоролик, в котором расскажем о том, почему мы гордимся страной, где живем и служим. #МВД #Кострома #ДеньРоссии #БудьвФорме\n08:18\nВладимир Путин поздравил жителей Костромской области с Днем России\nПрезидент России направил поздравительную телеграмму губернатору Сергею Ситникову.«Мы гордимся великой историей Отечества, грандиозными свершениями нашего народа. Верность заветам предков, любовь к Родине, ответственность за...\n09:43\nСергей Ситников поздравил жителей Костромской области с Днем России\nГубернатор подчеркнул, что это праздник всех, кто гордится нашей страной.Дорогие земляки! Поздравляю вас с Днём России! Это праздник всех, кто гордится нашей страной, верит в нее, чувствует свою ответственность за её настоящее и будущее. День...\n09:43\nУспей проголосовать!. Всего один день остался для выбора территории, которая будет благоустроена в Костроме по нацпроекту \"Инфраструктура для жизни\"\nУспей проголосовать!Всего один день остался для выбора территории, которая будет благоустроена в Костроме по нацпроекту \"Инфраструктура для жизни\". Голосование завершится сегодня ночью.В списке 11 территорий:- часть центральной городской набережной от...\n09:16\nГлава администрации города Алексей Смирнов поздравляет костромичей с Днём России\nДорогие костромичи, поздравляю вас с Днем России! Наша страна отмечает этот важный праздник ежегодно в день принятия декларации о государственном суверенитете. 12 июня символизирует свободу и независимость России, ее богатство культуры и...\n08:54\nВ Октябрьском районе следователем устанавливаются обстоятельства гибели женщины при пожаре\nСледственными органами СК России по Костромской области проводится проверка по факту пожара жилого дома в деревне Лебеди Октябрьского района, произошедшего 11 июня 2025 года, в результате которого погибла местная жительница 1973...\n08:37\nАлексей Смирнов: Дорогие костромичи, поздравляю вас с Днем России!\nДорогие костромичи, поздравляю вас с Днем России! Наша страна отмечает этот важный праздник ежегодно в день принятия декларации о государственном суверенитете. 12 июня символизирует свободу и независимость России, ее богатство культуры и...\n08:37\n#ПожарыЗаСутки. За прошедшие сутки в области произошло 2 пожара\n#ПожарыЗаСуткиЗа прошедшие сутки в области произошло 2 пожара. К сожалению, 1 человек погиб, 1 житель региона получил травмы.В 21:06 11 июня поступило сообщение о возгорании частного жилого дома в д. Лебеди Октябрьского...\n06:30\nПоздравление и.о. прокурора Костромской области Николая Игнашина с Днём России:\n«Уважаемые коллеги, ветераны органов прокуратуры, жители региона!12 июня - в день принятия в 1990 году Декларации о государственном суверенитете мы вместе со всей страной отмечаем День России – праздник, знаменующий начало современного этапа...\n08:46\nПоздравление Председателя Следственного комитета с Днем России\nСегодня в нашей стране отмечается важный государственный праздник – День России. Этот день наполнен особым чувством гордости за нашу Родину, за её выдающиеся свершения на всех этапах исторического пути, за исключительное мужество и созидательный...\n06:02\nПоздравление главы МЧС России Александра Куренкова с Днём России (видео)\nУважаемые коллеги! Дорогие ветераны!От всей души поздравляю вас с Днём России — праздником, который олицетворяет наше единство, гордость за великую историю страны и уверенность в ее будущем.Вековые духовные традиции и нравственные ценности...\n07:27\nПоздравление Генерального прокурора Российской Федерации Игоря Краснова с Днем России:\n«Уважаемые коллеги! Дорогие ветераны! Друзья!Поздравляю вас с Днем России! 12-е июня – символ общего стремления россиян служить и работать на благо Отечества. Этот день напоминает нам о многовековой истории нашей страны, ее...\n08:22\nПоздравление нaчальника Главнoго управления МЧС России по Костромской области Дмитрия Корнеева с Днём России\nУважаемые жители Костромской области! 12 июня наша страна отмечает важный государственный праздник – День России! Это один из самых «молодых» государственных праздников в стране, отмечаемый ежегодно 12 июня. Именно в этот день в 1990 году была принята...\n05:11\nЛента новостей\n10:06\n#избирком44\n10:06",
    "highlightText": "",
    "highlightTitle": "",
    "highlightThreadTitle": "",
    "language": "russian",
    "sentiment": null,
    "categories": null,
    "topics": null,
    "ai_allow": true,
    "has_canonical": true,
    "breaking": false,
    "webz_reporter": false,
    "external_links": [],
    "entities": {
        "persons": [],
        "locations": [],
        "organizations": []
    },
    "syndication": {
        "syndicated": null,
        "syndicate_id": null,
        "first_syndicated": false
    },
    "trust": {
        "categories": [
            "fake_news"
        ],
        "top_news": [],
        "bias": null
    },
    "rating": null,
    "crawled": "2025-06-12T10:17:17.755+03:00",
    "updated": "2025-06-12T10:17:17.755+03:00"
}