{
    "thread": {
        "uuid": "3c6ab244a7bf18b6632b122ec312319177e550c2",
        "url": "http://business.malvern-online.com/malvern-online/article/prleap-2025-6-12-kerrville-tx-author-publishes-childrens-book-about-cancer",
        "site_full": "business.malvern-online.com",
        "site": "malvern-online.com",
        "site_section": "http://business.malvern-online.com/malvern-online/markets/news?currentpage=13",
        "site_categories": [
            "stocks",
            "finance"
        ],
        "section_title": "Stock Market News | NSDQ, NYSE, and AMEX Stock Market News, Market News Categories, Market Indicators | User | malvern-online.com ",
        "site_title": "malvern-online.com | HOT SPRING COUNTY'S ONLY DAILY NEWS SOURCE SINCE 1916",
        "title": "Kerrville, TX Author Publishes Children's Book About Cancer | User | malvern-online.com",
        "title_full": "Kerrville, TX Author Publishes Children's Book About Cancer | User | malvern-online.com",
        "published": "2025-06-12T10:00:00.000+03:00",
        "replies_count": 0,
        "participants_count": 1,
        "site_type": "news",
        "country": "US",
        "main_image": "",
        "performance_score": 0,
        "domain_rank": 90610,
        "domain_rank_updated": "2025-06-03T00:00:00.000+03:00",
        "licensing_agency": [],
        "social": {
            "facebook": {
                "likes": 0,
                "comments": 0,
                "shares": 0
            },
            "vk": {
                "shares": 0
            }
        }
    },
    "uuid": "3c6ab244a7bf18b6632b122ec312319177e550c2",
    "url": "http://business.malvern-online.com/malvern-online/article/prleap-2025-6-12-kerrville-tx-author-publishes-childrens-book-about-cancer",
    "ord_in_thread": 0,
    "author": "malvern-online.com",
    "published": "2025-06-12T10:00:00.000+03:00",
    "title": "Kerrville, TX Author Publishes Children's Book About Cancer | User | malvern-online.com",
    "text": "(PRLeap.com) \"Our Mom Has Cancer\", a new book by Danielle Waters, has been released by RoseDog Books.\nCancer is a tricky thing to understand, especially if you're a kid. But Momma has courage and words of wisdom to share to help you feel brave!\nAbout the Author\nDanielle Waters has two daughters who are Waters' world. She is happily married, and is fighting breast cancer. Waters and her girls love creating art, writing stories, and playing. She wanted to write a book to help kids not be so scared when they hear the word \"cancer.\"\nWaters' mom had cancer twice, and her dad passed away from cancer. This has touched her life in so many ways, and now she's going through it herself. This book means so much to her, and she hopes it helps even just one person to not feel so scared and understand cancer is not the end.\n\"Our Mom Has Cancer\" is a 30-page paperback with a retail price of $18.00 (eBook $13.00). The ISBN is 979-8-89211-203-1. It was published by RoseDog Books of Pittsburgh, Pennsylvania. To buy the book, visit our online bookstore at https://rosedogbookstore.com/our-mom-has-cancer GET IN TOUCH\nAmanda Urso\nRoseDog Books\nhttps://rosedogbookstore.com/\nYou can see the original version and more on PRLeap here: http://www.prleap.com/pr/305532/kerrville-tx-author-publishes-childrens-book-about-cancer\nStock Quote API & Stock News API supplied by www.cloudquote.io\nQuotes delayed at least 20 minutes.\nBy accessing this page, you agree to the following\nand .",
    "highlightText": "",
    "highlightTitle": "",
    "highlightThreadTitle": "",
    "language": "english",
    "sentiment": "positive",
    "categories": [
        "Health",
        "Human Interest",
        "Education"
    ],
    "topics": [
        "Health->medical profession",
        "Health->health organisation",
        "Health->cancer",
        "Education->students",
        "Education->early childhood education",
        "Education->parents group"
    ],
    "ai_allow": true,
    "has_canonical": false,
    "breaking": false,
    "webz_reporter": false,
    "external_links": [
        "https://www.financialcontent.com/tos",
        "https://images.financialcontent.com/investcenter/fcon_dark.svg",
        "https://markets.financialcontent.com/stocks",
        "https://rosedogbookstore.com/",
        "https://tracking.newsrpm.com/pixel?slug=prleap-2025-6-12-kerrville-tx-author-publishes-childrens-book-about-cancer",
        "https://www.cloudquote.io",
        "https://www.financialcontent.com/privacy",
        "https://www.googletagmanager.com/gtag/js?id=UA-8590502-3",
        "https://rosedogbookstore.com/our-mom-has-cancer",
        "http://www.prleap.com/pr/305532/kerrville-tx-author-publishes-childrens-book-about-cancer",
        "https://rosedogbookstore.com",
        "https://www.markets.financialcontent.com/stocks",
        "https://financialcontent.com/privacy",
        "https://www.googletagmanager.com/gtag/js",
        "https://www.images.financialcontent.com/investcenter/fcon_dark.svg",
        "https://cloudquote.io",
        "https://googletagmanager.com/gtag/js?id=UA-8590502-3",
        "http://prleap.com/pr/305532/kerrville-tx-author-publishes-childrens-book-about-cancer",
        "https://www.rosedogbookstore.com/our-mom-has-cancer",
        "https://www.rosedogbookstore.com/",
        "https://financialcontent.com/tos",
        "https://www.tracking.newsrpm.com/pixel?slug=prleap-2025-6-12-kerrville-tx-author-publishes-childrens-book-about-cancer",
        "https://tracking.newsrpm.com/pixel"
    ],
    "entities": {
        "persons": [
            {
                "name": "RoseDog Books",
                "sentiment": "negative"
            },
            {
                "name": "Danielle Waters",
                "sentiment": "none"
            },
            {
                "name": "Momma",
                "sentiment": "none"
            }
        ],
        "locations": [],
        "organizations": []
    },
    "syndication": {
        "syndicated": false,
        "syndicate_id": "3c6ab244a7bf18b6632b122ec312319177e550c2",
        "first_syndicated": true
    },
    "trust": {
        "categories": [
            "fake_news"
        ],
        "top_news": [],
        "bias": null
    },
    "rating": null,
    "crawled": "2025-06-12T10:07:50.570+03:00",
    "updated": "2025-06-12T07:19:03.000+00:00"
}