{
    "thread": {
        "uuid": "d84a6891a3884200ee4b9f7bea8b8cd1f348a917",
        "url": "https://www.origo.hu/itthon/2025/06/arulkodo-memeken-karacsony-gergely-nagy-pillanatai",
        "site_full": "www.origo.hu",
        "site": "origo.hu",
        "site_section": "https://origo.hu/dosszie/amerikai-elnokvalasztas-2024",
        "site_categories": [
            "sports",
            "top_news_sk",
            "top_news_hu",
            "top_news_rs",
            "top_news_at",
            "top_news_ro",
            "top_news"
        ],
        "section_title": "Amerikai elnökválasztás 2024 dosszié | origo.hu",
        "site_title": "ORIGO",
        "title": "Árulkodó mémeken Karácsony Gergely nagy pillanatai",
        "title_full": "Árulkodó mémeken Karácsony Gergely nagy pillanatai",
        "published": "2025-06-12T09:59:00.000+03:00",
        "replies_count": 0,
        "participants_count": 1,
        "site_type": "news",
        "country": "HU",
        "main_image": "https://cdn.origo.hu/2025/06/XPv0hpzPDdEM_HjaCmE9fIQf1eX07gwhD57PmW3u4jI/fill/1200/675/no/1/aHR0cHM6Ly9jbXNjZG4uYXBwLmNvbnRlbnQucHJpdmF0ZS9jb250ZW50L2U0ZWZiYjg2NjE4NzQyM2Y4OTExNzg3Yjg5N2JhM2Nl.webp",
        "performance_score": 0,
        "domain_rank": 17571,
        "domain_rank_updated": "2025-06-03T00:00:00.000+03:00",
        "licensing_agency": [],
        "social": {
            "facebook": {
                "likes": 0,
                "comments": 0,
                "shares": 0
            },
            "vk": {
                "shares": 0
            }
        }
    },
    "uuid": "d84a6891a3884200ee4b9f7bea8b8cd1f348a917",
    "url": "https://www.origo.hu/itthon/2025/06/arulkodo-memeken-karacsony-gergely-nagy-pillanatai",
    "ord_in_thread": 0,
    "author": "Origo",
    "published": "2025-06-12T09:59:00.000+03:00",
    "title": "Árulkodó mémeken Karácsony Gergely nagy pillanatai",
    "text": "Noha Karácsony Gergely még „csak” öt és fél éve Budapest főpolgármestere, jóval hosszabbnak tűnik ez az idő annak fényében, hogy a városvezetőnek mennyi ballépése, félresikerült nyilatkozata, komikus vagy éppen dühöt kiváltó akciója volt 2019 őszi kinevezése óta.\nA főpolgármester szerencsétlenkedéseiről számos mém született.\nA legbővebb mémtermés talán a Blaha Lujza téri nyilvános illemhely kapcsán született. A térnek a metrókijárattól legtávolabb eső felén elhelyezett, hibás állapotban átadott fémbudin mások mellett Deák Dániel is élcelődött. Az elemző közösségi oldalán megosztott montázson a főpolgármester szelfije alatt az látható, ahogy Gyurcsány Ferenc, a DK elnöke épp jön ki egy Toi-Toi vécéből, Karácsony pedig azt mondja neki: „Még ide is követsz?”",
    "highlightText": "",
    "highlightTitle": "",
    "highlightThreadTitle": "",
    "language": "hungarian",
    "sentiment": null,
    "categories": null,
    "topics": null,
    "ai_allow": true,
    "has_canonical": false,
    "breaking": true,
    "webz_reporter": false,
    "external_links": [
        "https://magyarnemzet.hu/poszt-trauma/2022/12/karacsonyi-budi-building",
        "https://www.magyarnemzet.hu/poszt-trauma/2022/12/karacsonyi-budi-building"
    ],
    "entities": {
        "persons": [],
        "locations": [],
        "organizations": []
    },
    "syndication": {
        "syndicated": null,
        "syndicate_id": null,
        "first_syndicated": false
    },
    "trust": {
        "categories": [
            "fake_news"
        ],
        "top_news": [
            "top_news_sk",
            "top_news_hu",
            "top_news_rs",
            "top_news_at",
            "top_news_ro",
            "top_news"
        ],
        "bias": "right"
    },
    "rating": null,
    "crawled": "2025-06-12T10:15:49.062+03:00",
    "updated": "2025-06-12T10:15:49.062+03:00"
}