{
    "thread": {
        "uuid": "6d3d34cc0cb86d31268f7041275af3119dd933c3",
        "url": "https://stavropol-news.net/society/2025/06/12/292495.html",
        "site_full": "stavropol-news.net",
        "site": "stavropol-news.net",
        "site_section": "https://stavropol-news.net/rss/news",
        "site_categories": [],
        "section_title": "Лента новостей Ставрополя",
        "site_title": "Лента новостей Ставрополя",
        "title": "Юные таланты детской школы искусств поздравляют любимый Ставрополь с Днём России",
        "title_full": "Юные таланты детской школы искусств поздравляют любимый Ставрополь с Днём России",
        "published": "2025-06-12T09:46:00.000+03:00",
        "replies_count": 0,
        "participants_count": 1,
        "site_type": "news",
        "country": "RU",
        "main_image": "https://stavropol-news.net/img/20250612/962cad026388b5e9b69b795a5f06d026_o.jpg",
        "performance_score": 0,
        "domain_rank": null,
        "domain_rank_updated": null,
        "licensing_agency": [],
        "social": {
            "facebook": {
                "likes": 0,
                "comments": 0,
                "shares": 0
            },
            "vk": {
                "shares": 0
            }
        }
    },
    "uuid": "6d3d34cc0cb86d31268f7041275af3119dd933c3",
    "url": "https://stavropol-news.net/society/2025/06/12/292495.html",
    "ord_in_thread": 0,
    "author": "Администрация города Ставрополя",
    "published": "2025-06-12T09:46:00.000+03:00",
    "title": "Юные таланты детской школы искусств поздравляют любимый Ставрополь с Днём России",
    "text": "Юные таланты детской школы искусств поздравляют любимый Ставрополь с Днём России.\nЭто интересно\nТоп\nРодина начинается с каждого из нас. Все вместе мы пишем историю великой страны. С Днём России поздравила Ставрополь активная городская молодёжь.\nМаленькие ставропольцы рассказывают о любви к своей Родине.Красивую и добрую акцию ко дню России подготовил краевой телеканал СвоёТВ.Свои мысли о родном крае прислали ребята из всех городов и округов нашего региона. Полные версии публикуются в...\nВчера днем огнеборцам сообщили о возгорании квартиры на улице Калинина. Прибыв на место, специалисты эвакуировали ребенка и потушили огонь на площади 9 квадратных метров.Самостоятельно покинули квартиры 11 жильцов, из них 4 – дети. На месте работали...\nПо предварительным данным, 11 июня примерно в 19 часов 45 минут на 29-м километре автодороги «Лермонтов-Черкесск», водитель автомобиля Nissan, двигаясь со стороны г. Пятигорска в направлении г. Черкесска, при повороте налево вне перекрёстка...\nСегодня в нашей стране отмечается важный государственный праздник – День России. Этот день наполнен особым чувством гордости за нашу Родину, за её выдающиеся свершения на всех этапах исторического пути, за исключительное мужество и созидательный...\nВ День России в Ставрополе пройдёт шоу барабанов Завтра, 12 июня, в краевой столице отметят День России. По всему городу будут организованы различные мероприятия, посвящённые этому празднику. Одна из крупных...\nПоздравляем вас с Днём России!Пусть любовь к Родине живёт в сердце каждого, а новый день приносит возможность совершать добрые поступки и развивать нашу страну\nНакануне выпускники школ, которые заканчивают обучение в одиннадцатом классе, сдали свои последние экзамены в рамках ЕГЭ. Это были иностранные языки и информатика.\nВ то время как экзаменационные комиссии продолжают проверять работы по этим...\n12 июня в Ставрополе завершится голосование в рамках программы «Формирование комфортной городской среды» на 2026 год\nСегодня последний день, когда жители краевой столицы могут сделать выбор в пользу одной из нескольких десятков территорий, участвующих в федеральной программе «Формирование комфортной городской среды». Объект, который станет победителем...\n«Поздравляю всех с Днем России! Родина – не только на карте. Она в сердце каждого из нас. Через всю жизнь мы проносим чувство сопричастности со своей страной. Гордость достижениями предков, ответственность за будущее Родины – то, что мы передаем своим...\nНачнется мероприятие в 18:00. Вход свободныйВ ставропольском пространстве «Кислород» пройдет встреча с писателем Ольгой Макеевой (16+). Автор презентует свою книгу о родном городе – «Волгоградский алфавит».\nВ издании будут представлены не только...\nВ спортклубе «Бештау» Лермонтова состоялся корпоративный турнир по мини-футболу, посвящённый 80-летию Победы в Великой Отечественной войне. Об этом сообщили в «Россети Северный Кавказ». На турнир по мини-футболу «Энергия Великой Победы» съехались семь...\nС Днем Великой России, дорогие друзья!12 июня мы чествуем нашу Родину, страну с уникальной тысячелетней историей, богатейшим наследием и невероятной силой духа!Сегодня Россия решает сложные и важные задачи, а жители страны объединяются в...\nСегодня — последний шанс для жителей краевой столицы определиться с выбором. Они могут отдать предпочтение одной из нескольких десятков территорий, участвующих в федеральной программе «Формирование комфортной городской среды».\nВ следующем году объект...\n«Уважаемые коллеги! Дорогие ветераны! Друзья!Поздравляю вас с Днем России! 12-е июня – символ общего стремления россиян служить и работать на благо Отечества. Этот день напоминает нам о многовековой истории нашей страны, ее...\nЭтот день символизирует нашу гордость за свою страну, её богатое историческое наследие и достижения, которыми мы можем восхищаться\nЭтот день символизирует нашу гордость за свою страну, её богатое историческое наследие и достижения, которыми мы можем восхищаться.Сегодня Россия уверенно движется вперед, сохраняя верность традициям и открывая новые горизонты. Благодаря...\nСпециалисты «Ставропольэнерго» заменили устаревшее оборудование на основной подстанции Кисловодска — 110 кВ «Зеленогорская». Теперь на объекте работает современная техника отечественного производства, сообщили в пресс-службе компании «Россети Северный...\n12 июня страна отмечает важный государственный праздник — День России. Для ставропольцев подготовили насыщенную программу мероприятий в музейно-выставочный комплексе «Россия — Моя история», сообщили в пресс-службе учреждения. ...\nОсобое внимание дорожных полицейских будет направлено на укрепление транспортной дисциплины и пресечения нарушений Правил дорожного движения со стороны всех участников дорожного движения, в том числе водителей транспортных средств, осуществляющих...\nЛента новостей\n09:14 Посёлок Иноземцево. Артём Мелетов09:14",
    "highlightText": "",
    "highlightTitle": "",
    "highlightThreadTitle": "",
    "language": "russian",
    "sentiment": null,
    "categories": null,
    "topics": null,
    "ai_allow": true,
    "has_canonical": true,
    "breaking": false,
    "webz_reporter": false,
    "external_links": [],
    "entities": {
        "persons": [],
        "locations": [],
        "organizations": []
    },
    "syndication": {
        "syndicated": null,
        "syndicate_id": null,
        "first_syndicated": false
    },
    "trust": {
        "categories": [
            "fake_news"
        ],
        "top_news": [],
        "bias": null
    },
    "rating": null,
    "crawled": "2025-06-12T10:15:21.381+03:00",
    "updated": "2025-06-12T10:15:21.381+03:00"
}