{
    "thread": {
        "uuid": "e0882edb29aa6c4882efa335fb0761ca71657b4a",
        "url": "https://news.ru/russia/stalo-izvestno-kogda-ceny-na-nektariny-persiki-i-abrikosy-upadut-vdvoe",
        "site_full": "news.ru",
        "site": "news.ru",
        "site_section": "https://news.ru/rss/",
        "site_categories": [
            "under_construction",
            "top_news_ru",
            "top_news_ua",
            "top_news_il",
            "top_news"
        ],
        "section_title": "NEWS.ru - главные новости дня",
        "site_title": "NEWS.ru - главные новости дня",
        "title": "Стало известно, когда цены на нектарины, персики и абрикосы упадут вдвое",
        "title_full": "Стало известно, когда цены на нектарины, персики и абрикосы упадут вдвое",
        "published": "2025-06-12T10:05:00.000+03:00",
        "replies_count": 0,
        "participants_count": 0,
        "site_type": "news",
        "country": "RU",
        "main_image": "",
        "performance_score": 0,
        "domain_rank": 17709,
        "domain_rank_updated": "2025-06-03T00:00:00.000+03:00",
        "licensing_agency": [],
        "social": {
            "facebook": {
                "likes": 0,
                "comments": 0,
                "shares": 0
            },
            "vk": {
                "shares": 0
            }
        }
    },
    "uuid": "e0882edb29aa6c4882efa335fb0761ca71657b4a",
    "url": "https://news.ru/russia/stalo-izvestno-kogda-ceny-na-nektariny-persiki-i-abrikosy-upadut-vdvoe",
    "ord_in_thread": 0,
    "author": null,
    "published": "2025-06-12T10:05:00.000+03:00",
    "title": "Стало известно, когда цены на нектарины, персики и абрикосы упадут вдвое",
    "text": "К июлю абрикосы, персики и нектарины на российских рынках подешевеют на 50-60%, заявил «Газете.Ru» кандидат экономических наук, доцент Финансового университета при правительстве РФ Игорь Балынин. По его словам, цены в сетевых магазинах упадут вдвое.\nК середине июля цены на абрикосы, персики и нектарины на рынках, по моим прогнозам, будут ниже на 50–60% от текущих значений, а также в сетевых магазинах — в два раза ниже от текущих значений, —\n[сказал]он.\nБалынин подчеркнул, что в магазинах начнется «гонка за потребителя». Он также посоветовал покупателям торговаться на рынках, чтобы купить фрукты дешевле.\nРанее доцент Института мировой экономики и бизнеса экономического факультета РУДН Хаджимурад Белхароев заявил, что на фоне возможных проблем с урожаем до конца 2025 года овощи и фрукты в России могут существенно подорожать. Так, цены на овощи вырастут на 30%, допускает эксперт. Стоимость фруктов, по его словам, увеличится на 50%.",
    "highlightText": "",
    "highlightTitle": "",
    "highlightThreadTitle": "",
    "language": "russian",
    "sentiment": "negative",
    "categories": [
        "Economy, Business and Finance"
    ],
    "topics": [
        "Economy, Business and Finance->economy",
        "Economy, Business and Finance->products and services",
        "Economy, Business and Finance->financial and economic news"
    ],
    "ai_allow": true,
    "has_canonical": false,
    "breaking": true,
    "webz_reporter": false,
    "external_links": [],
    "entities": {
        "persons": [],
        "locations": [],
        "organizations": []
    },
    "syndication": {
        "syndicated": null,
        "syndicate_id": null,
        "first_syndicated": false
    },
    "trust": {
        "categories": [
            "fake_news"
        ],
        "top_news": [
            "top_news_ru",
            "top_news_ua",
            "top_news_il",
            "top_news"
        ],
        "bias": null
    },
    "rating": null,
    "crawled": "2025-06-12T10:17:43.398+03:00",
    "updated": "2025-06-13T08:05:10.000+00:00"
}