{
    "thread": {
        "uuid": "cd3b635abe120c61c7fd379fe3fcf237e4d490c7",
        "url": "https://www.hindustantimes.com/htcity/wellness/teen-changemaker-tackles-nutrition-gaps-with-a-local-superfood-101749711353626.html",
        "site_full": "www.hindustantimes.com",
        "site": "hindustantimes.com",
        "site_section": "https://news.google.com/search?q=a%20when%3A1h&hl=en-US&gl=US&ceid=US%3Aen",
        "site_categories": [
            "media",
            "top_news_pk",
            "top_news_gb",
            "top_news_kw",
            "top_news_sa",
            "top_news_nz",
            "top_news_au",
            "top_news_sg",
            "top_news_ie",
            "top_news_za",
            "top_news_ph",
            "top_news_ae",
            "top_news_us",
            "top_news_in",
            "top_news_ca",
            "top_news_my",
            "top_news_iq",
            "top_news_qa",
            "top_news"
        ],
        "section_title": "Google News - Search",
        "site_title": "News: Today’s News Headlines, Breaking News India, World News and Cricket News | Hindustan Times",
        "title": "Teen changemaker tackles nutrition gaps with a local superfood - Hindustan Times",
        "title_full": "Teen changemaker tackles nutrition gaps with a local superfood - Hindustan Times",
        "published": "2025-06-12T10:01:00.000+03:00",
        "replies_count": 0,
        "participants_count": 1,
        "site_type": "news",
        "country": "IN",
        "main_image": "https://www.hindustantimes.com/ht-img/img/2025/06/12/1600x900/Sattu_Fusion_1749711488562_1749711508955.jpg",
        "performance_score": 0,
        "domain_rank": 862,
        "domain_rank_updated": "2025-06-03T00:00:00.000+03:00",
        "licensing_agency": [],
        "social": {
            "facebook": {
                "likes": 0,
                "comments": 0,
                "shares": 0
            },
            "vk": {
                "shares": 0
            }
        }
    },
    "uuid": "cd3b635abe120c61c7fd379fe3fcf237e4d490c7",
    "url": "https://www.hindustantimes.com/htcity/wellness/teen-changemaker-tackles-nutrition-gaps-with-a-local-superfood-101749711353626.html",
    "ord_in_thread": 0,
    "author": "@httweets",
    "published": "2025-06-12T10:01:00.000+03:00",
    "title": "Teen changemaker tackles nutrition gaps with a local superfood - Hindustan Times",
    "text": "Teen changemaker tackles nutrition gaps with a local superfood\nMeet 16-year-old Vivaan Vasudeva—footballer, nutrition coach and founder of a superfood-powered solution now helping para-athletes and cancer patients alike\nWhat began as a personal setback for 16-year-old Vivaan Vasudeva, a student at The Shri Ram School, Moulsari, has evolved into a purpose-driven mission. During the pandemic, Vivaan was forced off the football field. He gained weight and struggled with his performance once sports resumed.\nDetermined to turn things around, he studied sports nutrition through the National Academy of Sports Medicine, lost 18kg, and made a comeback — this time playing football at the state level.\nThat transformation became the spark for something bigger. While his younger sister, 13-year-old Samaira Vasudeva, trained alongside para-athletes, Vivaan observed the immense talent of these athletes — but also noticed a glaring gap: limited access to proper nutrition. In response, he launched NutriAssist, an initiative offering personalised, affordable meal plans for athletes from modest backgrounds.\nIn just over a year, three athletes he worked with went on to represent India at the Para Asian Games. “When these athletes went on to win medals for our country, I knew this solution needed to be scaled,” he says.\nOne of the biggest challenges was ensuring adequate protein intake on a limited budget — which led to the creation of SattuFusion, a nutrient-dense vegan blend built around sattu, a local superfood.\nVivaan says, “Being a changemaker starts with spotting a problem that tugs at you so hard, you can’t ignore it. For me, it was protein-energy malnutrition. I grew up on sattu — a humble roasted Bengal gram flour packed with protein — and I thought: why can’t this age-old staple be reimagined for today? That question lit the fuse for SattuFusion and gave this project its spine — purpose.”\nToday, SattuFusion — a pediatric-safe, chemical-free supplement — is being provided to children undergoing chemotherapy at the Rajiv Gandhi Cancer Institute. Tailored for underprivileged families, it helps maintain critical weight and muscle mass during cancer treatment.\nThrough a partnership with The Bigger Picture NGO, SattuFusion is now part of two cloud kitchens that serve over 200 fortified meals daily to undernourished children across Delhi-NCR. Proceeds from its sales on Amazon help fund the initiative — creating a full-circle model of impact",
    "highlightText": "",
    "highlightTitle": "",
    "highlightThreadTitle": "",
    "language": "english",
    "sentiment": "positive",
    "categories": [
        "Health",
        "Human Interest"
    ],
    "topics": [
        "Health->health organisation",
        "Health->health treatment and procedure",
        "Health->diet"
    ],
    "ai_allow": true,
    "has_canonical": false,
    "breaking": true,
    "webz_reporter": false,
    "external_links": [],
    "entities": {
        "persons": [
            {
                "name": "Samaira Vasudeva",
                "sentiment": "none"
            },
            {
                "name": "Vivaan Vasudeva",
                "sentiment": "none"
            }
        ],
        "locations": [],
        "organizations": [
            {
                "name": "Hindustan Times",
                "sentiment": "negative",
                "tickers": []
            },
            {
                "name": "National Academy of Sports Medicine",
                "sentiment": "none",
                "tickers": []
            },
            {
                "name": "Shri Ram School",
                "sentiment": "none",
                "tickers": []
            }
        ]
    },
    "syndication": {
        "syndicated": false,
        "syndicate_id": null,
        "first_syndicated": false
    },
    "trust": {
        "categories": [
            "fake_news"
        ],
        "top_news": [
            "top_news_pk",
            "top_news_gb",
            "top_news_kw",
            "top_news_sa",
            "top_news_nz",
            "top_news_au",
            "top_news_sg",
            "top_news_ie",
            "top_news_za",
            "top_news_ph",
            "top_news_ae",
            "top_news_us",
            "top_news_in",
            "top_news_ca",
            "top_news_my",
            "top_news_iq",
            "top_news_qa",
            "top_news"
        ],
        "bias": "center"
    },
    "rating": null,
    "crawled": "2025-06-12T10:09:57.632+03:00",
    "updated": "2025-06-12T07:17:29.000+00:00"
}