{
    "thread": {
        "uuid": "1d4eac04acb5e2964398420a085dc169e06f9407",
        "url": "https://irkutsk-news.net/other/2025/06/12/290639.html",
        "site_full": "irkutsk-news.net",
        "site": "irkutsk-news.net",
        "site_section": "https://irkutsk-news.net/society",
        "site_categories": [
            "media"
        ],
        "section_title": "Общество - Лента новостей Иркутска",
        "site_title": "Лента новостей Иркутска",
        "title": "Ухудшение погоды.. По данным Иркутского управления по гидрометеорологии и мониторингу окружающей среды, 13-14 июня местами ожидается высокая 4 класса и чрезвычайная 5 класса пожароопасность лесов - Лента новостей Иркутска",
        "title_full": "Ухудшение погоды.. По данным Иркутского управления по гидрометеорологии и мониторингу окружающей среды, 13-14 июня местами ожидается высокая 4 класса и чрезвычайная 5 класса пожароопасность лесов - Лента новостей Иркутска",
        "published": "2025-06-12T10:01:00.000+03:00",
        "replies_count": 0,
        "participants_count": 1,
        "site_type": "news",
        "country": "RU",
        "main_image": "https://irkutsk-news.net/img/20250612/6173f0ad25d1ec89b7e2dbae97c242a0_o.jpg",
        "performance_score": 0,
        "domain_rank": null,
        "domain_rank_updated": null,
        "licensing_agency": [],
        "social": {
            "facebook": {
                "likes": 0,
                "comments": 0,
                "shares": 0
            },
            "vk": {
                "shares": 0
            }
        }
    },
    "uuid": "1d4eac04acb5e2964398420a085dc169e06f9407",
    "url": "https://irkutsk-news.net/other/2025/06/12/290639.html",
    "ord_in_thread": 0,
    "author": "Город Иркутск",
    "published": "2025-06-12T10:01:00.000+03:00",
    "title": "Ухудшение погоды.. По данным Иркутского управления по гидрометеорологии и мониторингу окружающей среды, 13-14 июня местами ожидается высокая 4 класса и чрезвычайная 5 класса пожароопасность лесов - Лента новостей Иркутска",
    "text": "Ухудшение погоды.\nПо данным Иркутского управления по гидрометеорологии и мониторингу окружающей среды, 13-14 июня местами ожидается высокая 4 класса и чрезвычайная 5 класса пожароопасность лесов,\nпо области местами ожидаются ливневые дожди, грозы, днём при грозах сильный северо-западный ветер с порывами до 15-18 м/с.\nПо городу Иркутску: переменная облачность, кратковременный дождь, ночью гроза, ветер северо-западный 6-11 м/с, температура ночью +8, +10°, днём до +21°.",
    "highlightText": "",
    "highlightTitle": "",
    "highlightThreadTitle": "",
    "language": "russian",
    "sentiment": null,
    "categories": null,
    "topics": null,
    "ai_allow": true,
    "has_canonical": true,
    "breaking": false,
    "webz_reporter": false,
    "external_links": [],
    "entities": {
        "persons": [],
        "locations": [],
        "organizations": []
    },
    "syndication": {
        "syndicated": null,
        "syndicate_id": null,
        "first_syndicated": false
    },
    "trust": {
        "categories": [
            "fake_news"
        ],
        "top_news": [],
        "bias": null
    },
    "rating": null,
    "crawled": "2025-06-12T10:15:40.758+03:00",
    "updated": "2025-06-12T10:15:40.758+03:00"
}