{
    "thread": {
        "uuid": "89879fd68c2ccf98aad518a2320891c4010adf74",
        "url": "https://www.breitbart.com/pre-viral/2025/03/19/police-florida-man-threatened-donald-trump-challenged-antichrist-potus-to-fight-me-naked-to-the-death",
        "site_full": "www.breitbart.com",
        "site": "breitbart.com",
        "site_section": "https://world.einnews.com/ajax/headlines",
        "site_categories": [
            "media",
            "law_government_and_politics",
            "politics",
            "top_news_us",
            "top_news"
        ],
        "section_title": "",
        "site_title": "Breitbart News Network",
        "title": "Man Arrested After Threatening Trump: 'Fight Me Naked to the Death'",
        "title_full": "Man Arrested After Threatening Trump: 'Fight Me Naked to the Death'",
        "published": "2025-03-19T22:34:00.000+02:00",
        "replies_count": 100,
        "participants_count": 80,
        "site_type": "news",
        "country": "US",
        "main_image": "https://media.breitbart.com/media/2025/03/Kendal-Aaron-Todd-640x335.jpg",
        "performance_score": 0,
        "domain_rank": 1711,
        "domain_rank_updated": "2025-03-17T23:00:00.000+02:00",
        "social": {
            "facebook": {
                "likes": 0,
                "comments": 0,
                "shares": 0
            },
            "vk": {
                "shares": 0
            }
        }
    },
    "uuid": "fda6b6c977f0802e62dadd317a2e85676b54f77d",
    "url": "https://www.breitbart.com/pre-viral/2025/03/19/police-florida-man-threatened-donald-trump-challenged-antichrist-potus-to-fight-me-naked-to-the-death#post-91",
    "ord_in_thread": 91,
    "parent_url": null,
    "author": "XJumper",
    "published": "2025-03-20T00:18:00.000+02:00",
    "title": "",
    "text": "Now that's unusually cruel punishment. Gotta go bleach my mind's eye now, thanks.",
    "highlightText": "",
    "highlightTitle": "",
    "highlightThreadTitle": "",
    "language": "english",
    "sentiment": null,
    "categories": null,
    "topics": null,
    "ai_allow": true,
    "has_canonical": false,
    "breaking": true,
    "webz_reporter": false,
    "external_links": null,
    "external_images": [],
    "entities": {
        "persons": [],
        "locations": [],
        "organizations": []
    },
    "syndication": {
        "syndicated": false,
        "syndicate_id": null,
        "first_syndicated": false
    },
    "trust": {
        "categories": [
            "fake_news"
        ]
    },
    "rating": null,
    "crawled": "2025-03-20T00:36:10.123+02:00",
    "updated": "2025-03-20T17:47:37.448+02:00"
}