{
    "thread": {
        "uuid": "f6c05aa4e52e2aa886abfb0d492df26a9c1b7187",
        "url": "https://sakhalin-news.net/society/2025/03/20/255883.html",
        "site_full": "sakhalin-news.net",
        "site": "sakhalin-news.net",
        "site_section": "https://sakhalin-news.net/rss/news",
        "site_categories": [],
        "section_title": "Лента новостей Сахалина",
        "site_title": "Лента новостей Сахалина",
        "title": "Морозное весеннее утро в Южно-Сахалинске",
        "title_full": "Морозное весеннее утро в Южно-Сахалинске",
        "published": "2025-03-20T00:27:00.000+02:00",
        "replies_count": 0,
        "participants_count": 0,
        "site_type": "news",
        "country": "RU",
        "main_image": "https://sakhalin-news.net/img/20250320/a9734fd6dd154fd3ba220c45e0dde2ec_o.jpg",
        "performance_score": 0,
        "domain_rank": null,
        "domain_rank_updated": null,
        "social": {
            "facebook": {
                "likes": 0,
                "comments": 0,
                "shares": 0
            },
            "vk": {
                "shares": 0
            }
        }
    },
    "uuid": "f6c05aa4e52e2aa886abfb0d492df26a9c1b7187",
    "url": "https://sakhalin-news.net/society/2025/03/20/255883.html",
    "ord_in_thread": 0,
    "parent_url": null,
    "author": null,
    "published": "2025-03-20T00:27:00.000+02:00",
    "title": "Морозное весеннее утро в Южно-Сахалинске",
    "text": "Морозное весеннее утро в Южно-Сахалинске\nПрипорошенные снегом голые ветви деревьев, сугробы и пешеходы в пуховиках.\nНа Сахалине шёл конец марта...\n———\nПодписаться на нас: @sakhonline\nПрислать нам новость: @Sakhonlinebot\nМорозное весеннее утро в Южно-Сахалинске\nПрипорошенные снегом голые ветви деревьев, сугробы и пешеходы в пуховиках.\nНа Сахалине шёл конец марта...\n———\nПодписаться на нас: @sakhonline\nПрислать нам новость: @Sakhonlinebot",
    "highlightText": "",
    "highlightTitle": "",
    "highlightThreadTitle": "",
    "language": "russian",
    "sentiment": null,
    "categories": null,
    "topics": null,
    "ai_allow": true,
    "has_canonical": false,
    "breaking": false,
    "webz_reporter": false,
    "external_links": [
        "https://t.me/Sakhonlinebot",
        "https://t.me/sakhonline",
        "https://www.t.me/sakhonline",
        "https://www.t.me/Sakhonlinebot"
    ],
    "external_images": [],
    "entities": {
        "persons": [],
        "locations": [],
        "organizations": []
    },
    "syndication": {
        "syndicated": null,
        "syndicate_id": null,
        "first_syndicated": false
    },
    "trust": {
        "categories": [
            "fake_news"
        ]
    },
    "rating": null,
    "crawled": "2025-03-20T00:52:22.637+02:00",
    "updated": "2025-03-20T00:52:22.637+02:00"
}