{
    "thread": {
        "uuid": "1ab7a2a0c748ca2f015da9d05acbcabb553cfce7",
        "url": "https://esrt.press/actualidad/543541-tarzan-chita-terrible-frase-conmebol-brasil",
        "site_full": "esrt.press",
        "site": "esrt.press",
        "site_section": "https://esrt.press/actualidad",
        "site_categories": [],
        "section_title": "RT en Español - Actualidad",
        "site_title": "RT en Español - Noticias internacionales",
        "title": "La Libertadores sin clubes de Brasil \"sería como Tarzán sin Chita\": La terrible frase del jefe de Conmebol - RT",
        "title_full": "La Libertadores sin clubes de Brasil \"sería como Tarzán sin Chita\": La terrible frase del jefe de Conmebol - RT",
        "published": "2025-03-20T00:30:00.000+02:00",
        "replies_count": 0,
        "participants_count": 1,
        "site_type": "news",
        "country": "ES",
        "main_image": "https://mf.b37mrtl.ru/actualidad/public_images/2025.03/article/67db0e50e9ff711b630c401d.jpg",
        "performance_score": 0,
        "domain_rank": 937786,
        "domain_rank_updated": "2025-03-17T23:00:00.000+02:00",
        "social": {
            "facebook": {
                "likes": 0,
                "comments": 0,
                "shares": 0
            },
            "vk": {
                "shares": 0
            }
        }
    },
    "uuid": "1ab7a2a0c748ca2f015da9d05acbcabb553cfce7",
    "url": "https://esrt.press/actualidad/543541-tarzan-chita-terrible-frase-conmebol-brasil",
    "ord_in_thread": 0,
    "parent_url": null,
    "author": "RT en Español",
    "published": "2025-03-20T00:30:00.000+02:00",
    "title": "La Libertadores sin clubes de Brasil \"sería como Tarzán sin Chita\": La terrible frase del jefe de Conmebol - RT",
    "text": "La Libertadores sin clubes de Brasil \"sería como Tarzán sin Chita\": La terrible frase del jefe de Conmebol\nUna desafortunada frase utilizó el paraguayo Alejandro Domínguez, presidente de la Confederación Sudamericana de Fútbol (Conmebol), para referirse a la idea de que los equipos profesionales de Brasil se retiren de la Copa Libertadores, la competición más importante de clubes del continente americano.\n\"Eso sería como Tarzán sin Chita, imposible\", dijo Domínguez el martes en la noche luego que un grupo de periodistas le preguntaran sobre la posibilidad de que los conjuntos brasileños abandonen el torneo continental debido a los continuos dichos racistas y ataques xenófobos que reciben durante sus visitas a otros países cuando juegan de visitantes.\nLa terrible frase expresada por el jefe de la Conmebol ocasionó el rechazo inmediato, especialmente desde\nBrasil, porque hace referencia al chimpancé de las películas de Tarzán, lo que resulta similar a los dichos empleados por fanáticos contra los jugadores brasileños cuando los llaman \"monos\", \"simios\", \"changos\" u otro adjetivo para señalarlos como primates.\nDECLARAÇÃO ABSURDA E INACEITÁVEL DO PRESIDENTE DA CONMEBOL! 😡Alejandro Domínguez comparou a Libertadores sem brasileiros com Tarzan sem Chita, chimpanzé que era personagem de filmes dos anos 30 e 40.— TNT Sports BR (@TNTSportsBR)\n[pic.twitter.com/NiOWJYmhMN] [March 18, 2025]\nPor este dicho, calificado como \"racista\" y \"xenófobo\", Domínguez publicó un\ncomunicado en X. \"En relación con mis recientes declaraciones, quiero expresar mis disculpas. La expresión que utilicé es una frase popular y jamás tuve la intención de menospreciar ni descalificar a nadie. La Conmebol Libertadores es impensable sin la participación de clubes de los 10 países miembros\".\n\"Siempre he promovido el respeto y la inclusión en el fútbol y en la sociedad, valores fundamentales para la Conmebol. Reafirmo mi compromiso de seguir trabajando por un fútbol más justo, unido y libre de discriminación\", agregó Domínguez en su escrito.\nDesde que se han registrado distintos hechos\nracistas en las canchas de fútbol suramericanas, múltiples voces piden precisamente que Conmebol aplique castigos severos para acabar con el racismo y la xenofobia dentro del fútbol.\nCaso Palmeiras\nUno de los casos más recientes ocurrió en Paraguay el pasado 6 de marzo, cuando en un partido de la Copa Libertadores sub 20, el jugador Luighi, delantero del Palmeiras brasileño, lloró al denunciar que aficionados del equipo paraguayo Cerro Porteño le expresaron dichos racistas.\nPor ese caso, la Conmebol multó al club con 50.000 dólares y prohibió la asistencia de la\nfanaticada a próximos juegos del torneo. Sin embargo, para la directiva de Palmeiras el castigo no fue suficiente.\nDurante el reciente sorteo de la fase de grupos de la Copa Libertadores, el propio Domínguez se solidarizó con el \"dolor de Luighi\". \"Nuestro desafío es ser justos con quienes son responsables de estos actos (...) La Conmebol aplica sanciones y hace todo lo posible para cambiar esta realidad. Pero no es suficiente\", añadió el dirigente.\nPor su parte, la presidenta de Palmeiras, Leila Pereira, dijo que le costó creer que fuera cierta la declaración de Domínguez al comparar los clubes brasileños con Chita. \"Confieso que me costó creerlo. Incluso pensé que podría ser inteligencia artificial\", dijo.\n\"Pensándolo bien, ni siquiera la inteligencia artificial sería capaz de emitir una declaración tan desastrosa como esta. Es imposible que, incluso después del caso de racismo contra los atletas del Palmeiras en Paraguay, el presidente de la Conmebol hiciera una comparación tan abominable\", añadió Pereira, quien con anterioridad propuso la salida de Conmebol de los clubes de Brasil y, en cambio, sugirió que se unieran a la Confederación de Norteamérica, Centroamérica y el Caribe de Fútbol (Concacaf).\nPereira también señaló que la expresión de Domínguez \"incluso parece una provocación al Palmeiras y a otros clubes brasileños. Esta declaración demuestra, una vez más, la dificultad de la Conmebol para comprender qué es el racismo. Si quienes dirigen el fútbol sudamericano ni siquiera saben qué es el racismo, ¿cómo podrán combatirlo?\", cuestionó.",
    "highlightText": "",
    "highlightTitle": "",
    "highlightThreadTitle": "",
    "language": "spanish",
    "sentiment": null,
    "categories": null,
    "topics": null,
    "ai_allow": true,
    "has_canonical": true,
    "breaking": false,
    "webz_reporter": false,
    "external_links": [
        "https://actualidad.rt.com/actualidad/471829-ministerio-peru-rechazar-racismo-copa-sudamericana",
        "https://actualidad.rt.com/actualidad/430217-racismo-contra-fanaticos-corinthians-sanciones-boca-juniors",
        "https://actualidad.rt.com/actualidad/476202-buenos-aires-sancionar-hinchas-quemar-peso",
        "https://actualidad.rt.com/actualidad/473205-preparador-enfrentar-prision-brasil-gestos-racistas",
        "https://x.com/agdws/status/1902015898514346146",
        "https://actualidad.rt.com/actualidad/469640-brasil-inaceptable-racistas-hinchas-argentinos-fluminense",
        "https://www.actualidad.rt.com/actualidad/469640-brasil-inaceptable-racistas-hinchas-argentinos-fluminense",
        "https://www.actualidad.rt.com/actualidad/476202-buenos-aires-sancionar-hinchas-quemar-peso",
        "https://www.x.com/agdws/status/1902015898514346146",
        "https://www.actualidad.rt.com/actualidad/473205-preparador-enfrentar-prision-brasil-gestos-racistas",
        "https://www.actualidad.rt.com/actualidad/430217-racismo-contra-fanaticos-corinthians-sanciones-boca-juniors",
        "https://www.actualidad.rt.com/actualidad/471829-ministerio-peru-rechazar-racismo-copa-sudamericana"
    ],
    "external_images": [],
    "entities": {
        "persons": [
            {
                "name": "Alejandro Domínguez",
                "sentiment": "none"
            }
        ],
        "locations": [],
        "organizations": [
            {
                "name": "Confederación Sudamericana de Fútbol",
                "sentiment": "none",
                "tickers": []
            },
            {
                "name": "Conmebol",
                "sentiment": "none",
                "tickers": []
            }
        ]
    },
    "syndication": {
        "syndicated": null,
        "syndicate_id": null,
        "first_syndicated": false
    },
    "trust": {
        "categories": [
            "fake_news"
        ]
    },
    "rating": null,
    "crawled": "2025-03-20T00:43:49.925+02:00",
    "updated": "2025-03-20T00:43:49.925+02:00"
}