{
    "thread": {
        "uuid": "783cf27935ee0d576c4a5a03c686ba291c05c682",
        "url": "https://www.thegatewaypundit.com/2025/03/elon-musk-says-doge-discovered-14-magic-money",
        "site_full": "www.thegatewaypundit.com",
        "site": "thegatewaypundit.com",
        "site_section": "https://thegatewaypundit.com",
        "site_categories": [
            "social",
            "top_news_us",
            "top_news"
        ],
        "section_title": "The Gateway Pundit",
        "site_title": "The Gateway Pundit",
        "title": "Elon Musk Says DOGE Discovered 14 'Magic Money Computers Which Can Just Make Money Out of Thin Air' | The Gateway Pundit | by Jim Hᴏft",
        "title_full": "Elon Musk Says DOGE Discovered 14 'Magic Money Computers Which Can Just Make Money Out of Thin Air' | The Gateway Pundit | by Jim Hᴏft",
        "published": "2025-03-20T00:00:00.000+02:00",
        "replies_count": 92,
        "participants_count": 61,
        "site_type": "news",
        "country": "US",
        "main_image": "https://www.thegatewaypundit.com/wp-content/uploads/2025/03/screenshot-2025-03-19-at-5.31.30pm.jpg",
        "performance_score": 0,
        "domain_rank": 5625,
        "domain_rank_updated": "2025-03-17T23:00:00.000+02:00",
        "social": {
            "facebook": {
                "likes": 0,
                "comments": 0,
                "shares": 0
            },
            "vk": {
                "shares": 0
            }
        }
    },
    "uuid": "1305f0c62ea4aaf9daa8b5a59ad0b819d34a7856",
    "url": "https://www.thegatewaypundit.com/2025/03/elon-musk-says-doge-discovered-14-magic-money#post-70",
    "ord_in_thread": 70,
    "parent_url": null,
    "author": "McFly",
    "published": "2025-03-20T00:16:00.000+02:00",
    "title": "",
    "text": "Time for the house of cards to collapse. Then its rope and tree time.",
    "highlightText": "",
    "highlightTitle": "",
    "highlightThreadTitle": "",
    "language": "english",
    "sentiment": null,
    "categories": null,
    "topics": null,
    "ai_allow": true,
    "has_canonical": false,
    "breaking": true,
    "webz_reporter": false,
    "external_links": null,
    "external_images": [],
    "entities": {
        "persons": [],
        "locations": [],
        "organizations": []
    },
    "syndication": {
        "syndicated": false,
        "syndicate_id": null,
        "first_syndicated": false
    },
    "trust": {
        "categories": [
            "fake_news"
        ]
    },
    "rating": null,
    "crawled": "2025-03-20T00:21:34.318+02:00",
    "updated": "2025-03-20T00:21:34.318+02:00"
}