{
    "thread": {
        "uuid": "ac8c85aa3c2771e29055769b2e90c9e0be82f0cc",
        "url": "https://www.breitbart.com/politics/2025/03/19/judge-ana-reyes-blasted-for-disturbing-unprofessional-ruling-hectoring-doj-attorney-on-what-jesus-would-say-about-trans-soldier-ban",
        "site_full": "www.breitbart.com",
        "site": "breitbart.com",
        "site_section": "https://breitbart.com/news",
        "site_categories": [
            "media",
            "law_government_and_politics",
            "politics",
            "top_news_us",
            "top_news"
        ],
        "section_title": "All News - Breitbart News Network",
        "site_title": "Breitbart News Network",
        "title": "Judge Ana Reyes Blasted for 'Disturbing,' Unprofessional Ruling on Trans Troops",
        "title_full": "Judge Ana Reyes Blasted for 'Disturbing,' Unprofessional Ruling on Trans Troops",
        "published": "2025-03-20T00:20:00.000+02:00",
        "replies_count": 27,
        "participants_count": 23,
        "site_type": "news",
        "country": "US",
        "main_image": "https://media.breitbart.com/media/2025/03/ana-reyes-640x335.jpg",
        "performance_score": 0,
        "domain_rank": 1711,
        "domain_rank_updated": "2025-03-17T23:00:00.000+02:00",
        "social": {
            "facebook": {
                "likes": 0,
                "comments": 0,
                "shares": 0
            },
            "vk": {
                "shares": 0
            }
        }
    },
    "uuid": "7c1e5d65c4ae0b2b96f76f746614d628234b1b3c",
    "url": "https://www.breitbart.com/politics/2025/03/19/judge-ana-reyes-blasted-for-disturbing-unprofessional-ruling-hectoring-doj-attorney-on-what-jesus-would-say-about-trans-soldier-ban#post-7",
    "ord_in_thread": 7,
    "parent_url": null,
    "author": "Col. Harry Flashman",
    "published": "2025-03-20T00:30:00.000+02:00",
    "title": "",
    "text": "She bumps uglies with Ole Fat Rosie…",
    "highlightText": "",
    "highlightTitle": "",
    "highlightThreadTitle": "",
    "language": "english",
    "sentiment": null,
    "categories": null,
    "topics": null,
    "ai_allow": true,
    "has_canonical": false,
    "breaking": true,
    "webz_reporter": false,
    "external_links": null,
    "external_images": [],
    "entities": {
        "persons": [],
        "locations": [],
        "organizations": []
    },
    "syndication": {
        "syndicated": false,
        "syndicate_id": null,
        "first_syndicated": false
    },
    "trust": {
        "categories": [
            "fake_news"
        ]
    },
    "rating": null,
    "crawled": "2025-03-20T00:46:08.341+02:00",
    "updated": "2025-03-20T00:46:08.341+02:00"
}