{
    "thread": {
        "uuid": "e616887e24cb254f9280370c6a715b1a9c21cde2",
        "url": "https://www.breitbart.com/environment/2025/03/19/exclusive-could-be-100-trillion-doug-burgum-says-u-s-natural-resources-could-be-triple-the-national-debt",
        "site_full": "www.breitbart.com",
        "site": "breitbart.com",
        "site_section": "https://world.einnews.com/ajax/headlines",
        "site_categories": [
            "media",
            "law_government_and_politics",
            "politics",
            "top_news_us",
            "top_news"
        ],
        "section_title": "",
        "site_title": "Breitbart News Network",
        "title": "Burgum Says U.S. Natural Resources Could Be 'Triple' the National Debt",
        "title_full": "Burgum Says U.S. Natural Resources Could Be 'Triple' the National Debt",
        "published": "2025-03-19T23:42:00.000+02:00",
        "replies_count": 100,
        "participants_count": 45,
        "site_type": "news",
        "country": "US",
        "main_image": "https://media.breitbart.com/media/2025/03/Doug-Burgum-640x335.jpeg",
        "performance_score": 0,
        "domain_rank": 1711,
        "domain_rank_updated": "2025-03-17T23:00:00.000+02:00",
        "social": {
            "facebook": {
                "likes": 0,
                "comments": 0,
                "shares": 0
            },
            "vk": {
                "shares": 0
            }
        }
    },
    "uuid": "2c0743b0b4fea04486d24ac34d2af0531a229a1b",
    "url": "https://www.breitbart.com/environment/2025/03/19/exclusive-could-be-100-trillion-doug-burgum-says-u-s-natural-resources-could-be-triple-the-national-debt#post-74",
    "ord_in_thread": 74,
    "parent_url": null,
    "author": "Phillip",
    "published": "2025-03-20T00:27:00.000+02:00",
    "title": "",
    "text": "bwahahahahha!!! the DOJ sent out a letter today and said and I quote, \"NOONE is above the law!\" The DOJ sent this. my God....Not to mention the Federal courts with both GOP and Dem appointed judges are SLAMMNG the Trump Admin every single day for egregious abuse of the law. Not to mention Musk laid off so many attys in the DOJ they don't have enough to answer all the lawsuits against. The admin is a joke, a sick joke.",
    "highlightText": "",
    "highlightTitle": "",
    "highlightThreadTitle": "",
    "language": "english",
    "sentiment": null,
    "categories": null,
    "topics": null,
    "ai_allow": true,
    "has_canonical": false,
    "breaking": true,
    "webz_reporter": false,
    "external_links": null,
    "external_images": [],
    "entities": {
        "persons": [],
        "locations": [],
        "organizations": []
    },
    "syndication": {
        "syndicated": false,
        "syndicate_id": null,
        "first_syndicated": false
    },
    "trust": {
        "categories": [
            "fake_news"
        ]
    },
    "rating": null,
    "crawled": "2025-03-20T00:36:20.436+02:00",
    "updated": "2025-04-04T06:57:39.906+03:00"
}