{
    "thread": {
        "uuid": "539c2c756b51ca2aa2e0f787878361cba6eee137",
        "url": "https://www.masrtimes.com/512441",
        "site_full": "www.masrtimes.com",
        "site": "masrtimes.com",
        "site_section": "https://www.masrtimes.com/rss.aspx",
        "site_categories": [],
        "section_title": "جميع الموضوعات",
        "site_title": "مصر تايمز",
        "title": "غضب مفاجئ من غلاب في الحلقة 19 من فهد البطل.. ماذا يخفي ماضيه؟",
        "title_full": "غضب مفاجئ من غلاب في الحلقة 19 من فهد البطل.. ماذا يخفي ماضيه؟",
        "published": "2025-03-20T00:07:35.042+02:00",
        "replies_count": 0,
        "participants_count": 1,
        "site_type": "news",
        "country": "EG",
        "main_image": "https://www.masrtimes.com/UploadCache/libfiles/52/8/600x338o/634.jpg",
        "performance_score": 0,
        "domain_rank": null,
        "domain_rank_updated": null,
        "social": {
            "facebook": {
                "likes": 0,
                "comments": 0,
                "shares": 0
            },
            "vk": {
                "shares": 0
            }
        }
    },
    "uuid": "539c2c756b51ca2aa2e0f787878361cba6eee137",
    "url": "https://www.masrtimes.com/512441",
    "ord_in_thread": 0,
    "parent_url": null,
    "author": "مصر تايمز",
    "published": "2025-03-20T00:07:35.042+02:00",
    "title": "غضب مفاجئ من غلاب في الحلقة 19 من فهد البطل.. ماذا يخفي ماضيه؟",
    "text": "فن وثقافة\nغضب مفاجئ من غلاب في الحلقة 19 من فهد البطل.. ماذا يخفي ماضيه؟\nبدأت الحلقة 19 من مسلسل \"فهد البطل\" بوصول الفنان أحمد عبد العزيز (غلاب) إلى بلدته، حيث قابل زوجته \"وفاء\" التي سألته إذا كان هناك شخص قد حاول توصيلها إلى أبنائها من حماد لكن \"غلاب\" انفجر غضبًا وأصرخ قائلاً إنه لن يسمح لأحد بالتدخل في ماضيه، مما أثار دهشة زوجته، حيث كان هدفها من السؤال معرفة رد فعله.\nتُعرض الحلقة التاسعة عشر من مسلسل \"فهد البطل\" للنجم أحمد العوضي مساء اليوم الأربعاء على قناة ON في تمام الساعة 9:45 مساءً، مع الإعادة الأولى في الساعة 6:45 صباحًا، بينما يُعرض على قناة ON دراما في الساعة 12 صباحًا ويُعاد في الساعة 12 ظهرًا و4:30 مساءً.\nقصة مسلسل فهد البطل\nوتدور أحداث المسلسل في إطار درامي شعبي مشوّق، حول شخصية “فهد”، الذي يدخل في صراعات مع رجال النفوذ والفساد في منطقته، خاصة مع عائلة “التمساح”، التي تسيطر على التجارة غير المشروعة، وتسعى للانتقام منه بعد أن تحدّى سلطتهم.\nأبطال مسلسل فهد البطل\nالمسلسل من بطولة:\n• أحمد العوضي (فهد)\n• ميرنا نور الدين (راوية)\n• كارولين عزمي\n• يارا السكري\n• عصام السقا\n• أحمد عبد العزيز\n• محمود البزاوي\n• صفاء الطوخي\nالمسلسل من تأليف: محمود حمدان\nوإخراج: محمد عبد السلام",
    "highlightText": "",
    "highlightTitle": "",
    "highlightThreadTitle": "",
    "language": "arabic",
    "sentiment": null,
    "categories": null,
    "topics": null,
    "ai_allow": true,
    "has_canonical": false,
    "breaking": false,
    "webz_reporter": false,
    "external_links": [],
    "external_images": [],
    "entities": {
        "persons": [],
        "locations": [],
        "organizations": []
    },
    "syndication": {
        "syndicated": null,
        "syndicate_id": null,
        "first_syndicated": false
    },
    "trust": {
        "categories": [
            "fake_news"
        ]
    },
    "rating": null,
    "crawled": "2025-03-20T00:07:35.042+02:00",
    "updated": "2025-03-20T00:07:35.042+02:00"
}