{
    "thread": {
        "uuid": "baca83b4466dd2ba8d00d1fa7b962abcbc868ea0",
        "url": "https://vladivostok-news.net/society/2025/03/20/434172.html",
        "site_full": "vladivostok-news.net",
        "site": "vladivostok-news.net",
        "site_section": "https://vladivostok-news.net/incident",
        "site_categories": [
            "media"
        ],
        "section_title": "Происшествия - Лента новостей Владивостока",
        "site_title": "Лента новостей Владивостока",
        "title": "Депутат #ЗСПК Татьяна Косьяненко приняла участие в передаче восстановленного автомобиля войсковой части, подразделения которой выполняют задачи в зоне СВО - Лента новостей Владивостока",
        "title_full": "Депутат #ЗСПК Татьяна Косьяненко приняла участие в передаче восстановленного автомобиля войсковой части, подразделения которой выполняют задачи в зоне СВО - Лента новостей Владивостока",
        "published": "2025-03-20T00:15:00.000+02:00",
        "replies_count": 0,
        "participants_count": 0,
        "site_type": "news",
        "country": "RU",
        "main_image": "https://vladivostok-news.net/img/20250320/140947694c68d705be2b51b7e03c9fcb_o.jpg",
        "performance_score": 0,
        "domain_rank": null,
        "domain_rank_updated": null,
        "social": {
            "facebook": {
                "likes": 0,
                "comments": 0,
                "shares": 0
            },
            "vk": {
                "shares": 0
            }
        }
    },
    "uuid": "baca83b4466dd2ba8d00d1fa7b962abcbc868ea0",
    "url": "https://vladivostok-news.net/society/2025/03/20/434172.html",
    "ord_in_thread": 0,
    "parent_url": null,
    "author": null,
    "published": "2025-03-20T00:15:00.000+02:00",
    "title": "Депутат #ЗСПК Татьяна Косьяненко приняла участие в передаче восстановленного автомобиля войсковой части, подразделения которой выполняют задачи в зоне СВО - Лента новостей Владивостока",
    "text": "Депутат #ЗСПК Татьяна Косьяненко приняла участие в передаче восстановленного автомобиля войсковой части, подразделения которой выполняют задачи в зоне СВО\nРанее микроавтобус принадлежал КГБУСО \"Спасский социально-реабилитационный центр для несовершеннолетних\" и был списан после полного выхода из эксплуатации. Так как это краевое имущество, возникли вопросы о его правомерной передаче. Проблема была сразу решена через обращение Татьяны Косьяненко в Правительство Приморского края.\nВосстановлением автомобиля занимался депутат Думы городского округа Спасск-Дальний Олег Федченко, для которого это, помимо трех мотоциклов, уже восьмой автомобиль, отправляемый в зону СВО.\nРебята-воспитанники центра вместе с машиной передали письма и подарки бойцам. Татьяна Косьяненко отметила: \"Все мы знаем, что помощь фронту идет постоянно. Мы все объединились, чтобы наши бойцы, находящиеся на передовой, чувствовали нашу поддержку. Такие машины незаменимы для подвоза и боеприпасов, и продуктов, для вывоза раненых. Важно, что это осознают дети, которые от всей души желают нашим бойцам вернуться домой живыми\".\nПодписывайтесь на новости краевого парламента",
    "highlightText": "",
    "highlightTitle": "",
    "highlightThreadTitle": "",
    "language": "russian",
    "sentiment": null,
    "categories": null,
    "topics": null,
    "ai_allow": true,
    "has_canonical": false,
    "breaking": false,
    "webz_reporter": false,
    "external_links": [
        "https://t.me/zsprimorye",
        "https://www.t.me/zsprimorye"
    ],
    "external_images": [],
    "entities": {
        "persons": [],
        "locations": [],
        "organizations": []
    },
    "syndication": {
        "syndicated": null,
        "syndicate_id": null,
        "first_syndicated": false
    },
    "trust": {
        "categories": [
            "fake_news"
        ]
    },
    "rating": null,
    "crawled": "2025-03-20T00:38:27.106+02:00",
    "updated": "2025-03-20T00:38:27.106+02:00"
}