{
    "thread": {
        "uuid": "e40a973b7f2fff9c68b7df7718bd3ae6381006b8",
        "url": "https://news-kiev.ru/society/2025/03/20/636135.html",
        "site_full": "news-kiev.ru",
        "site": "news-kiev.ru",
        "site_section": "https://news-kiev.ru/rss/news",
        "site_categories": [],
        "section_title": "Лента новостей Киева",
        "site_title": "Лента новостей Киева",
        "title": "Шойгу: на Украине есть факторы, осложняющие процесс мирного урегулирования",
        "title_full": "Шойгу: на Украине есть факторы, осложняющие процесс мирного урегулирования",
        "published": "2025-03-20T00:30:00.000+02:00",
        "replies_count": 0,
        "participants_count": 0,
        "site_type": "news",
        "country": "UA",
        "main_image": "https://news-kiev.ru/img/20250320/7b15b441b7a454e81435b5c3325649a1_o.jpg",
        "performance_score": 0,
        "domain_rank": null,
        "domain_rank_updated": null,
        "social": {
            "facebook": {
                "likes": 0,
                "comments": 0,
                "shares": 0
            },
            "vk": {
                "shares": 0
            }
        }
    },
    "uuid": "e40a973b7f2fff9c68b7df7718bd3ae6381006b8",
    "url": "https://news-kiev.ru/society/2025/03/20/636135.html",
    "ord_in_thread": 0,
    "parent_url": null,
    "author": null,
    "published": "2025-03-20T00:30:00.000+02:00",
    "title": "Шойгу: на Украине есть факторы, осложняющие процесс мирного урегулирования",
    "text": "Секретарь Совета безопасности РФ рассказал о сложностях переговорного процесса по Украине.\n«На Украине присутствует сразу несколько трудностей: конституция, которая запрещает какие-либо территориальные изменения, запрет на переговоры с Россией, и неясность с кем говорить — вопрос легитимности Зеленского», — отметил секретарь СБ РФ.\nВладимир Зеленский ранее высказался после телефонных переговоров лидеров РФ и США Владимира Путина и Дональда Трампа. Глава киевского режима в очередной раз поспешил заявить, что Украина не пойдет на отказ от территорий или сокращение армии.\nПо материалам: «Интерфакс».",
    "highlightText": "",
    "highlightTitle": "",
    "highlightThreadTitle": "",
    "language": "russian",
    "sentiment": null,
    "categories": null,
    "topics": null,
    "ai_allow": true,
    "has_canonical": false,
    "breaking": false,
    "webz_reporter": false,
    "external_links": [
        "http://www.interfax.ru",
        "http://interfax.ru"
    ],
    "external_images": [],
    "entities": {
        "persons": [],
        "locations": [],
        "organizations": []
    },
    "syndication": {
        "syndicated": null,
        "syndicate_id": null,
        "first_syndicated": false
    },
    "trust": {
        "categories": [
            "fake_news"
        ]
    },
    "rating": null,
    "crawled": "2025-03-20T00:53:49.190+02:00",
    "updated": "2025-03-20T00:53:49.190+02:00"
}