{
    "thread": {
        "uuid": "67ad4cb80bf16320473688471ea9f9fdb7780e5b",
        "url": "https://tyumen-news.net/society/2025/03/20/469722.html",
        "site_full": "tyumen-news.net",
        "site": "tyumen-news.net",
        "site_section": "https://tyumen-news.net/society",
        "site_categories": [
            "media"
        ],
        "section_title": "Общество - Лента новостей Тюмени",
        "site_title": "Лента новостей Тюмени",
        "title": "В квартире будет пахнуть цветочным лугом: сделайте с вентилятором вот что - Лента новостей Тюмени",
        "title_full": "В квартире будет пахнуть цветочным лугом: сделайте с вентилятором вот что - Лента новостей Тюмени",
        "published": "2025-03-20T00:30:00.000+02:00",
        "replies_count": 0,
        "participants_count": 0,
        "site_type": "news",
        "country": "RU",
        "main_image": "https://tyumen-news.net/img/20250320/de4b4ea3c78e3afe594556821aeb2340_o.jpg",
        "performance_score": 0,
        "domain_rank": null,
        "domain_rank_updated": null,
        "social": {
            "facebook": {
                "likes": 0,
                "comments": 0,
                "shares": 0
            },
            "vk": {
                "shares": 0
            }
        }
    },
    "uuid": "67ad4cb80bf16320473688471ea9f9fdb7780e5b",
    "url": "https://tyumen-news.net/society/2025/03/20/469722.html",
    "ord_in_thread": 0,
    "parent_url": null,
    "author": null,
    "published": "2025-03-20T00:30:00.000+02:00",
    "title": "В квартире будет пахнуть цветочным лугом: сделайте с вентилятором вот что - Лента новостей Тюмени",
    "text": "В летний период почти в каждом доме стоит вентилятор. Он может быть большим или маленьким, дорогим и бюджетным, однако задача у всех одна: обеспечить в комнате циркуляцию воздуха. Но один трюк позволит с помощью техники наполнить помещение приятным запахом.\nЧтобы осуществить задуманное, достаточно взять из аптечки кусок лейкопластыря. Также потребуется эфирное масло, найти его можно в каждом втором магазине. Сам же запах уже на усмотрение хозяев. Приятно звучат, например, цитрус, мята и лаванда.\nДалее нужно взять пару кусочков липкой ленты и пропитать их несколькими каплями указанной жидкости. Останется только закрепить получившийся аромадиффузор на сетке устройства. После включения в комнате появится приятный аромат. Степень насыщенности можно контролировать дополнительными фрагментами пластыря, пишет портал «А теперь внимание!».",
    "highlightText": "",
    "highlightTitle": "",
    "highlightThreadTitle": "",
    "language": "russian",
    "sentiment": null,
    "categories": null,
    "topics": null,
    "ai_allow": true,
    "has_canonical": false,
    "breaking": false,
    "webz_reporter": false,
    "external_links": [],
    "external_images": [],
    "entities": {
        "persons": [],
        "locations": [],
        "organizations": []
    },
    "syndication": {
        "syndicated": null,
        "syndicate_id": null,
        "first_syndicated": false
    },
    "trust": {
        "categories": [
            "fake_news"
        ]
    },
    "rating": null,
    "crawled": "2025-03-20T00:53:14.101+02:00",
    "updated": "2025-03-20T00:53:14.101+02:00"
}