{
    "thread": {
        "uuid": "c1e56de1fd9f6e4db9668294556fb47cab09f1de",
        "url": "https://www.observatoiredeleurope.com/le-maire-de-la-ville-russe-dit-plus-de-70-appartements-endommages-dans-lattaque-ukrainienne_a60506.html",
        "site_full": "www.observatoiredeleurope.com",
        "site": "observatoiredeleurope.com",
        "site_section": "https://www.observatoiredeleurope.com",
        "site_categories": [
            "europe",
            "travel"
        ],
        "section_title": "L&#039;Observatoire de l&#039;Europe",
        "title": "Le maire de la ville russe dit plus de 70 appartements endommagés dans l'attaque ukrainienne",
        "title_full": "Le maire de la ville russe dit plus de 70 appartements endommagés dans l'attaque ukrainienne",
        "published": "2025-02-09T16:34:00.000+02:00",
        "replies_count": 0,
        "participants_count": 1,
        "site_type": "news",
        "country": "FR",
        "main_image": "https://www.observatoiredeleurope.com/wp-content/uploads/2025/02/Le-maire-de-la-ville-russe-dit-plus-de-70.jpg",
        "performance_score": 0,
        "domain_rank": 476595,
        "domain_rank_updated": "2025-02-03T23:00:00.000+02:00",
        "social": {
            "facebook": {
                "likes": 0,
                "comments": 0,
                "shares": 0
            },
            "vk": {
                "shares": 0
            }
        }
    },
    "uuid": "c1e56de1fd9f6e4db9668294556fb47cab09f1de",
    "url": "https://www.observatoiredeleurope.com/le-maire-de-la-ville-russe-dit-plus-de-70-appartements-endommages-dans-lattaque-ukrainienne_a60506.html",
    "ord_in_thread": 0,
    "parent_url": null,
    "author": "Milos Schmidt",
    "published": "2025-02-09T16:34:00.000+02:00",
    "title": "Le maire de la ville russe dit plus de 70 appartements endommagés dans l'attaque ukrainienne",
    "text": "Une attaque ukrainienne contre la ville russe de Rostov-sur-don a endommagé 76 appartements pendant la nuit, a déclaré le maire de la ville.\nL’attaque contre la ville russe a endommagé 76 appartements pendant la nuit, a déclaré le maire de la ville, Alexander Scriabin, ajoutant: « Les mesures pour les remplacements de fenêtres ont lieu dans huit bâtiments, les travaux commencent dans les six bâtiments restants demain. »\nUn état d’urgence a maintenant été déclaré dans le district de Rostov-on-Don.\nEt le ministère de la Défense de la Russie a déclaré que 18 drones ukrainiens avaient été abattus au-dessus de la région.\nPendant ce temps, l’Air Force de l’Ukraine a affirmé que des dizaines de drones russes avaient également été abattus sur plusieurs villes par leurs défenses aériennes.\nÀ Kiev, un avertissement de raid aérien a été en vigueur pendant plus de 11 heures.\nLa Russie a fortement augmenté le nombre d’attaques de drones lancées à l’Ukraine cette année.\nEt le président de l’Ukraine, Volodymyr Zelenskyy, a confirmé que les forces armées avaient lancé une nouvelle offensive dans la région de Kursk russe.\nDimanche, le ministère russe de la Défense a déclaré qu’il y avait repoussé trois nouvelles contre-attaques ukrainiennes.",
    "highlightText": "",
    "highlightTitle": "",
    "highlightThreadTitle": "",
    "language": "french",
    "sentiment": null,
    "categories": null,
    "topics": null,
    "ai_allow": true,
    "has_canonical": false,
    "breaking": false,
    "webz_reporter": false,
    "external_links": [],
    "external_images": [],
    "entities": {
        "persons": [],
        "organizations": [],
        "locations": []
    },
    "syndication": {
        "syndicated": null,
        "syndicate_id": null,
        "first_syndicated": false
    },
    "trust": {
        "categories": [
            "fake_news"
        ]
    },
    "rating": null,
    "crawled": "2025-02-09T16:57:11.691+02:00",
    "updated": "2025-02-09T16:57:11.691+02:00"
}