{
    "thread": {
        "uuid": "9fb624a0f51eef0530587a7718f78ce9c4b57491",
        "url": "https://local.newsbreak.com/naples-daily-news-1590659/4173209795109-a-long-10-days-florida-python-challenge-winner-captured-60-snakes-and-10k-how-she-did-it",
        "site_full": "local.newsbreak.com",
        "site": "newsbreak.com",
        "site_section": "https://local.newsbreak.com/naples-daily-news-1590659",
        "site_categories": [],
        "section_title": "Naples Daily News&#x27;s Home Page | NewsBreak",
        "site_title": "NewsBreak: Local News &amp; Alerts",
        "title": "'A long 10 days': Florida Python Challenge winner captured 60 snakes and $10K. How she did it - NewsBreak",
        "title_full": "'A long 10 days': Florida Python Challenge winner captured 60 snakes and $10K. How she did it - NewsBreak",
        "published": "2025-08-13T20:49:00.000+03:00",
        "replies_count": 0,
        "participants_count": 1,
        "site_type": "news",
        "country": "US",
        "main_image": "https://img.particlenews.com/img/id/017uTt_13l0uWYC00",
        "performance_score": 0,
        "domain_rank": 3213,
        "domain_rank_updated": "2025-06-03T00:00:00.000+03:00",
        "licensing_agency": [],
        "social": {
            "facebook": {
                "likes": 0,
                "comments": 0,
                "shares": 0
            },
            "vk": {
                "shares": 0
            }
        }
    },
    "uuid": "9fb624a0f51eef0530587a7718f78ce9c4b57491",
    "url": "https://local.newsbreak.com/naples-daily-news-1590659/4173209795109-a-long-10-days-florida-python-challenge-winner-captured-60-snakes-and-10k-how-she-did-it",
    "ord_in_thread": 0,
    "author": "Mark H. Bickel",
    "published": "2025-08-13T20:49:00.000+03:00",
    "title": "'A long 10 days': Florida Python Challenge winner captured 60 snakes and $10K. How she did it - NewsBreak",
    "text": "Taylor Stanberry is the Ultimate Grand Prize Winner for the 2025 Florida Python Challenge thanks to her efforts to eliminate 60 of the invasive species wreaking havoc with the Everglades ecosystem. Not too shabby for a first-timer. Stanberry, 29, and a resident of Naples, was introduced as this year's Florida Python Challenge winner at the Florida Fish and Wildlife Conservation Commission's (FWC) August meeting today (Aug. 13). More: Video shows gator chomp on invasive python, swim away with it in its jaws Stanberry collected a $10,000 check for eliminating the most pythons during the 10-day competition from July 10-20. Yes, this was the first time Stanberry has participated Florida Python Challenge , but it would be wrong to call her success beginners luck. She and her husband, Rhett, have been catching pythons and other snakes for a decade. They have a Facebook page where they document and share content from their adventures. They also have a Y ouTube Channel and Taylor has an Instagram page where she shares content. The Naples Daily News and The News-Press caught up with Stanberry by email soon after she accepted her check and received the special recognition at the FWC meeting in Havana (Gadsden County). I knew it was possible since this time of year is when nests are hatching and pythons are really moving. My husband (Rhett) I have caught more than 100 pythons before in the month of July in previous years. It was 9.5-10-feet. I caught a 12-foot one the day before the Challenge but obviously that did not count for the Challenge. I am not sure how much that 9.5-10-foot python weighed, probably 12-ish pounds. I found a nest one night with 30 babies (hatchlings) and the eggs! The approved challenge areas. Note to audience: There were eight approved locations for the 2025 Python Challenge. Honestly the 10 days is kind of a blur lol! The first snake was the first night of the Challenge, just a 5-foot python that we road-cruised. He was the one that bit me, but nothing crazy. My last snake caught during the challenge was an 8-foot python, I actually caught like seven snakes on the last night, which was crazy since so many hunters were out trying to get as many pythons as possible in the last few hours of the challenge! Honestly my favorite part of it all is just working along side my husband, and best friend, Rhett, and looking for snakes! But I will say finding babies (hatchlings) and the eggs is always a bonus! Just a handful of times, once by a 5-foot python then by the itty bitty babies (hatchlings). I’m used to it! More: Florida python hunter describes python bite: 'Like a mouthful of hypodermic needles' I would start my hunt around 7-8 p.m. and go until 5 a.m. then I would sleep a couple hours, take care of my rescue animals, and some days I would work my other jobs. I then had to drop off any of the snakes I captured the day before then start hunting again. It was a long 10 days! I have been catching pythons for over 10 years. It’s all about knowing what areas to hunt, what habitat to look for and just putting in the time. Some nights I go out and won’t find a single python then other nights, I’ll find a nest of 60 babies (hatchlings)! I would tell newbie hunters to just put in the time, I’ve heard from some that they’ve hunted for a few hours and caught nothing. Rhett and I are out for 12 hours some nights multiple days a week. I’ve been looking for wildlife since I was a little kid. I used to go fishing with my dad and we would catch toads and I would bring them home to play with them. As I’ve gotten older, I’ve started traveling around the world looking for wildlife especially snakes to video and photograph. I post a lot of it on my Instagram and we have a YouTube channel called “ Tobies Troop” . I work at a canine physical therapy rehab center, then I am a python contractor and I also run a small exotic animal rescue. Python contractors like myself and Rhett eliminate way more invasive Burmese pythons year round than novices do during the 10-day challenge. Also, every year during the challenge, a lot of native snakes are killed because novice participants cannot correctly identify native species. I think participants should do more training to be able to identify pythons from native species of snakes. I am going to use the money to expand my animals' enclosures and gas money for more python hunting! I am not sure if I’ll enter next year, we will have to wait and see (wink emoji). This article originally appeared on Naples Daily News: 'A long 10 days': Florida Python Challenge winner captured 60 snakes and $10K. How she did it",
    "highlightText": "",
    "highlightTitle": "",
    "highlightThreadTitle": "",
    "language": "english",
    "sentiment": "positive",
    "categories": [
        "Human Interest",
        "Social Issue"
    ],
    "topics": [
        "Human Interest->award and prize",
        "Social Issue->discrimination",
        "Social Issue->communities",
        "Social Issue->social problem"
    ],
    "ai_allow": true,
    "has_canonical": true,
    "breaking": null,
    "webz_reporter": false,
    "external_links": [
        "https://img.particlenews.com/image.php?url=317MB1_13l0uWYC00",
        "https://www.naplesnews.com/story/news/2025/07/10/what-if-you-are-bitten-by-a-burmese-python-in-the-florida-challenge/84541031007/",
        "https://www.usatoday.com/story/news/nation/2025/07/16/robot-bunnies-florida-everglade-pythons/85246000007/",
        "http://Instagram.com/Taylor2Short",
        "https://www.usatoday.com/story/news/nation/2025/08/12/video-alligator-eating-python-florida-everglades/85629321007/",
        "https://www.naplesnews.com/story/news/2025/07/22/how-many-pythons-were-caught-in-the-2025-florida-python-challenge/85319437007/",
        "https://flpythonchallenge.org/",
        "https://img.particlenews.com/image.php?url=017uTt_13l0uWYC00",
        "https://www.facebook.com/rhett.stanberry",
        "https://img.particlenews.com/image.php?type=thumbnail_580x000&url=317MB1_13l0uWYC00",
        "https://www.naplesnews.com/story/news/2025/08/13/who-won-the-2025-florida-python-challenge/85606891007/",
        "https://www.youtube.com/@tobiestroop",
        "https://img.particlenews.com/image.php?type=thumbnail_580x000&url=017uTt_13l0uWYC00",
        "https://www.naplesnews.com/story/news/2025/08/13/florida-python-challenge-winner-taylor-stanberry-naples/85641975007/",
        "https://naplesnews.com/story/news/2025/08/13/florida-python-challenge-winner-taylor-stanberry-naples/85641975007/",
        "https://naplesnews.com/story/news/2025/07/10/what-if-you-are-bitten-by-a-burmese-python-in-the-florida-challenge/84541031007/",
        "https://flpythonchallenge.org",
        "https://usatoday.com/story/news/nation/2025/08/12/video-alligator-eating-python-florida-everglades/85629321007/",
        "https://www.naplesnews.com/story/news/2025/07/22/how-many-pythons-were-caught-in-the-2025-florida-python-challenge/85319437007",
        "http://www.Instagram.com/Taylor2Short",
        "https://www.img.particlenews.com/image.php?url=017uTt_13l0uWYC00",
        "https://youtube.com/@tobiestroop",
        "https://www.usatoday.com/story/news/nation/2025/07/16/robot-bunnies-florida-everglade-pythons/85246000007",
        "https://www.usatoday.com/story/news/nation/2025/08/12/video-alligator-eating-python-florida-everglades/85629321007",
        "https://www.naplesnews.com/story/news/2025/07/10/what-if-you-are-bitten-by-a-burmese-python-in-the-florida-challenge/84541031007",
        "https://www.img.particlenews.com/image.php?type=thumbnail_580x000&url=317MB1_13l0uWYC00",
        "https://naplesnews.com/story/news/2025/07/22/how-many-pythons-were-caught-in-the-2025-florida-python-challenge/85319437007/",
        "https://usatoday.com/story/news/nation/2025/07/16/robot-bunnies-florida-everglade-pythons/85246000007/",
        "https://www.flpythonchallenge.org/",
        "https://www.img.particlenews.com/image.php?url=317MB1_13l0uWYC00",
        "https://www.img.particlenews.com/image.php?type=thumbnail_580x000&url=017uTt_13l0uWYC00",
        "https://img.particlenews.com/image.php",
        "https://facebook.com/rhett.stanberry",
        "https://www.naplesnews.com/story/news/2025/08/13/who-won-the-2025-florida-python-challenge/85606891007",
        "https://naplesnews.com/story/news/2025/08/13/who-won-the-2025-florida-python-challenge/85606891007/",
        "https://www.naplesnews.com/story/news/2025/08/13/florida-python-challenge-winner-taylor-stanberry-naples/85641975007"
    ],
    "external_images": [],
    "internal_images": [],
    "entities": {
        "persons": [
            {
                "name": "Taylor Stanberry",
                "sentiment": "negative"
            },
            {
                "name": "Taylor",
                "sentiment": "none"
            },
            {
                "name": "Rhett",
                "sentiment": "none"
            }
        ],
        "locations": [],
        "organizations": [
            {
                "name": "Wildlife Conservation Commission",
                "sentiment": "none",
                "tickers": []
            },
            {
                "name": "Naples Daily News",
                "sentiment": "none",
                "tickers": []
            }
        ]
    },
    "syndication": {
        "syndicated": false,
        "syndicate_id": null,
        "first_syndicated": false
    },
    "trust": {
        "categories": [
            "fake_news"
        ],
        "top_news": [],
        "bias": "center",
        "source": {
            "type": null,
            "city": null,
            "state": null,
            "country": null,
            "domain_type": null,
            "agency": null,
            "organization_name": null
        }
    },
    "rating": null,
    "crawled": "2025-08-14T07:16:51.989+03:00",
    "updated": "2025-08-14T07:19:54.000+03:00"
}