{
    "thread": {
        "uuid": "c91ecd79d474406c3020246e0167c02518fe3032",
        "url": "https://durhamreporter.com/stories/674440799-durham-county-sheriff-s-office-arrests-caregiver-accused-of-exploiting-elderly-client",
        "site_full": "durhamreporter.com",
        "site": "durhamreporter.com",
        "site_section": "https://world.einnews.com/ajax/headlines",
        "site_categories": [],
        "section_title": "",
        "site_title": "Durham Reporter",
        "title": "Durham County Sheriff's Office arrests caregiver accused of exploiting elderly client",
        "title_full": "Durham County Sheriff's Office arrests caregiver accused of exploiting elderly client",
        "published": "2025-08-13T16:13:00.000+03:00",
        "replies_count": 0,
        "participants_count": 1,
        "site_type": "news",
        "country": "US",
        "main_image": "https://s3.amazonaws.com/jnswire/jns-media/67/38/25568795/webp_sl4yu51uy1hxy0cpsfq4kwz901hp.webp",
        "performance_score": 0,
        "domain_rank": null,
        "domain_rank_updated": null,
        "licensing_agency": [],
        "social": {
            "facebook": {
                "likes": 0,
                "comments": 0,
                "shares": 0
            },
            "vk": {
                "shares": 0
            }
        }
    },
    "uuid": "c91ecd79d474406c3020246e0167c02518fe3032",
    "url": "https://durhamreporter.com/stories/674440799-durham-county-sheriff-s-office-arrests-caregiver-accused-of-exploiting-elderly-client",
    "ord_in_thread": 0,
    "author": "Durham Reporter",
    "published": "2025-08-13T16:13:00.000+03:00",
    "title": "Durham County Sheriff's Office arrests caregiver accused of exploiting elderly client",
    "text": "Clarence F. Birkhead Durham County Sheriff | Durham County Sheriff's Office\nClarence F. Birkhead Durham County Sheriff | Durham County Sheriff's Office\nThe Durham County Sheriff’s Office has arrested Victoria Lowry, a home health care worker, on multiple felony charges related to the exploitation and defrauding of an elderly or disabled client in Durham.\nAuthorities began their investigation in mid-July after receiving a report from the daughter of a Durham woman. She informed deputies that several checks were missing from her mother’s checkbook. Further review showed three checks had been cashed, all made out to a former in-home caregiver.\nVictoria Lowry, 33, of Red Springs, North Carolina, was identified as the suspect. She had previously worked for Lilies of Hope Health Agency based in Lumberton. The Criminal Investigation Division found that not only had checks been written to Lowry without authorization, but also several bottles of prescription medication belonging to the victim were missing.\nOn August 12, with assistance from the Robeson County Sheriff’s Office, authorities arrested Lowry at her residence in Red Springs without incident. She faces one count of Exploitation of Elder/Disabled Adult, three counts of Uttering Forged Endorsement, and one count of Obtaining Property by False Pretense. Her first court appearance is scheduled for Thursday, August 14 in Durham County.\nTo help prevent similar incidents involving caregivers and vulnerable adults, the Sheriff’s Office provided guidance including securing financial documents and valuables; requiring receipts for purchases; regularly monitoring bank accounts; maintaining control over finances; avoiding promises or loans to employees; using secure payment methods for errands; and reviewing credit reports annually at www.annualcreditreport.com.\n###\nORGANIZATIONS IN THIS STORY\n!RECEIVE ALERTS\nSign-up\nDONATE\nDonate",
    "highlightText": "",
    "highlightTitle": "",
    "highlightThreadTitle": "",
    "language": "english",
    "sentiment": null,
    "categories": null,
    "topics": null,
    "ai_allow": true,
    "has_canonical": false,
    "breaking": null,
    "webz_reporter": false,
    "external_links": [
        "http://www.annualcreditreport.com",
        "http://annualcreditreport.com"
    ],
    "external_images": [],
    "internal_images": [],
    "entities": {
        "persons": [
            {
                "name": "Clarence F. Birkhead Dur",
                "sentiment": "none"
            },
            {
                "name": "Victoria Lowry",
                "sentiment": "none"
            }
        ],
        "locations": [],
        "organizations": [
            {
                "name": "Durham County Sheriff's Office\nThe Durham County Sheriff’s Office",
                "sentiment": "none",
                "tickers": []
            },
            {
                "name": "Lilies of Hope Health Agency",
                "sentiment": "none",
                "tickers": []
            }
        ]
    },
    "syndication": {
        "syndicated": false,
        "syndicate_id": null,
        "first_syndicated": false
    },
    "trust": {
        "categories": [
            "fake_news"
        ],
        "top_news": [],
        "bias": null,
        "source": {
            "type": null,
            "city": null,
            "state": null,
            "country": null,
            "domain_type": null,
            "agency": null,
            "organization_name": null
        }
    },
    "rating": null,
    "crawled": "2025-08-14T07:16:17.621+03:00",
    "updated": "2025-08-14T07:16:17.621+03:00"
}