{
    "thread": {
        "uuid": "8caa987b73f8eebbba22d1e4b394d7a3a03aeff4",
        "url": "https://www.newsbreak.com/news/4173724089444-body-recovered-near-lutsen-after-large-wave-pulled-man-into-lake-superior",
        "site_full": "www.newsbreak.com",
        "site": "newsbreak.com",
        "site_section": "https://newsbreak.com/duluth-mn",
        "site_categories": [
            "under_construction",
            "non_standard_content"
        ],
        "section_title": "Duluth, MN Local News and More | NewsBreak",
        "site_title": "NewsBreak: Local News &amp; Alerts",
        "title": "Body recovered near Lutsen after large wave pulled man into Lake Superior - NewsBreak",
        "title_full": "Body recovered near Lutsen after large wave pulled man into Lake Superior - NewsBreak",
        "published": "2025-08-14T02:17:00.000+03:00",
        "replies_count": 0,
        "participants_count": 1,
        "site_type": "news",
        "country": "US",
        "main_image": "https://img.particlenews.com/img/id/1lOFm8_13lXYJML00",
        "performance_score": 0,
        "domain_rank": 3213,
        "domain_rank_updated": "2025-06-03T00:00:00.000+03:00",
        "licensing_agency": [],
        "social": {
            "facebook": {
                "likes": 0,
                "comments": 0,
                "shares": 0
            },
            "vk": {
                "shares": 0
            }
        }
    },
    "uuid": "8caa987b73f8eebbba22d1e4b394d7a3a03aeff4",
    "url": "https://www.newsbreak.com/news/4173724089444-body-recovered-near-lutsen-after-large-wave-pulled-man-into-lake-superior",
    "ord_in_thread": 0,
    "author": "northernnewsnow.com",
    "published": "2025-08-14T02:17:00.000+03:00",
    "title": "Body recovered near Lutsen after large wave pulled man into Lake Superior - NewsBreak",
    "text": "northernnewsnow.com\nwebsite\nDuluth\nBody recovered near Lutsen after large wave pulled man into Lake Superior\n5 hours ago\nThe award is based on votes for cleanliness, design, innovation and functionality. Duluth business prepares for big year at Minnesota State Fair. Owners say they’ll do about 20% of their annual business at the fair and are preparing for an exhausting but rewarding 12 days. Housing crisis across Wisconsin...\n1",
    "highlightText": "",
    "highlightTitle": "",
    "highlightThreadTitle": "",
    "language": "english",
    "sentiment": "negative",
    "categories": [
        "Disaster and Accident",
        "Human Interest"
    ],
    "topics": [
        "Disaster and Accident->drowning",
        "Disaster and Accident->emergency response",
        "Disaster and Accident->natural disaster",
        "Human Interest->human mishap"
    ],
    "ai_allow": true,
    "has_canonical": false,
    "breaking": null,
    "webz_reporter": false,
    "external_links": [],
    "external_images": [],
    "internal_images": [],
    "entities": {
        "persons": [],
        "locations": [
            {
                "name": "Lutsen",
                "sentiment": "none"
            }
        ],
        "organizations": []
    },
    "syndication": {
        "syndicated": false,
        "syndicate_id": null,
        "first_syndicated": false
    },
    "trust": {
        "categories": [
            "fake_news"
        ],
        "top_news": [],
        "bias": "center",
        "source": {
            "type": null,
            "city": null,
            "state": null,
            "country": null,
            "domain_type": null,
            "agency": null,
            "organization_name": null
        }
    },
    "rating": null,
    "crawled": "2025-08-14T07:19:35.269+03:00",
    "updated": "2025-08-14T07:28:19.000+03:00"
}