{
    "thread": {
        "uuid": "6a07ceb9e318adf31d347da2bbc06ba9c80742da",
        "url": "https://www.news18.com/lifestyle/travel/hrithik-roshan-jr-ntr-war-2-filming-locations-youll-want-to-add-to-your-travel-list-ws-l-9504575.html",
        "site_full": "www.news18.com",
        "site": "news18.com",
        "site_section": "https://www.news18.com/commonfeeds/v1/eng/rss/latest.xml",
        "site_categories": [
            "media",
            "top_news_in",
            "top_news_ph",
            "top_news_pk",
            "top_news_ae",
            "top_news_qa",
            "top_news_sg",
            "top_news_sa",
            "top_news_kw",
            "top_news"
        ],
        "section_title": "Latest News in news18.com, Latest Latest News, Latest News",
        "site_title": "News: Get Latest News Today, Breaking News, Top News Headlines, India and World News | News18",
        "title": "Spain To Mumbai: War 2 Filming Locations You'll Want To Add To Your Travel List | Travel News - News18",
        "title_full": "Spain To Mumbai: War 2 Filming Locations You'll Want To Add To Your Travel List | Travel News - News18",
        "published": "2025-08-14T07:18:00.000+03:00",
        "replies_count": 0,
        "participants_count": 1,
        "site_type": "news",
        "country": "IN",
        "main_image": "https://images.news18.com/ibnlive/uploads/2025/07/Kiara-Adavani-War-2-looks-2025-07-ae1ba01c89d29df00744d7cecec8ce3c-16x9.jpg",
        "performance_score": 0,
        "domain_rank": 2068,
        "domain_rank_updated": "2025-06-03T00:00:00.000+03:00",
        "licensing_agency": [],
        "social": {
            "facebook": {
                "likes": 9,
                "comments": 0,
                "shares": 1
            },
            "vk": {
                "shares": 0
            }
        }
    },
    "uuid": "6a07ceb9e318adf31d347da2bbc06ba9c80742da",
    "url": "https://www.news18.com/lifestyle/travel/hrithik-roshan-jr-ntr-war-2-filming-locations-youll-want-to-add-to-your-travel-list-ws-l-9504575.html",
    "ord_in_thread": 0,
    "author": "@cnnnews18",
    "published": "2025-08-14T07:18:00.000+03:00",
    "title": "Spain To Mumbai: War 2 Filming Locations You'll Want To Add To Your Travel List | Travel News - News18",
    "text": "The sixth instalment in YRF’s ambitious Spy Universe, War 2, is more than just an action blockbuster. It’s also a cinematic passport, taking audiences on a whirlwind journey through some of the world’s most scenic and adrenaline-charged destinations. Directed by Ayan Mukerji and mounted on a massive Rs 400-crore budget, the film promises a visual feast that blends high-octane stunts with postcard-perfect landscapes. While fans are buzzing about Hrithik Roshan reprising his role as Major Kabir Dhaliwal and the exciting addition of Jr NTR and Kiara Advani to the lead cast, travel lovers have another reason to watch: the film’s sprawling, globe-trotting locations. Each city in War 2 plays its part in the story – sometimes as a romantic backdrop, other times as the pulse-pounding setting for death-defying action. Salamanca, Spain: Old-World Charm Meets Chase Scenes The historic city of Salamanca adds a dash of European elegance to the chaos of action. Around Plaza de Anaya, with its grand facades and leafy surroundings, a high-speed chase unfolds: think cars tearing past centuries-old buildings, merging heritage with heart-pounding thrills. Italy: A Love Letter in Motion The romantic number “Aavan Jaavan\" takes audiences to Italy’s most photogenic corners. Imagine Rome’s timeless landmarks, such as the Colosseum, Spanish Steps, and the Trevi Fountain, framing Hrithik and Kiara as they weave through the city on a vintage bike. The sequence drifts into Tuscany’s golden countryside, where rolling vineyards and sunlit hills bring an almost dreamlike calm before the story’s next storm. Abu Dhabi: Adrenaline on the Water From romance to raw velocity, Abu Dhabi provides the setting for a sleek boat chase that slices through glittering waters. The Yas Marina Circuit also gets a starring moment, offering sweeping drone shots of one of the world’s most iconic racing tracks. Mumbai, India: The Story’s Beating Heart Despite its global footprint, War 2 returns home to Mumbai for key sequences. Andheri’s bustling streets stage gritty action, while a daring aerial stunt over Vile Parle adds a fresh perspective to the city skyline. NTR Jr’s grand entry unfolds at Malad’s Infiniti Mall, proving that even familiar urban spaces can be transformed into cinematic spectacles. With War 2 releasing August 14, 2025, audiences can expect a story that doesn’t just span borders, it invites you to travel them. Whether you’re chasing romance, adrenaline, or both, the film’s locations make a strong case for adding a few new pins to your travel map.",
    "highlightText": "",
    "highlightTitle": "",
    "highlightThreadTitle": "",
    "language": "english",
    "sentiment": "positive",
    "categories": [
        "Arts, Culture and Entertainment",
        "Lifestyle and Leisure",
        "Social Issue"
    ],
    "topics": [
        "Arts, Culture and Entertainment->cinema",
        "Lifestyle and Leisure->game",
        "Lifestyle and Leisure->travel and tourism",
        "Lifestyle and Leisure->lifestyle",
        "Social Issue->mankind",
        "Social Issue->demographics",
        "Social Issue->communities"
    ],
    "ai_allow": true,
    "has_canonical": false,
    "breaking": true,
    "webz_reporter": false,
    "external_links": [],
    "external_images": [],
    "internal_images": [],
    "entities": {
        "persons": [
            {
                "name": "Kabir Dhaliwal",
                "sentiment": "none"
            },
            {
                "name": "Hrithik Roshan",
                "sentiment": "none"
            },
            {
                "name": "Kiara Advani",
                "sentiment": "none"
            },
            {
                "name": "Ayan Mukerji",
                "sentiment": "none"
            }
        ],
        "locations": [],
        "organizations": []
    },
    "syndication": {
        "syndicated": false,
        "syndicate_id": null,
        "first_syndicated": false
    },
    "trust": {
        "categories": [
            "fake_news"
        ],
        "top_news": [
            "top_news_in",
            "top_news_ph",
            "top_news_pk",
            "top_news_ae",
            "top_news_qa",
            "top_news_sg",
            "top_news_sa",
            "top_news_kw",
            "top_news"
        ],
        "bias": "center",
        "source": {
            "type": null,
            "city": null,
            "state": null,
            "country": null,
            "domain_type": null,
            "agency": null,
            "organization_name": null
        }
    },
    "rating": null,
    "crawled": "2025-08-14T07:24:32.523+03:00",
    "updated": "2025-08-15T08:09:47.000+03:00"
}