{
    "thread": {
        "uuid": "23394ef75a175271901fcbb282d5d6deca0144eb",
        "url": "https://www.newsbreak.com/ketk-fox51-news-1590544/4173556874246-carthage-man-sentenced-to-12-years-in-prison-for-2023-deadly-shooting",
        "site_full": "www.newsbreak.com",
        "site": "newsbreak.com",
        "site_section": "https://www.newsbreak.com/ketk-fox51-news-1590544",
        "site_categories": [
            "under_construction",
            "non_standard_content"
        ],
        "section_title": "KETK / FOX51 News&#x27;s Home Page | NewsBreak",
        "site_title": "NewsBreak: Local News &amp; Alerts",
        "title": "Carthage man sentenced to 12 years in prison for 2023 deadly shooting - NewsBreak",
        "title_full": "Carthage man sentenced to 12 years in prison for 2023 deadly shooting - NewsBreak",
        "published": "2025-08-13T23:38:00.000+03:00",
        "replies_count": 0,
        "participants_count": 1,
        "site_type": "news",
        "country": "US",
        "main_image": "https://img.particlenews.com/img/id/4Iylkx_13lMwa2r00",
        "performance_score": 0,
        "domain_rank": 3213,
        "domain_rank_updated": "2025-06-03T00:00:00.000+03:00",
        "licensing_agency": [],
        "social": {
            "facebook": {
                "likes": 0,
                "comments": 0,
                "shares": 0
            },
            "vk": {
                "shares": 0
            }
        }
    },
    "uuid": "23394ef75a175271901fcbb282d5d6deca0144eb",
    "url": "https://www.newsbreak.com/ketk-fox51-news-1590544/4173556874246-carthage-man-sentenced-to-12-years-in-prison-for-2023-deadly-shooting",
    "ord_in_thread": 0,
    "author": "Tristen VanBeem",
    "published": "2025-08-13T23:38:00.000+03:00",
    "title": "Carthage man sentenced to 12 years in prison for 2023 deadly shooting - NewsBreak",
    "text": "MARSHALL, Texas ( KETK ) — A Carthage man was sentenced to 12 years in prison on Tuesday after pleading guilty to a manslaughter charge in the case of a 2023 shooting that left one man dead in Marshall. On March 16, 2023, officials with the Marshall Police Department arrived at the 2100 block of Randolph Street, where they found Adrian Rashad Ward with a gunshot wound in his abdomen. Ward was taken to a local hospital, where he later died from his injuries. Johnathan Antione Reeves was arrested the same day and placed into the Harrison County Jail. Reeves was originally booked on an aggravated assault with a deadly weapon charge, which was later changed to murder. According to Harrison County Judicial Records, Reeves pleaded guilty in the 71st District Court after his indictment was changed to manslaughter. Reeves was sentenced to 12 years in the Texas Department of Criminal Justice. You can now stream KETK and FOX51 News live 24/7 on your smart TV with KETK+ , our brand-new app! No antenna, cable, or satellite needed— watch for free, anytime. Just download it on your Roku, Apple TV, or Fire TV and start streaming. For the latest news, weather, sports, and streaming video, head to KETK.com | FOX51.com.",
    "highlightText": "",
    "highlightTitle": "",
    "highlightThreadTitle": "",
    "language": "english",
    "sentiment": "negative",
    "categories": [
        "Crime, Law and Justice",
        "Social Issue"
    ],
    "topics": [
        "Crime, Law and Justice->prosecution and prosecutors",
        "Crime, Law and Justice->court",
        "Crime, Law and Justice->homicide",
        "Social Issue->juvenile delinquency",
        "Social Issue->social problem",
        "Social Issue->abusive behaviour"
    ],
    "ai_allow": true,
    "has_canonical": true,
    "breaking": null,
    "webz_reporter": false,
    "external_links": [
        "https://img.particlenews.com/image.php?url=4Iylkx_13lMwa2r00",
        "https://www.ketk.com/crime/marshall-shooting-manslaughter-sentence/",
        "https://www.ketk.com/news/crime-public-safety/man-dies-in-marshall-shooting-suspect-arrested-charged-with-murder/",
        "https://www.ketk.com",
        "https://img.particlenews.com/image.php?type=thumbnail_580x000&url=4Iylkx_13lMwa2r00",
        "https://nam11.safelinks.protection.outlook.com/?url=https%3A%2F%2Fwww.ketk.com%2Fplus%2F&data=05%7C02%7CTVanbeem%40ketk.com%7Ca52b8a9d4e424c67669308ddc60f72c1%7C9e5488e2e83844f6886cc7608242767e%7C0%7C0%7C638884491830898744%7CUnknown%7CTWFpbGZsb3d8eyJFbXB0eU1hcGkiOnRydWUsIlYiOiIwLjAuMDAwMCIsIlAiOiJXaW4zMiIsIkFOIjoiTWFpbCIsIldUIjoyfQ%3D%3D%7C0%7C%7C%7C&sdata=NpQ%2FyxZpux2dvlUV8zfgFzofv1iNWe89cQlPGDUvg7Q%3D&reserved=0",
        "https://www.ketk.com/news/crime-public-safety/man-dies-in-marshall-shooting-suspect-arrested-charged-with-murder",
        "https://ketk.com/news/crime-public-safety/man-dies-in-marshall-shooting-suspect-arrested-charged-with-murder/",
        "https://ketk.com",
        "https://img.particlenews.com/image.php",
        "https://www.img.particlenews.com/image.php?type=thumbnail_580x000&url=4Iylkx_13lMwa2r00",
        "https://nam11.safelinks.protection.outlook.com/",
        "https://www.img.particlenews.com/image.php?url=4Iylkx_13lMwa2r00",
        "https://www.ketk.com/crime/marshall-shooting-manslaughter-sentence",
        "https://www.nam11.safelinks.protection.outlook.com/?url=https%3A%2F%2Fwww.ketk.com%2Fplus%2F&data=05%7C02%7CTVanbeem%40ketk.com%7Ca52b8a9d4e424c67669308ddc60f72c1%7C9e5488e2e83844f6886cc7608242767e%7C0%7C0%7C638884491830898744%7CUnknown%7CTWFpbGZsb3d8eyJFbXB0eU1hcGkiOnRydWUsIlYiOiIwLjAuMDAwMCIsIlAiOiJXaW4zMiIsIkFOIjoiTWFpbCIsIldUIjoyfQ%3D%3D%7C0%7C%7C%7C&sdata=NpQ%2FyxZpux2dvlUV8zfgFzofv1iNWe89cQlPGDUvg7Q%3D&reserved=0",
        "https://ketk.com/crime/marshall-shooting-manslaughter-sentence/"
    ],
    "external_images": [],
    "internal_images": [],
    "entities": {
        "persons": [
            {
                "name": "Johnathan Antione Reeves",
                "sentiment": "none"
            },
            {
                "name": "Adrian Rashad Ward",
                "sentiment": "none"
            }
        ],
        "locations": [
            {
                "name": "County Jail",
                "sentiment": "none"
            },
            {
                "name": "Street",
                "sentiment": "none"
            }
        ],
        "organizations": [
            {
                "name": "Texas Department of Criminal Justice",
                "sentiment": "none",
                "tickers": []
            },
            {
                "name": "Harrison County Judicial Records",
                "sentiment": "none",
                "tickers": []
            },
            {
                "name": "Marshall Police Department",
                "sentiment": "none",
                "tickers": []
            }
        ]
    },
    "syndication": {
        "syndicated": false,
        "syndicate_id": null,
        "first_syndicated": false
    },
    "trust": {
        "categories": [
            "fake_news"
        ],
        "top_news": [],
        "bias": "center",
        "source": {
            "type": null,
            "city": null,
            "state": null,
            "country": null,
            "domain_type": null,
            "agency": null,
            "organization_name": null
        }
    },
    "rating": null,
    "crawled": "2025-08-14T07:17:23.769+03:00",
    "updated": "2025-08-14T07:19:52.000+03:00"
}