{
    "thread": {
        "uuid": "8028ec6d3e5523ad1deb1265b5133c1dd266d5d0",
        "url": "https://www.newsbreak.com/the-daily-sun-1591630/4174049773131-broome",
        "site_full": "www.newsbreak.com",
        "site": "newsbreak.com",
        "site_section": "https://www.newsbreak.com/the-daily-sun-1591630",
        "site_categories": [
            "under_construction",
            "non_standard_content"
        ],
        "section_title": "The Daily Sun&#x27;s Home Page | NewsBreak",
        "site_title": "NewsBreak: Local News &amp; Alerts",
        "title": "Broome - NewsBreak",
        "title_full": "Broome - NewsBreak",
        "published": "2025-08-14T03:00:00.000+03:00",
        "replies_count": 0,
        "participants_count": 1,
        "site_type": "news",
        "country": "US",
        "main_image": "https://img.particlenews.com/img/id/21QYXl_13lsDoDg00",
        "performance_score": 0,
        "domain_rank": 3213,
        "domain_rank_updated": "2025-06-03T00:00:00.000+03:00",
        "licensing_agency": [],
        "social": {
            "facebook": {
                "likes": 0,
                "comments": 0,
                "shares": 0
            },
            "vk": {
                "shares": 0
            }
        }
    },
    "uuid": "8028ec6d3e5523ad1deb1265b5133c1dd266d5d0",
    "url": "https://www.newsbreak.com/the-daily-sun-1591630/4174049773131-broome",
    "ord_in_thread": 0,
    "author": "Staff Writer",
    "published": "2025-08-14T03:00:00.000+03:00",
    "title": "Broome - NewsBreak",
    "text": "Broome",
    "highlightText": "",
    "highlightTitle": "",
    "highlightThreadTitle": "",
    "language": "english",
    "sentiment": "neutral",
    "categories": [
        "Social Issue",
        "Economy, Business and Finance",
        "Lifestyle and Leisure"
    ],
    "topics": [
        "Social Issue->communities",
        "Lifestyle and Leisure->leisure",
        "Lifestyle and Leisure->travel and tourism",
        "Lifestyle and Leisure->lifestyle"
    ],
    "ai_allow": true,
    "has_canonical": false,
    "breaking": null,
    "webz_reporter": false,
    "external_links": [
        "https://img.particlenews.com/image.php?url=21QYXl_13lsDoDg00",
        "https://img.particlenews.com/image.php?type=thumbnail_580x000&url=21QYXl_13lsDoDg00",
        "https://img.particlenews.com/image.php",
        "https://www.img.particlenews.com/image.php?url=21QYXl_13lsDoDg00",
        "https://www.img.particlenews.com/image.php?type=thumbnail_580x000&url=21QYXl_13lsDoDg00"
    ],
    "external_images": [],
    "internal_images": [],
    "entities": {
        "persons": [],
        "locations": [],
        "organizations": []
    },
    "syndication": {
        "syndicated": false,
        "syndicate_id": null,
        "first_syndicated": false
    },
    "trust": {
        "categories": [
            "fake_news"
        ],
        "top_news": [],
        "bias": "center",
        "source": {
            "type": null,
            "city": null,
            "state": null,
            "country": null,
            "domain_type": null,
            "agency": null,
            "organization_name": null
        }
    },
    "rating": null,
    "crawled": "2025-08-14T07:19:50.232+03:00",
    "updated": "2025-08-14T07:25:53.000+03:00"
}