{
    "thread": {
        "uuid": "1c72808969312aa69bd3430b40b3179448736819",
        "url": "https://centroplexnews.com/there-were-4-american-indian-students-enrolled-in-richard-milburn-alter-high-school-killeen-district-in-2023-24-school-year/",
        "site_full": "centroplexnews.com",
        "site": "centroplexnews.com",
        "site_section": "https://centroplexnews.com/stories",
        "site_categories": [],
        "section_title": "Stories &#8211; Centroplex News",
        "site_title": "Centroplex News",
        "title": "There were 4 American Indian students enrolled in Richard Milburn Alter High School (Killeen) District in 2023-24 school year",
        "title_full": "There were 4 American Indian students enrolled in Richard Milburn Alter High School (Killeen) District in 2023-24 school year",
        "published": "2025-10-23T07:10:00.000+03:00",
        "replies_count": 0,
        "participants_count": 1,
        "site_type": "news",
        "country": "US",
        "main_image": "https://d33ioocfz0fzi4.cloudfront.net/jns-media/2c/05/14040528/webp_stumcq1l_400x400.webp",
        "performance_score": 0,
        "domain_rank": null,
        "domain_rank_updated": null,
        "licensing_agency": [],
        "social": {
            "facebook": {
                "likes": 0,
                "comments": 0,
                "shares": 0
            },
            "vk": {
                "shares": 0
            }
        }
    },
    "uuid": "1c72808969312aa69bd3430b40b3179448736819",
    "url": "https://centroplexnews.com/there-were-4-american-indian-students-enrolled-in-richard-milburn-alter-high-school-killeen-district-in-2023-24-school-year/",
    "ord_in_thread": 0,
    "author": "n. e. deleon",
    "published": "2025-10-23T07:10:00.000+03:00",
    "title": "There were 4 American Indian students enrolled in Richard Milburn Alter High School (Killeen) District in 2023-24 school year",
    "text": "There were four American Indian students enrolled in Richard Milburn Alter High School (Killeen) District in the 2023-24 school year, the same number as the previous year, according to the Texas Education Agency.\nData showed that Richard Milburn Alter High School (Killeen) District welcomed 1,450 students during the 2023-24 school year. Among them, American Indian students comprised 0.3% of the student body to be the second least represented ethnicity in the district.\nRichard Milburn Alter High School (Killeen) District roughly covers schools within Bell County and has a main office in San Antonio.\nAmong the nine schools in Richard Milburn Alter High School (Killeen) District, Richard Milburn Academy Amarillo recorded the highest enrollment of American Indian students in the 2023-24 school year, with a total of one student.\nA recent study by WalletHub classified Texas as one of the least-educated states in the U.S., ranking it 41st out of 50 in educational quality and student outcomes.\nUnderfunding is a frequently cited challenge facing Texas’ school districts. According to a 2024 report from the Texas Education Agency, per-pupil funding has not increased since 2019, despite inflation rates rising by more than 20% since then.\n“As a result, many districts in our very own Central Texas region are being forced to cut back on essential programs, services, consider school closures, and adopt deficit budgets just to provide students with the education that they deserve,” Hutto ISD Trustee James Matlock stated in an interview.\n| Year | Total District Enrollment | Total of American Indian Students | American Indian students % |\n|---|---|---|---|\n| 2023-24 | 1,450 | 4 | 0.3% |\n| 2022-23 | 1,693 | 4 | 0.2% |\n| 2021-22 | 1,591 | 7 | 0.4% |\n| 2020-21 | 1,861 | 4 | 0.2% |\n| 2019-20 | 1,921 | 6 | 0.3% |",
    "highlightText": "",
    "highlightTitle": "",
    "highlightThreadTitle": "",
    "language": "english",
    "sentiment": null,
    "categories": null,
    "topics": null,
    "ai_allow": true,
    "has_canonical": false,
    "breaking": false,
    "webz_reporter": false,
    "external_links": [
        "https://tea.texas.gov/finance-and-grants/state-funding/state-funding-manuals/basic-allotment-one-pager.pdf",
        "https://tea.texas.gov/",
        "https://wallethub.com/edu/e/most-educated-states/31075",
        "https://www.texasstandard.org/stories/austin-tx-school-districts-call-increased-funding-public-education-texas-legislature-2023/",
        "https://tea.texas.gov",
        "https://www.texasstandard.org/stories/austin-tx-school-districts-call-increased-funding-public-education-texas-legislature-2023",
        "https://www.tea.texas.gov/",
        "https://www.tea.texas.gov/finance-and-grants/state-funding/state-funding-manuals/basic-allotment-one-pager.pdf",
        "https://texasstandard.org/stories/austin-tx-school-districts-call-increased-funding-public-education-texas-legislature-2023/",
        "https://www.wallethub.com/edu/e/most-educated-states/31075"
    ],
    "external_images": [],
    "internal_images": [],
    "entities": {
        "persons": [],
        "locations": [
            {
                "name": "County",
                "sentiment": "none"
            }
        ],
        "organizations": [
            {
                "name": "Richard Milburn Alter High School",
                "sentiment": "none",
                "tickers": []
            },
            {
                "name": "Texas Education Agency",
                "sentiment": "none",
                "tickers": [
                    {
                        "ticker": null,
                        "exchange": null
                    }
                ]
            }
        ]
    },
    "syndication": {
        "syndicated": false,
        "syndicate_id": null,
        "first_syndicated": false
    },
    "trust": {
        "categories": [
            "fake_news"
        ],
        "top_news": [],
        "bias": null,
        "source": {
            "type": null,
            "city": null,
            "state": null,
            "country": null,
            "domain_type": null,
            "agency": null,
            "organization_name": null
        }
    },
    "rating": null,
    "crawled": "2025-10-23T07:16:52.696+03:00",
    "updated": "2025-10-23T07:16:52.696+03:00"
}