{
    "thread": {
        "uuid": "bb9df7cce10667bf820e03bad008321ef2f12e45",
        "url": "https://www.hindustantimes.com/education/competitive-exams/icsi-cs-december-exam-2025-enrolment-window-reopens-today-at-icsi-edu-heres-how-to-register-101761193261754.html",
        "site_full": "www.hindustantimes.com",
        "site": "hindustantimes.com",
        "site_section": "https://www.hindustantimes.com/horoscope-2024",
        "site_categories": [
            "media",
            "top_news_pk",
            "top_news_gb",
            "top_news_kw",
            "top_news_sa",
            "top_news_nz",
            "top_news_au",
            "top_news_sg",
            "top_news_ie",
            "top_news_za",
            "top_news_ph",
            "top_news_ae",
            "top_news_us",
            "top_news_in",
            "top_news_ca",
            "top_news_my",
            "top_news_iq",
            "top_news_qa",
            "top_news"
        ],
        "section_title": "Horoscope 2024: Check Astrology Horoscope, Zodiac sign new year prediction online | Hindustan Times",
        "site_title": "News: Today’s News Headlines, Breaking News India, World News and Cricket News | Hindustan Times",
        "title": "ICSI CS December Exam 2025: Enrolment window reopens today at icsi.edu, here's how to register | Competitive Exams",
        "title_full": "ICSI CS December Exam 2025: Enrolment window reopens today at icsi.edu, here's how to register | Competitive Exams",
        "published": "2025-10-23T07:23:00.000+03:00",
        "replies_count": 0,
        "participants_count": 1,
        "site_type": "news",
        "country": "IN",
        "main_image": "https://www.hindustantimes.com/ht-img/img/2025/10/23/550x309/icsi_1619503265252_1761193365568.jpg",
        "performance_score": 0,
        "domain_rank": 825,
        "domain_rank_updated": "2025-10-20T00:00:00.000+03:00",
        "licensing_agency": [],
        "social": {
            "facebook": {
                "likes": 0,
                "comments": 0,
                "shares": 1
            },
            "vk": {
                "shares": 0
            }
        }
    },
    "uuid": "bb9df7cce10667bf820e03bad008321ef2f12e45",
    "url": "https://www.hindustantimes.com/education/competitive-exams/icsi-cs-december-exam-2025-enrolment-window-reopens-today-at-icsi-edu-heres-how-to-register-101761193261754.html",
    "ord_in_thread": 0,
    "author": "@httweets",
    "published": "2025-10-23T07:23:00.000+03:00",
    "title": "ICSI CS December Exam 2025: Enrolment window reopens today at icsi.edu, here's how to register | Competitive Exams",
    "text": "The Institute of Company Secretaries of India will open the ICSI CS December Exam 2025 enrolment window on October 23, 2025. Candidates who want to apply for the Company Secretaries exam can find the direct link through the official website of ICSI at icsi.edu.The December session 2025 enrolment window will close on October 25, 2025. The students can submit request for examination enrolment with late fee, addition of module with late fee and exemption on the basis of higher qualification.Students may submit request for change of examination centre, medium, module and elective subject during the period from October 26 to November 21, 2025 till 4 pm.The pre-examination test can be completed by the students during the period from October 11 to October 24, 2025 latest by 5.30 pm. Students may also complete the TDOP (if not yet completed) during the period from October 11 to October 20, 2025.ICSI CS December Exam 2025: How to enroll To register for the December session exam candidates can follow the steps given below.1. Visit the official website of ICSI at icsi.edu.2. Click on ICSI CS December Exam 2025 registration link available on the home page.3. A new page will open where candidates will have to enter the registration details.4. Click on submit and login to the account.5. Fill the application form and make the payment of application fee.6. Click on submit and download the page.7. Keep a hard copy of the same for further need.The examination fee for executive program is ₹1500/- per group, for professional program is ₹1800/- per group. The late fee for submission of exam form, change of exam centre/ group/ medium/ optional subject, addition of group is ₹250/-. The payment should be done through online mode.The ICSI CS December exam will be held from December 22 to December 29, 2025. For more related details candidates can check the official website of ICSI.Official Notice Here",
    "highlightText": "",
    "highlightTitle": "",
    "highlightThreadTitle": "",
    "language": "english",
    "sentiment": "neutral",
    "categories": [
        "Education"
    ],
    "topics": [
        "Education->entrance examination",
        "Education->educational testing and examinations"
    ],
    "ai_allow": true,
    "has_canonical": false,
    "breaking": true,
    "webz_reporter": false,
    "external_links": [],
    "external_images": [],
    "internal_images": [],
    "entities": {
        "persons": [],
        "locations": [],
        "organizations": [
            {
                "name": "Institute of Company Secretaries of India",
                "sentiment": "negative",
                "tickers": [
                    {
                        "ticker": null,
                        "exchange": null
                    }
                ]
            }
        ]
    },
    "syndication": {
        "syndicated": false,
        "syndicate_id": null,
        "first_syndicated": false
    },
    "trust": {
        "categories": [
            "fake_news"
        ],
        "top_news": [
            "top_news_pk",
            "top_news_gb",
            "top_news_kw",
            "top_news_sa",
            "top_news_nz",
            "top_news_au",
            "top_news_sg",
            "top_news_ie",
            "top_news_za",
            "top_news_ph",
            "top_news_ae",
            "top_news_us",
            "top_news_in",
            "top_news_ca",
            "top_news_my",
            "top_news_iq",
            "top_news_qa",
            "top_news"
        ],
        "bias": "center",
        "source": {
            "type": null,
            "city": null,
            "state": null,
            "country": null,
            "domain_type": null,
            "agency": null,
            "organization_name": null
        }
    },
    "rating": null,
    "crawled": "2025-10-23T07:27:08.258+03:00",
    "updated": "2025-10-24T08:05:25.000+03:00"
}