{
    "thread": {
        "uuid": "aa913e6c5c6d54e47a0bf2619df09e8dcbfc8a81",
        "url": "https://www.newsbreak.com/find-pets-in-montana-1752542/4307767532538-cats-in-need-could-your-home-be-their-new-home-in-great-falls-mt",
        "site_full": "www.newsbreak.com",
        "site": "newsbreak.com",
        "site_section": "https://newsbreak.com/great-falls-mt",
        "site_categories": [
            "under_construction"
        ],
        "section_title": "Great Falls, MT Local News and More | NewsBreak",
        "site_title": "NewsBreak: Local News &amp; Alerts",
        "title": "Cats in Need: Could Your Home Be Their New Home in Great Falls, MT? - NewsBreak",
        "title_full": "Cats in Need: Could Your Home Be Their New Home in Great Falls, MT? - NewsBreak",
        "published": "2025-10-23T05:59:00.000+03:00",
        "replies_count": 0,
        "participants_count": 1,
        "site_type": "news",
        "country": "US",
        "main_image": "https://img.particlenews.com/img/id/3KU2CM_15ubeImF00",
        "performance_score": 0,
        "domain_rank": 2819,
        "domain_rank_updated": "2025-10-20T00:00:00.000+03:00",
        "licensing_agency": [],
        "social": {
            "facebook": {
                "likes": 0,
                "comments": 0,
                "shares": 0
            },
            "vk": {
                "shares": 0
            }
        }
    },
    "uuid": "aa913e6c5c6d54e47a0bf2619df09e8dcbfc8a81",
    "url": "https://www.newsbreak.com/find-pets-in-montana-1752542/4307767532538-cats-in-need-could-your-home-be-their-new-home-in-great-falls-mt",
    "ord_in_thread": 0,
    "author": "Find Pets In Montana",
    "published": "2025-10-23T05:59:00.000+03:00",
    "title": "Cats in Need: Could Your Home Be Their New Home in Great Falls, MT? - NewsBreak",
    "text": "1 hours ago Interested in adding a furry friend to your family? Even if you're just keen on viewing some of the cute critters available for adoption nearby, there are ample pets waiting for their forever homes in animal shelters throughout and around great falls.\nAnimal shelters and pet rescue groups work hard to care for unhoused pets and connect them to loving homes.\nDaphne Photo from petfinder Name: Daphne\nSpecies: Domestic Short Hair mixed\nInfo: Cat, Female, Young, Small\nLocation: 1010 25th Avenue NE, Great Falls, MT, 59405\nDescription: known owners ~ Very Friendly ~ Loves Attention ~ Affectionate Head Bumper ~ Active Primary Color: Grey - White Tabby... Click to see more",
    "highlightText": "",
    "highlightTitle": "",
    "highlightThreadTitle": "",
    "language": "english",
    "sentiment": "neutral",
    "categories": [
        "Human Interest",
        "Lifestyle and Leisure"
    ],
    "topics": [
        "Lifestyle and Leisure->hobby"
    ],
    "ai_allow": true,
    "has_canonical": true,
    "breaking": null,
    "webz_reporter": false,
    "external_links": [
        "https://img.particlenews.com/image.php?url=3KU2CM_15ubeImF00",
        "https://www.petfinder.com/cat/daphne-78870315/mt/great-falls/city-of-great-falls-animal-shelter-mt74/?referrer_id=7c1c89d1-2d01-4be1-a862-b300ca38733c&utm_source=api&utm_medium=partnership&utm_content=7c1c89d1-2d01-4be1-a862-b300ca38733c",
        "https://img.particlenews.com/image.php?type=thumbnail_580x000&url=3KU2CM_15ubeImF00",
        "https://img.particlenews.com/image.php",
        "https://www.petfinder.com/cat/daphne-78870315/mt/great-falls/city-of-great-falls-animal-shelter-mt74/",
        "https://www.img.particlenews.com/image.php?url=3KU2CM_15ubeImF00",
        "https://petfinder.com/cat/daphne-78870315/mt/great-falls/city-of-great-falls-animal-shelter-mt74/?referrer_id=7c1c89d1-2d01-4be1-a862-b300ca38733c&utm_source=api&utm_medium=partnership&utm_content=7c1c89d1-2d01-4be1-a862-b300ca38733c",
        "https://www.img.particlenews.com/image.php?type=thumbnail_580x000&url=3KU2CM_15ubeImF00"
    ],
    "external_images": [],
    "internal_images": [],
    "entities": {
        "persons": [],
        "locations": [],
        "organizations": []
    },
    "syndication": {
        "syndicated": false,
        "syndicate_id": null,
        "first_syndicated": false
    },
    "trust": {
        "categories": [
            "fake_news"
        ],
        "top_news": [],
        "bias": "center",
        "source": {
            "type": null,
            "city": null,
            "state": null,
            "country": null,
            "domain_type": null,
            "agency": null,
            "organization_name": null
        }
    },
    "rating": null,
    "crawled": "2025-10-23T07:23:15.454+03:00",
    "updated": "2025-10-23T07:29:06.000+03:00"
}