{
    "thread": {
        "uuid": "c94fd6e0884a51240a8af8939d1b388ed9ed8ab9",
        "url": "https://www.newsbreak.com/news-9-kwtv-oklahoma-city-1590615/4213348050735-dallas-cowboys-vs-philadelphia-eagles-game-preview-key-storylines-where-to-watch",
        "site_full": "www.newsbreak.com",
        "site": "newsbreak.com",
        "site_section": "https://news.google.com/search?q=where%20when%3A1h&hl=en-US&gl=US&ceid=US%3Aen",
        "site_categories": [
            "under_construction"
        ],
        "section_title": "Google News - Search",
        "site_title": "NewsBreak: Local News &amp; Alerts",
        "title": "Dallas Cowboys vs Philadelphia Eagles: Game Preview, Key Storylines & Where to Watch - NewsBreak",
        "title_full": "Dallas Cowboys vs Philadelphia Eagles: Game Preview, Key Storylines & Where to Watch - NewsBreak",
        "published": "2025-09-04T06:51:00.000+03:00",
        "replies_count": 0,
        "participants_count": 1,
        "site_type": "news",
        "country": "US",
        "main_image": "https://img.particlenews.com/img/id/34tubQ_14OStMjs00",
        "performance_score": 0,
        "domain_rank": 3213,
        "domain_rank_updated": "2025-06-03T00:00:00.000+03:00",
        "licensing_agency": [],
        "social": {
            "facebook": {
                "likes": 0,
                "comments": 0,
                "shares": 0
            },
            "vk": {
                "shares": 0
            }
        }
    },
    "uuid": "c94fd6e0884a51240a8af8939d1b388ed9ed8ab9",
    "url": "https://www.newsbreak.com/news-9-kwtv-oklahoma-city-1590615/4213348050735-dallas-cowboys-vs-philadelphia-eagles-game-preview-key-storylines-where-to-watch",
    "ord_in_thread": 0,
    "author": "Justin Woodard",
    "published": "2025-09-04T06:51:00.000+03:00",
    "title": "Dallas Cowboys vs Philadelphia Eagles: Game Preview, Key Storylines & Where to Watch - NewsBreak",
    "text": "By Justin Woodard ,\n26 minutes ago\nThe NFL season gets underway on Thursday night with the defending champion Philadelphia Eagles hosting the Dallas Cowboys.\nWhere to Watch Info Kickoff: Thursday, September 4, 7:30 pm CT\nLocation: Lincoln Financial Field- Philadelphia PA\nWatch: NBC/Peacock\nBETTING (ESPN Bet Sportsbook) Spread : Eagles -8.8\nOver/Under : 47.5\nMoney Line : Eagles -425\nWhat to Watch Championship Banner Unveiled : Before kickoff, the Eagles will celebrate their Super Bowl title one more time with a pregame ceremony and the championship banner being unveiled at Lincoln Financial Field\nQuarterback Play : One-time OU quarterback Jalen Hurts is set to begin his sixth year with the Eagles. Meanwhile, Dak Prescott is entering his 10th year with the Cowboys. Prescott only played in eight games last year for Dallas.\nFormer OU Sooners in the Game : Hurts will have plenty of company from OU products on the field as the season opens. Joining Hurts on the Eagles is former Sooner standout offensive lineman Lane Johnson, and defensive lineman Obo Okoronkwo. The Cowboys meanwhile have former OU star wide receiver CeeDee Lamb, offensive lineman Tyler Guyton, linebacker Kenneth Murray, and defensive lineman Perrion Winfrey. The Cowboys also have former Tulsa Golden Hurricane offensive lineman Tyler Smith in their starting lineup.\nFrom One Sooner to Another Former OU star wide receiver CeeDee Lamb says he plans to watch the Eagles pregame ceremony celebrating their Super Bowl title. Lamb for one is going to watch it as motivation, but he's happy to see former teammate and quarterback Jalen Hurts having so much success. Hurts, who is now a Super Bowl champion, also helped the Sooners make the College Football Playoff in 2019 along with Lamb.\nJustin Woodard Justin Woodard joined News On 6's sports team in January of 2024, bringing over 12 years of broadcast experience. He's excited to cover high school sports in Tulsa and athletics at Oklahoma, Oklahoma State, Tulsa, and Oral Roberts.",
    "highlightText": "",
    "highlightTitle": "",
    "highlightThreadTitle": "",
    "language": "english",
    "sentiment": "neutral",
    "categories": [
        "Sport"
    ],
    "topics": [
        "Sport->sport event",
        "Sport->american football"
    ],
    "ai_allow": true,
    "has_canonical": false,
    "breaking": true,
    "webz_reporter": false,
    "external_links": [
        "https://img.particlenews.com/image.php?url=34tubQ_14OStMjs00",
        "https://img.particlenews.com/image.php?type=thumbnail_580x000&url=34tubQ_14OStMjs00",
        "https://img.particlenews.com/image.php",
        "https://www.img.particlenews.com/image.php?url=34tubQ_14OStMjs00",
        "https://www.img.particlenews.com/image.php?type=thumbnail_580x000&url=34tubQ_14OStMjs00"
    ],
    "external_images": [],
    "internal_images": [],
    "entities": {
        "persons": [
            {
                "name": "Justin Woodard",
                "sentiment": "negative"
            },
            {
                "name": "Obo Okoronkwo",
                "sentiment": "none"
            },
            {
                "name": "Dak Prescott",
                "sentiment": "none"
            },
            {
                "name": "Lane Johnson",
                "sentiment": "none"
            }
        ],
        "locations": [],
        "organizations": [
            {
                "name": "Philadelphia Eagles",
                "sentiment": "negative",
                "tickers": [
                    {
                        "ticker": null,
                        "exchange": null
                    }
                ]
            },
            {
                "name": "Dallas Cowboys",
                "sentiment": "negative",
                "tickers": [
                    {
                        "ticker": null,
                        "exchange": null
                    }
                ]
            },
            {
                "name": "NFL",
                "sentiment": "negative",
                "tickers": [
                    {
                        "ticker": null,
                        "exchange": null
                    }
                ]
            },
            {
                "name": "ESPN Bet Sportsbook",
                "sentiment": "none",
                "tickers": []
            },
            {
                "name": "OU Sooners",
                "sentiment": "none",
                "tickers": []
            },
            {
                "name": "NBC",
                "sentiment": "none",
                "tickers": [
                    {
                        "ticker": "NBC",
                        "exchange": "FRA"
                    }
                ]
            }
        ]
    },
    "syndication": {
        "syndicated": false,
        "syndicate_id": null,
        "first_syndicated": false
    },
    "trust": {
        "categories": [
            "fake_news"
        ],
        "top_news": [],
        "bias": "center",
        "source": {
            "type": null,
            "city": null,
            "state": null,
            "country": null,
            "domain_type": null,
            "agency": null,
            "organization_name": null
        }
    },
    "rating": null,
    "crawled": "2025-09-04T07:18:10.885+03:00",
    "updated": "2025-09-04T07:19:45.000+03:00"
}