{
    "thread": {
        "uuid": "f761054030d0154d0a19da269c20375472ed7c72",
        "url": "https://www.newsbreak.com/kgw-524533/4213078548610-wildfire-burning-along-highway-26-near-prineville-elicits-level-3-evacuation-orders",
        "site_full": "www.newsbreak.com",
        "site": "newsbreak.com",
        "site_section": "https://newsbreak.com/bend-or",
        "site_categories": [
            "under_construction"
        ],
        "section_title": "Bend, OR Local News and More | NewsBreak",
        "site_title": "NewsBreak: Local News &amp; Alerts",
        "title": "Wildfire burning along Highway 26 near Prineville elicits Level 3 evacuation orders - NewsBreak",
        "title_full": "Wildfire burning along Highway 26 near Prineville elicits Level 3 evacuation orders - NewsBreak",
        "published": "2025-09-04T02:48:00.000+03:00",
        "replies_count": 0,
        "participants_count": 1,
        "site_type": "news",
        "country": "US",
        "main_image": "https://img.particlenews.com/img/id/0BwUiY_14OBmYyM00",
        "performance_score": 0,
        "domain_rank": 3213,
        "domain_rank_updated": "2025-06-03T00:00:00.000+03:00",
        "licensing_agency": [],
        "social": {
            "facebook": {
                "likes": 0,
                "comments": 0,
                "shares": 0
            },
            "vk": {
                "shares": 0
            }
        }
    },
    "uuid": "f761054030d0154d0a19da269c20375472ed7c72",
    "url": "https://www.newsbreak.com/kgw-524533/4213078548610-wildfire-burning-along-highway-26-near-prineville-elicits-level-3-evacuation-orders",
    "ord_in_thread": 0,
    "author": "KGW",
    "published": "2025-09-04T02:48:00.000+03:00",
    "title": "Wildfire burning along Highway 26 near Prineville elicits Level 3 evacuation orders - NewsBreak",
    "text": "4 hours ago PRINEVILLE, Ore. — Federal, state and regional teams are responding to a fire that sparked Tuesday in Ochoco National Forest, about 21 miles northeast of Prineville. As of Wednesday, the blaze, named the Marks Creek Fire, was estimated at more than 2,000 acres. Fire officials said that the fire... Read full article\nRead in NewsBreak",
    "highlightText": "",
    "highlightTitle": "",
    "highlightThreadTitle": "",
    "language": "english",
    "sentiment": "negative",
    "categories": [
        "Disaster and Accident",
        "Social Issue",
        "Politics"
    ],
    "topics": [
        "Disaster and Accident->fire",
        "Disaster and Accident->emergency response",
        "Social Issue->social problem",
        "Social Issue->social condition",
        "Social Issue->communities",
        "Politics->government policy",
        "Politics->safety of citizens"
    ],
    "ai_allow": true,
    "has_canonical": false,
    "breaking": null,
    "webz_reporter": false,
    "external_links": [],
    "external_images": [],
    "internal_images": [],
    "entities": {
        "persons": [],
        "locations": [
            {
                "name": "Prineville",
                "sentiment": "none"
            }
        ],
        "organizations": [
            {
                "name": "Ochoco National Forest",
                "sentiment": "none",
                "tickers": []
            }
        ]
    },
    "syndication": {
        "syndicated": false,
        "syndicate_id": null,
        "first_syndicated": false
    },
    "trust": {
        "categories": [
            "fake_news"
        ],
        "top_news": [],
        "bias": "center",
        "source": {
            "type": null,
            "city": null,
            "state": null,
            "country": null,
            "domain_type": null,
            "agency": null,
            "organization_name": null
        }
    },
    "rating": null,
    "crawled": "2025-09-04T07:28:00.220+03:00",
    "updated": "2025-09-04T07:32:32.000+03:00"
}