{
    "thread": {
        "uuid": "55add4565e509ea7047d2be2b63b6041c1df3d7f",
        "url": "https://www.thegatewaypundit.com/2025/02/tomorrowwh-press-secretary-karoline-leavitt-smacks-down-dem",
        "site_full": "www.thegatewaypundit.com",
        "site": "thegatewaypundit.com",
        "site_section": "https://news.whatfinger.com/feed",
        "site_categories": [
            "social",
            "top_news_us",
            "top_news"
        ],
        "section_title": "Whatfinger Wire News",
        "title": "WH Press Secretary Karoline Leavitt Smacks Down Dem Congressman With a Beautiful Reply After He Takes a Nasty Shot at Her Christian Faith | The Gateway Pundit | by Cullen Linebarger",
        "title_full": "WH Press Secretary Karoline Leavitt Smacks Down Dem Congressman With a Beautiful Reply After He Takes a Nasty Shot at Her Christian Faith | The Gateway Pundit | by Cullen Linebarger",
        "published": "2025-02-09T14:04:00.000+02:00",
        "replies_count": 48,
        "participants_count": 34,
        "site_type": "news",
        "country": "US",
        "main_image": "https://www.thegatewaypundit.com/wp-content/uploads/2025/01/karoline-leavitte-topaz-face-scaled.jpg",
        "performance_score": 0,
        "domain_rank": 5772,
        "domain_rank_updated": "2025-02-03T23:00:00.000+02:00",
        "social": {
            "facebook": {
                "likes": 0,
                "comments": 0,
                "shares": 0
            },
            "vk": {
                "shares": 0
            }
        }
    },
    "uuid": "098ec6916ab3b086bf876d257aa80c013d6e936c",
    "url": "https://www.thegatewaypundit.com/2025/02/tomorrowwh-press-secretary-karoline-leavitt-smacks-down-dem#post-41",
    "ord_in_thread": 41,
    "parent_url": null,
    "author": "Commie-Crusher",
    "published": "2025-02-09T15:47:14.295+02:00",
    "title": "",
    "text": "These liberals don’t know the first thing about Jesus. Like guns, children, money, and everything else, they just use him as a prop when it suits their needs.",
    "highlightText": "",
    "highlightTitle": "",
    "highlightThreadTitle": "",
    "language": "english",
    "sentiment": null,
    "categories": null,
    "topics": null,
    "ai_allow": true,
    "has_canonical": false,
    "breaking": null,
    "webz_reporter": false,
    "external_links": null,
    "external_images": [],
    "entities": {
        "persons": [],
        "organizations": [],
        "locations": []
    },
    "syndication": {
        "syndicated": false,
        "syndicate_id": null,
        "first_syndicated": false
    },
    "trust": {
        "categories": [
            "fake_news"
        ]
    },
    "rating": null,
    "crawled": "2025-02-09T15:47:14.295+02:00",
    "updated": "2025-02-09T20:39:25.352+02:00"
}