{
    "thread": {
        "uuid": "db4f9f3f8b3f8ab93b6b077226d882eaaae732a3",
        "url": "https://local.newsbreak.com/clutchpoints-509983/4240882095797-eagles-jordan-mailata-wants-jail-time-for-tush-push-critic",
        "site_full": "local.newsbreak.com",
        "site": "newsbreak.com",
        "site_section": "https://local.newsbreak.com/clutchpoints-509983",
        "site_categories": [],
        "section_title": "ClutchPoints&#x27;s Home Page | NewsBreak",
        "site_title": "NewsBreak: Local News &amp; Alerts",
        "title": "Eagles' Jordan Mailata wants 'jail time' for Tush Push critic - NewsBreak",
        "title_full": "Eagles' Jordan Mailata wants 'jail time' for Tush Push critic - NewsBreak",
        "published": "2025-09-18T05:42:00.000+03:00",
        "replies_count": 0,
        "participants_count": 1,
        "site_type": "news",
        "country": "US",
        "main_image": "https://img.particlenews.com/img/id/0mT1RV_14qCkqtB00",
        "performance_score": 0,
        "domain_rank": 2819,
        "domain_rank_updated": "2025-09-16T00:00:00.000+03:00",
        "licensing_agency": [],
        "social": {
            "facebook": {
                "likes": 0,
                "comments": 0,
                "shares": 0
            },
            "vk": {
                "shares": 0
            }
        }
    },
    "uuid": "db4f9f3f8b3f8ab93b6b077226d882eaaae732a3",
    "url": "https://local.newsbreak.com/clutchpoints-509983/4240882095797-eagles-jordan-mailata-wants-jail-time-for-tush-push-critic",
    "ord_in_thread": 0,
    "author": "Troy Finnegan",
    "published": "2025-09-18T05:42:00.000+03:00",
    "title": "Eagles' Jordan Mailata wants 'jail time' for Tush Push critic - NewsBreak",
    "text": "By Troy Finnegan ,\n1 hours ago\nKyle Ross-Imagn Images The post Eagles’ Jordan Mailata wants ‘jail time’ for Tush Push critic appeared first on ClutchPoints .\nThe Philadelphia Eagles are off to a 2-0 start in 2025 despite not looking great coming off of their Super Bowl victory, but the final score is what matters. The Eagles have and no problems there, dispatching the Dallas Cowboys and Kansas City Chiefs in a pair of one-score games.\nHowever, coming out of the Week 2 win in Kansas City, nobody wanted to show the Eagles any love. A lot of the talk around the team has been around the ineffective passing game and the Tush Push, which the Eagles have continued to use at will so far this season.\nOn Sunday after the game, the Tush Push discourse reached a fever pitch. After videos surfaced of the Eagles false starting on the play and both teams lining up offsides with no penalty called, fans and pundits questioned why the play was still legal if it is not going to be officiated correctly.\nSome pundits, Bill Simmons being one of them, even referred to the play as a rugby play. Eagles offensive tackle Jordan Mailata took offense to that and joked that those people should be given jail time , via Zach Berman of The Athletic.\n“Whichever announcer said it was a rugby play deserves jail time,” Mailata said. “It’s a beautiful piece of art. …It’s a lot of coordination, a lot of organized mass. Every other team can do it, why can’t they convert?”\nMailata is right, and that is why the play remained legal after a lengthy debate about it over the offseason. However, if it isn’t being officiated properly, it’s fair to question whether it should stick around in 2026 and beyond.\nStill, the Eagles are in the clear for this year and will continue to dominate short-yardage situations as a result. The Tush Push is still an unstoppable play whenever they run it, and it will keep being a problem for teams throughout the 2025 campaign. The fate of the play after that remains to be seen — it was just two votes from getting banned last offseason — but until then everyone is going to have to figure out how to stop it.\n2",
    "highlightText": "",
    "highlightTitle": "",
    "highlightThreadTitle": "",
    "language": "english",
    "sentiment": "negative",
    "categories": [
        "Sport",
        "Human Interest",
        "Lifestyle and Leisure"
    ],
    "topics": [
        "Sport->sport event",
        "Sport->sports coaching",
        "Sport->american football",
        "Human Interest->celebrity",
        "Lifestyle and Leisure->game",
        "Lifestyle and Leisure->exercise and fitness"
    ],
    "ai_allow": true,
    "has_canonical": true,
    "breaking": null,
    "webz_reporter": false,
    "external_links": [
        "https://clutchpoints.com/nfl/philadelphia-eagles/eagles-news-jordan-mailata-wants-jail-time-tush-push-critic",
        "https://clutchpoints.com",
        "https://x.com/ZBerm/status/1968475587191652421",
        "https://clutchpoints.com/nfl/philadelphia-eagles/eagles-news-nick-sirianni-goes-in-depth-on-tush-push-penalty-controversy",
        "https://clutchpoints.com/nfl/philadelphia-eagles/eagles-news-philadelphia-ruthlessly-trolls-chiefs-eating-them-again",
        "https://img.particlenews.com/image.php?url=0mT1RV_14qCkqtB00",
        "https://clutchpoints.com/nfl/kansas-city-chiefs/chiefs-news-chris-jones-complains-refs-missing-calls-eagles-tush-push",
        "https://img.particlenews.com/image.php?type=thumbnail_580x000&url=0mT1RV_14qCkqtB00",
        "https://clutchpoints.com/nfl/philadelphia-eagles",
        "https://www.img.particlenews.com/image.php?url=0mT1RV_14qCkqtB00",
        "https://www.clutchpoints.com/nfl/philadelphia-eagles/eagles-news-jordan-mailata-wants-jail-time-tush-push-critic",
        "https://www.clutchpoints.com/nfl/philadelphia-eagles/eagles-news-nick-sirianni-goes-in-depth-on-tush-push-penalty-controversy",
        "https://www.x.com/ZBerm/status/1968475587191652421",
        "https://img.particlenews.com/image.php",
        "https://www.clutchpoints.com/nfl/philadelphia-eagles",
        "https://www.img.particlenews.com/image.php?type=thumbnail_580x000&url=0mT1RV_14qCkqtB00",
        "https://www.clutchpoints.com/nfl/philadelphia-eagles/eagles-news-philadelphia-ruthlessly-trolls-chiefs-eating-them-again",
        "https://www.clutchpoints.com",
        "https://www.clutchpoints.com/nfl/kansas-city-chiefs/chiefs-news-chris-jones-complains-refs-missing-calls-eagles-tush-push"
    ],
    "external_images": [],
    "internal_images": [],
    "entities": {
        "persons": [
            {
                "name": "Kyle Ross-Imagn",
                "sentiment": "negative"
            },
            {
                "name": "Troy Finnegan",
                "sentiment": "negative"
            },
            {
                "name": "Bill Simmons",
                "sentiment": "none"
            }
        ],
        "locations": [],
        "organizations": [
            {
                "name": "Philadelphia Eagles",
                "sentiment": "none",
                "tickers": [
                    {
                        "ticker": null,
                        "exchange": null
                    }
                ]
            },
            {
                "name": "Kansas City Chiefs",
                "sentiment": "none",
                "tickers": [
                    {
                        "ticker": null,
                        "exchange": null
                    }
                ]
            },
            {
                "name": "Dallas Cowboys",
                "sentiment": "none",
                "tickers": [
                    {
                        "ticker": null,
                        "exchange": null
                    }
                ]
            }
        ]
    },
    "syndication": {
        "syndicated": false,
        "syndicate_id": null,
        "first_syndicated": false
    },
    "trust": {
        "categories": [
            "fake_news"
        ],
        "top_news": [],
        "bias": "center",
        "source": {
            "type": null,
            "city": null,
            "state": null,
            "country": null,
            "domain_type": null,
            "agency": null,
            "organization_name": null
        }
    },
    "rating": null,
    "crawled": "2025-09-18T07:22:26.137+03:00",
    "updated": "2025-09-18T07:26:39.000+03:00"
}