{
    "thread": {
        "uuid": "7ae9fdb45e148fac059621e00eec4ee349c30455",
        "url": "https://norilsk-news.ru/sport/2025/09/18/36790.html",
        "site_full": "norilsk-news.ru",
        "site": "norilsk-news.ru",
        "site_section": "https://norilsk-news.ru/incident",
        "site_categories": [],
        "section_title": "Происшествия - Лента новостей Норильска",
        "site_title": "Лента новостей Норильска",
        "title": "«Сибирское долголетие»: более 800 жителей края получили сертификат на бесплатные занятия спортом - Лента новостей Норильска",
        "title_full": "«Сибирское долголетие»: более 800 жителей края получили сертификат на бесплатные занятия спортом - Лента новостей Норильска",
        "published": "2025-09-18T06:48:00.000+03:00",
        "replies_count": 0,
        "participants_count": 1,
        "site_type": "news",
        "country": "RU",
        "main_image": "https://norilsk-news.ru/img/20250918/3fb642c9c782d19d22a3429ac62ef4d1_o.jpg",
        "performance_score": 0,
        "domain_rank": null,
        "domain_rank_updated": null,
        "licensing_agency": [],
        "social": {
            "facebook": {
                "likes": 0,
                "comments": 0,
                "shares": 0
            },
            "vk": {
                "shares": 0
            }
        }
    },
    "uuid": "7ae9fdb45e148fac059621e00eec4ee349c30455",
    "url": "https://norilsk-news.ru/sport/2025/09/18/36790.html",
    "ord_in_thread": 0,
    "author": "Официальный портал Красноярского края",
    "published": "2025-09-18T06:48:00.000+03:00",
    "title": "«Сибирское долголетие»: более 800 жителей края получили сертификат на бесплатные занятия спортом - Лента новостей Норильска",
    "text": "В Красноярском крае продолжается прием заявок на социальные спортивные сертификаты для людей старшего возраста. За месяц на региональный портал госуслуг поступило 814 заявлений на бесплатные занятия спортом. Более активными участниками оказались женщины. Мужчины составили лишь одну десятую часть от общего числа заявителей.\nВиртуальный сертификат дает возможность женщинам старше 55 и мужчинам старше 60 лет бесплатно заниматься спортом на объектах из утвержденного списка. Услуги предоставляют организации из Красноярска, Железногорска, Лесосибирска и п. Стрелка, Норильска и Снежногорска. В Зеленогорске и ЗАТО Солнечный все сертификаты уже разобраны.\nПодать заявление нужно на региональном портале госуслуг. После получения на электронную почту подтверждения права на сертификат необходимо сразу же выбрать из утвержденного списка один спортивный объект и заключить с ним договор на самостоятельные тренировки по плаванию или групповые занятия в фитнес-центрах и бассейнах. Количество сертификатов ограничено, затягивать с заключением договора не рекомендуется.\nПосле заключения договора бесплатно посещать занятия можно до 30 ноября 2025 года. Их количество определяется условиями договора.\nКонсультации можно получить телефонам:\n8 (391) 223-51-50 – МСК «Арена. Север» (ул. 9 Мая, 74).\n8 (391) 222-19-87 – Ледовый дворец «Кристалл арена» (ул. Партизана Железняка, 42).\n8 (391) 205-06-28 – стадион «Локомотив» (ул. Ленина, 90).\nВ 2025 году участниками программы бесплатных спортивных сертификатов станут около двух тысяч жителей региона. Проект реализуется в рамках движения «Сибирское долголетие» по инициативе Губернатора Красноярского края Михаила Котюкова. В 2026 году реализация проекта продолжится.\nДополнительная информация для СМИ: 8(391) 201-62-45, пресс-служба министерства спорта Красноярского края.",
    "highlightText": "",
    "highlightTitle": "",
    "highlightThreadTitle": "",
    "language": "russian",
    "sentiment": null,
    "categories": null,
    "topics": null,
    "ai_allow": true,
    "has_canonical": false,
    "breaking": false,
    "webz_reporter": false,
    "external_links": [
        "https://gosuslugi.krskstate.ru/#/createorderform/7000",
        "http://www.kraysport.ru/upload/sibd040925.pdf",
        "http://kraysport.ru/upload/sibd040925.pdf",
        "https://www.gosuslugi.krskstate.ru/#/createorderform/7000"
    ],
    "external_images": [],
    "internal_images": [],
    "entities": {
        "persons": [],
        "locations": [],
        "organizations": []
    },
    "syndication": {
        "syndicated": null,
        "syndicate_id": null,
        "first_syndicated": false
    },
    "trust": {
        "categories": [
            "fake_news"
        ],
        "top_news": [],
        "bias": null,
        "source": {
            "type": null,
            "city": null,
            "state": null,
            "country": null,
            "domain_type": null,
            "agency": null,
            "organization_name": null
        }
    },
    "rating": null,
    "crawled": "2025-09-18T07:19:04.195+03:00",
    "updated": "2025-09-18T07:19:04.195+03:00"
}