{
    "thread": {
        "uuid": "19685e1ef28e7375d3bcabfe53b25c04ad7c752d",
        "url": "https://tamil.news18.com/photogallery/business/check-today-september-18th-2025-gold-and-silver-price-in-chennai-anu-ws-e-1920660.html",
        "site_full": "tamil.news18.com",
        "site": "news18.com",
        "site_section": "https://tamil.news18.com/photogallery/tamil-nadu",
        "site_categories": [
            "media",
            "top_news_in",
            "top_news_ph",
            "top_news_pk",
            "top_news_ae",
            "top_news_qa",
            "top_news_sg",
            "top_news_sa",
            "top_news_kw",
            "top_news"
        ],
        "section_title": "Photogallery Stories of Tamil Nadu in Tamil, தமிழில் தமிழ்நாடு புகைப்பட தொகுப்பு",
        "site_title": "News: Get Latest News Today, Breaking News, Top News Headlines, India and World News | News18",
        "title": "Gold Price Drop | இன்று தங்கம் வாங்குபவர்களுக்கு ஜாக்பாட்.. அதிரடியாக குறைந்த தங்கம் விலை.. இன்றைய நிலவரம் என்ன? | வணிகம் - News18 தமிழ்",
        "title_full": "Gold Price Drop | இன்று தங்கம் வாங்குபவர்களுக்கு ஜாக்பாட்.. அதிரடியாக குறைந்த தங்கம் விலை.. இன்றைய நிலவரம் என்ன? | வணிகம் - News18 தமிழ்",
        "published": "2025-09-18T06:53:00.000+03:00",
        "replies_count": 0,
        "participants_count": 1,
        "site_type": "news",
        "country": "IN",
        "main_image": "https://images.news18.com/tamil/uploads/2025/09/Gold-rate-2025-09-4cad0c427f1366db4cebaff98bcb4e43-3x2.jpg?im=FitAndFill,width=1200,height=675",
        "performance_score": 0,
        "domain_rank": 3556,
        "domain_rank_updated": "2025-09-16T00:00:00.000+03:00",
        "licensing_agency": [],
        "social": {
            "facebook": {
                "likes": 0,
                "comments": 0,
                "shares": 0
            },
            "vk": {
                "shares": 0
            }
        }
    },
    "uuid": "19685e1ef28e7375d3bcabfe53b25c04ad7c752d",
    "url": "https://tamil.news18.com/photogallery/business/check-today-september-18th-2025-gold-and-silver-price-in-chennai-anu-ws-e-1920660.html",
    "ord_in_thread": 0,
    "author": "@news18tamil",
    "published": "2025-09-18T06:53:00.000+03:00",
    "title": "Gold Price Drop | இன்று தங்கம் வாங்குபவர்களுக்கு ஜாக்பாட்.. அதிரடியாக குறைந்த தங்கம் விலை.. இன்றைய நிலவரம் என்ன? | வணிகம் - News18 தமிழ்",
    "text": "Gold Price Drop | இன்று தங்கம் வாங்குபவர்களுக்கு ஜாக்பாட்.. அதிரடியாக குறைந்த தங்கம் விலை.. இன்றைய நிலவரம் என்ன?\n- Published by:\nAnupriyam K news18-tamil\nLast Updated:\nGold and silver price | இன்றைய ( செப்டம்பர் 18) தங்கம் மற்றும் வெள்ளி விலை நிலவரத்தை பற்றி தெரிந்து கொள்ளலாம்.\nadvertisement\nadvertisement\nadvertisement\nadvertisement\nadvertisement\nadvertisement\nadvertisement\nadvertisement",
    "highlightText": "",
    "highlightTitle": "",
    "highlightThreadTitle": "",
    "language": "tamil",
    "sentiment": null,
    "categories": null,
    "topics": null,
    "ai_allow": true,
    "has_canonical": false,
    "breaking": true,
    "webz_reporter": false,
    "external_links": [],
    "external_images": [],
    "internal_images": [],
    "entities": {
        "persons": [],
        "locations": [],
        "organizations": []
    },
    "syndication": {
        "syndicated": null,
        "syndicate_id": null,
        "first_syndicated": false
    },
    "trust": {
        "categories": [
            "fake_news"
        ],
        "top_news": [
            "top_news_in",
            "top_news_ph",
            "top_news_pk",
            "top_news_ae",
            "top_news_qa",
            "top_news_sg",
            "top_news_sa",
            "top_news_kw",
            "top_news"
        ],
        "bias": "center",
        "source": {
            "type": null,
            "city": null,
            "state": null,
            "country": null,
            "domain_type": null,
            "agency": null,
            "organization_name": null
        }
    },
    "rating": null,
    "crawled": "2025-09-18T07:17:39.617+03:00",
    "updated": "2025-09-18T07:17:39.617+03:00"
}