{
    "thread": {
        "uuid": "0a09bdc8c6b26d7f9cab7ab1fb5db03eff9593d9",
        "url": "https://www.newsbreak.com/wfaa-509901/4240758769105-tropical-storm-gabrielle-forms-but-there-are-2-other-waves-to-watch",
        "site_full": "www.newsbreak.com",
        "site": "newsbreak.com",
        "site_section": "https://www.newsbreak.com/wfaa-509901",
        "site_categories": [
            "under_construction"
        ],
        "section_title": "WFAA&#x27;s Home Page | NewsBreak",
        "site_title": "NewsBreak: Local News &amp; Alerts",
        "title": "Tropical Storm Gabrielle forms, but there are 2 other waves to watch - NewsBreak",
        "title_full": "Tropical Storm Gabrielle forms, but there are 2 other waves to watch - NewsBreak",
        "published": "2025-09-18T04:54:00.000+03:00",
        "replies_count": 0,
        "participants_count": 1,
        "site_type": "news",
        "country": "US",
        "main_image": "https://img.particlenews.com/img/id/1z7MQ0_14q4vdOe00",
        "performance_score": 0,
        "domain_rank": 2819,
        "domain_rank_updated": "2025-09-16T00:00:00.000+03:00",
        "licensing_agency": [],
        "social": {
            "facebook": {
                "likes": 0,
                "comments": 0,
                "shares": 0
            },
            "vk": {
                "shares": 0
            }
        }
    },
    "uuid": "0a09bdc8c6b26d7f9cab7ab1fb5db03eff9593d9",
    "url": "https://www.newsbreak.com/wfaa-509901/4240758769105-tropical-storm-gabrielle-forms-but-there-are-2-other-waves-to-watch",
    "ord_in_thread": 0,
    "author": "WFAA",
    "published": "2025-09-18T04:54:00.000+03:00",
    "title": "Tropical Storm Gabrielle forms, but there are 2 other waves to watch - NewsBreak",
    "text": "5 hours ago Tropical Storm Gabrielle has formed, making it the first named storm in the Atlantic in almost three weeks. Read full article\nRead in NewsBreak",
    "highlightText": "",
    "highlightTitle": "",
    "highlightThreadTitle": "",
    "language": "english",
    "sentiment": "neutral",
    "categories": [
        "Weather",
        "Environment"
    ],
    "topics": [
        "Weather->weather phenomena",
        "Weather->weather warning",
        "Environment->global warming",
        "Environment->climate change",
        "Environment->nature"
    ],
    "ai_allow": true,
    "has_canonical": false,
    "breaking": null,
    "webz_reporter": false,
    "external_links": [],
    "external_images": [],
    "internal_images": [],
    "entities": {
        "persons": [],
        "locations": [
            {
                "name": "Atlantic",
                "sentiment": "none"
            }
        ],
        "organizations": []
    },
    "syndication": {
        "syndicated": false,
        "syndicate_id": null,
        "first_syndicated": false
    },
    "trust": {
        "categories": [
            "fake_news"
        ],
        "top_news": [],
        "bias": "center",
        "source": {
            "type": null,
            "city": null,
            "state": null,
            "country": null,
            "domain_type": null,
            "agency": null,
            "organization_name": null
        }
    },
    "rating": null,
    "crawled": "2025-09-18T07:22:32.980+03:00",
    "updated": "2025-09-18T10:18:26.608+03:00"
}