{
    "thread": {
        "uuid": "d8d083b7b35bf481cedea6c9073be44847b20742",
        "url": "https://kamchatka-news.net/other/2026/02/19/196078.html",
        "site_full": "kamchatka-news.net",
        "site": "kamchatka-news.net",
        "site_section": "https://kamchatka-news.net/rss.xml",
        "site_categories": [],
        "section_title": "Лента новостей Камчатки",
        "site_title": "Лента новостей Камчатки",
        "title": "Камчатский министр по ЧС призвал жителей региона не лезть в горы по весне",
        "title_full": "Камчатский министр по ЧС призвал жителей региона не лезть в горы по весне",
        "published": "2026-02-19T07:10:00.000+02:00",
        "replies_count": 0,
        "participants_count": 1,
        "site_type": "news",
        "country": "RU",
        "main_image": "https://kamchatka-news.net/img/20260219/23f886c47a6aa8dab834225ea2c268b0_o.jpg",
        "performance_score": 0,
        "domain_rank": null,
        "domain_rank_updated": null,
        "licensing_agency": [],
        "social": {
            "facebook": {
                "likes": 0,
                "comments": 0,
                "shares": 0
            },
            "vk": {
                "shares": 0
            }
        }
    },
    "uuid": "d8d083b7b35bf481cedea6c9073be44847b20742",
    "url": "https://kamchatka-news.net/other/2026/02/19/196078.html",
    "ord_in_thread": 0,
    "author": "Камчатка-Информ",
    "published": "2026-02-19T07:10:00.000+02:00",
    "title": "Камчатский министр по ЧС призвал жителей региона не лезть в горы по весне",
    "text": "Министр по чрезвычайным ситуациям Камчатского края Сергей Лебедев обратился к жителям и гостям региона с призывом обходить горные территории в весенний период, сообщает РАИ «КАМЧАТКА-ИНФОРМ» со ссылкой на страницу министра в социальных сетях.\n«Выступил сегодня на оперативном штабе по развитию туризма. Речь шла о регистрации групп в МЧС и об опасностях, подстерегающих туристов. Грядет весна — это лавины. Основная суть: делать в лавиноопасный сезон в горах нечего. Тем более в одиночку и без противолавинного оборудования. Призываю жителей региона: видишь тех, кто пренебрегает правилами безопасности, — не молчи, не будь в стороне. Скажи им об этом, сделай замечание. Поясни, что опасное поведение может закончиться трагедией. Да, могут и агрессивно отреагировать, а могут и прислушаться, а это одна спасенная жизнь», — написал Сергей Лебедев.",
    "summary": null,
    "highlightText": "",
    "highlightTitle": "",
    "highlightThreadTitle": "",
    "language": "russian",
    "sentiment": null,
    "categories": null,
    "topics": null,
    "ai_allow": true,
    "has_canonical": false,
    "breaking": false,
    "webz_reporter": false,
    "external_links": [],
    "external_images": [],
    "internal_images": [],
    "entities": {
        "persons": [],
        "locations": [],
        "organizations": []
    },
    "syndication": {
        "syndicated": null,
        "syndicate_id": null,
        "first_syndicated": false
    },
    "trust": {
        "categories": [
            "fake_news"
        ],
        "top_news": [],
        "bias": null,
        "source": {
            "type": null,
            "city": null,
            "state": null,
            "country": null,
            "domain_type": null,
            "agency": null,
            "organization_name": null
        }
    },
    "rating": null,
    "crawled": "2026-02-19T07:23:50.362+02:00",
    "updated": "2026-02-19T07:23:50.362+02:00"
}