{
    "thread": {
        "uuid": "d84f3bc32fe9d3516d61e58bb41e7b33d711919d",
        "url": "https://steadfastandloyal.com/politics/czech-deputy-pm-shuts-down-hillary-in-munich/",
        "site_full": "steadfastandloyal.com",
        "site": "steadfastandloyal.com",
        "site_section": "https://steadfastandloyal.com/",
        "site_categories": [
            "media"
        ],
        "section_title": "New Home",
        "site_title": "New Home",
        "title": "Czech Deputy PM Shuts Down Hillary in Munich",
        "title_full": "Czech Deputy PM Shuts Down Hillary in Munich",
        "published": "2026-02-19T07:11:00.000+02:00",
        "replies_count": 0,
        "participants_count": 1,
        "site_type": "news",
        "country": "US",
        "main_image": "",
        "performance_score": 0,
        "domain_rank": null,
        "domain_rank_updated": null,
        "licensing_agency": [],
        "social": {
            "facebook": {
                "likes": 0,
                "comments": 0,
                "shares": 0
            },
            "vk": {
                "shares": 0
            }
        }
    },
    "uuid": "d84f3bc32fe9d3516d61e58bb41e7b33d711919d",
    "url": "https://steadfastandloyal.com/politics/czech-deputy-pm-shuts-down-hillary-in-munich/",
    "ord_in_thread": 0,
    "author": "Jimmy Parker",
    "published": "2026-02-19T07:11:00.000+02:00",
    "title": "Czech Deputy PM Shuts Down Hillary in Munich",
    "text": "The Moment That Went Viral At the Munich Security Conference a sharp exchange caught the internet’s attention. Czech Deputy Prime Minister Petr Macinka tried to finish his remarks about values and the West when Hillary Clinton repeatedly interrupted. Instead of retreating he calmly told her he was sorry that his words made her nervous and asked to finish. The short clip shows a rare public rebuke that did not pander to the usual talking points the left favors.\nWhat Macinka Said Macinka challenged the modern gender narrative and criticized what he called climate alarmism while defending a traditional view on gender. He argued some claims go too far and emphasized that some positions may be social constructs rather than settled facts. He also attempted to highlight priorities like national security and support for Ukraine while pushing back on what he called performative rhetoric instead of concrete policy.\nPresident Donald Trump Praises the Exchange President Donald Trump shared the clip and praised Macinka on social media, calling his performance great and sending greetings to the Czech people. The praise fit a common conservative theme: leaders who speak plainly and push back against ideological excess deserve support. Conservatives saw the post as a reminder that blunt talk still resonates with many voters fed up with elite sanctimony.\nWhy Conservatives Care This moment matters because it highlights a growing split in the West over values. Voters who favor borders liberty and clear national priorities cheered Macinka’s refusal to be shouted down. The exchange also exposed a larger problem for the left which often substitutes moral grandstanding for policy solutions. For those who want straightforward debate this was a welcome change of pace.\nWE’D LOVE TO HEAR YOUR THOUGHTS! PLEASE COMMENT BELOW.\nJIMMY\nFind more articles like this at steadfastandloyal.com .",
    "summary": "Czech Deputy Prime Minister Petr Macinka tried to finish his remarks about values and the West when Hillary Clinton repeatedly interrupted. The short clip shows a rare public rebuke that did not pander to the usual talking points the left favors. He also attempted to highlight priorities like national security and support for Ukraine while pushing back on what he called performative rhetoric instead of concrete policy. The praise fit a common conservative theme: leaders who speak plainly and push back against ideological excess deserve support.",
    "highlightText": "",
    "highlightTitle": "",
    "highlightThreadTitle": "",
    "language": "english",
    "sentiment": null,
    "categories": null,
    "topics": null,
    "ai_allow": true,
    "has_canonical": false,
    "breaking": false,
    "webz_reporter": false,
    "external_links": [],
    "external_images": [],
    "internal_images": [],
    "entities": {
        "persons": [
            {
                "name": "Hillary Clinton",
                "sentiment": "none"
            },
            {
                "name": "Petr Macinka",
                "sentiment": "none"
            }
        ],
        "locations": [
            {
                "name": "Munich",
                "sentiment": "none"
            }
        ],
        "organizations": []
    },
    "syndication": {
        "syndicated": false,
        "syndicate_id": null,
        "first_syndicated": false
    },
    "trust": {
        "categories": [
            "fake_news"
        ],
        "top_news": [],
        "bias": "right",
        "source": {
            "type": null,
            "city": null,
            "state": null,
            "country": null,
            "domain_type": null,
            "agency": null,
            "organization_name": null
        }
    },
    "rating": null,
    "crawled": "2026-02-19T07:22:52.144+02:00",
    "updated": "2026-02-19T07:22:52.144+02:00"
}