{
    "thread": {
        "uuid": "00838c82307bf0f584b98dfe6752f70c9aa26912",
        "url": "https://tver-news.net/incident/2026/02/19/217767.html",
        "site_full": "tver-news.net",
        "site": "tver-news.net",
        "site_section": "https://tver-news.net/rss.xml",
        "site_categories": [],
        "section_title": "Лента новостей Твери",
        "site_title": "Лента новостей Твери",
        "title": "Под Тверью два человека пострадали в ДТП с участием легковушки и грузовика",
        "title_full": "Под Тверью два человека пострадали в ДТП с участием легковушки и грузовика",
        "published": "2026-02-19T07:02:00.000+02:00",
        "replies_count": 0,
        "participants_count": 1,
        "site_type": "news",
        "country": "RU",
        "main_image": "https://tver-news.net/img/20260219/e71c55fba6cd48aa82bf61215da7ab9e_o.jpg",
        "performance_score": 0,
        "domain_rank": null,
        "domain_rank_updated": null,
        "licensing_agency": [],
        "social": {
            "facebook": {
                "likes": 0,
                "comments": 0,
                "shares": 0
            },
            "vk": {
                "shares": 0
            }
        }
    },
    "uuid": "00838c82307bf0f584b98dfe6752f70c9aa26912",
    "url": "https://tver-news.net/incident/2026/02/19/217767.html",
    "ord_in_thread": 0,
    "author": "www.afanasy.biz",
    "published": "2026-02-19T07:02:00.000+02:00",
    "title": "Под Тверью два человека пострадали в ДТП с участием легковушки и грузовика",
    "text": "Новости Калининского района, 19 февраля. — Первые подробности дорожного происшествия рассказали в ГАИ. Утром 19 февраля 2026 года Госавтоинспекция региона сообщила о ДТП с пострадавшими в Калининском округе Тверской области.\nМестом ДТП стал 28 км дороги Тверь — Лотошино — Шаховская — Уваровка, где столкнулись легковушка и грузовик.\nПредварительно, водитель автомобиля Audi, мужчина 1995 года рождения, совершил по неизвестным на данный момент причинам выезд на встречную полосу, спровоцировав столкновение с автомобилем «Газель» под управлением мужчины 1988 года рождения.\nПри столкновении транспортных средств травмированы водитель легковушки и пассажир «Газели», молодой мужчина 1991 года рождения.\nПодписывайтесь на наш Telegram-канал\nТоп\nДырку от бублика Польша получит, а не репарации Польша готовится предъявить России претензии с целью получения репараций за годы советской оккупации. Сейчас по поручению премьер-министра Дональда Туска ведется расследование исторических преступлений...\nМинобороны России: ночью уничтожено 113 украинских беспилотных летательных аппаратов самолетного типа: 50 БПЛА – над территорией Брянской области,35 БПЛА – над территорией Смоленской области,12 БПЛА – над территорией Тверской области,10 БПЛА – над...\nВ Тверской области в масленичную неделю пройдут фестиваль «Блин с припёком», хороводы и другие мероприятия.\nВ Тверской области в выходные пройдут мероприятия, посвященные Масленице. Музеи и культурные центры предлагают жителям и гостям...\nНовости Калязина, 19 февраля. — В Тверской области правообладателю почти 2000 гектаров сельхозугодий, заросших сорными травами и борщевиком, Россельхознадзором объявлено предостережение. 13 февраля 2026 года...\nВ Тверском медуниверситете продолжается набор в Хирургический кружок имени В.В. Успенского, где будущие врачи осваивают ключевые хирургические техники и приобретают необходимые практические навыки под руководством опытных...\nНовости Калининского района, 19 февраля. — Первые подробности дорожного происшествия рассказали в ГАИ. Утром 19 февраля 2026 года Госавтоинспекция региона сообщила о ДТП с пострадавшими в Калининском...\nНовости Твери, 19 февраля. — Минобороны РФ сообщило об уничтожении беспилотников. В течение прошедшей ночи дежурными средствами ПВО перехвачено и уничтожено 113 украинских беспилотных летательных аппаратов...\nСкрученные верхушки растений, таких как томаты, перцы и баклажаны, могут указывать как на естественные особенности, так и на серьезные заболевания, угрожающие вашему урожаю. Важно разобраться в причинах и предпринять эффективные меры.\nПочему...\nЭтот рецепт ленивых голубцов — идеальный способ насладиться всеми классическими вкусами. Они получаются невероятно сочными и удивительно вкусными. К тому же, готовятся несложно!\nИнгредиенты:\nФарш мясной - 500 г\nРис отварной - 1 стакан (80 г сырого...\nМы уже неоднократно писали о жалобах жителей Кашина на качество водопроводной воды в их домах. Вопрос то сходил на нет, то вставал с новой силой. И вот новости пришли из прокуратуры.\nСтоит сказать, что ещё в декабре прошлого года администрация...\nВ мире разнообразия сыров легко потеряться. Порой выбор качественного изделия становится настоящим испытанием. Пресс-служба Управления Роспотребнадзора по Новгородской области поделилась ценными советами о том, на что следует обратить внимание при...\nВ мире кулинарии есть незаменимые рецепты, которые проверены годами. Одним из таких является сочетание шпрот и кукурузы — закуска, которая превосходно впишется в любое праздничное застолье. Она нашла свое место на новогодних вечеринках, днях рождения...\nБолее 270 студентов и школьников Тверской области участвуют в региональном этапе чемпионата «Профессионалы».\nВ Тверской области проходят соревнования регионального этапа Чемпионата по профессиональному мастерству «Профессионалы». В них принимают...\nВ Твери жертвой дистанционных мошенников стала 13-летняя девочка. В полицию обратилась её мама. Установлено, что в мессенджере с ребёнком связался неизвестный, представившийся сотрудником полиции.\nПутём психологического давления злоумышленник убедил...\nДоплаты для пожилых граждан возрастут в два раза\nС февраля 2026 года российские пенсионеры, достигшие 80-летнего рубежа, смогут рассчитывать на ощутимое повышение своих выплат. В соответствии с федеральным законом...\nМосква, Россия — В свете окончания срока действия Договора о сокращении стратегических наступательных вооружений (ДСНВ, СНВ-3), российские власти заявили о готовности к военно-техническим контрмерам для противодействия потенциальным угрозам. Эта...\nФаина Раневская – фигура, которая навсегда вписана в культурную историю не только России, но и всего постсоветского пространства. Её называют «талантливой до невозможности, сложной до боли, мудрой до слёз». Афоризмы Раневской по-прежнему активно...\nЗаместитель секретаря ОП РФ Владислав Гриб выступил с инициативой повысить возрастной порог для продажи алкогольной продукции в России до 21 года, соообщают РИА Новости....\nАдминистрация Бологовского муниципального округа с глубокой скорбью сообщила о гибели земляка — младшего сержанта Игоря Олеговича Бойкова, который отдал жизнь при выполнении боевого задания в зоне специальной военной операции.Игорь...\nСтахис шерстистый, известный также под названиями «овечьи уши» и «медвежьи уши», поражает своей пушистой листвой и декоративными соцветиями. Это многолетнее растение, имеющее привлекательный колосообразный вид, очень популярно среди садоводов.\nИстория...",
    "summary": null,
    "highlightText": "",
    "highlightTitle": "",
    "highlightThreadTitle": "",
    "language": "russian",
    "sentiment": null,
    "categories": null,
    "topics": null,
    "ai_allow": true,
    "has_canonical": false,
    "breaking": false,
    "webz_reporter": false,
    "external_links": [],
    "external_images": [],
    "internal_images": [],
    "entities": {
        "persons": [],
        "locations": [],
        "organizations": []
    },
    "syndication": {
        "syndicated": null,
        "syndicate_id": null,
        "first_syndicated": false
    },
    "trust": {
        "categories": [
            "fake_news"
        ],
        "top_news": [],
        "bias": null,
        "source": {
            "type": null,
            "city": null,
            "state": null,
            "country": null,
            "domain_type": null,
            "agency": null,
            "organization_name": null
        }
    },
    "rating": null,
    "crawled": "2026-02-19T07:21:20.386+02:00",
    "updated": "2026-02-19T07:21:20.386+02:00"
}