{
    "thread": {
        "uuid": "80fa5f809cf19b0bfa10b8ce2d730d9df67eb69c",
        "url": "http://business.dailytimesleader.com/dailytimesleader/article/abnewswire-2025-3-12-excellence-awards-2025-announced-celebrating-outstanding-entrepreneurs-who-drive-innovation",
        "site_full": "business.dailytimesleader.com",
        "site": "dailytimesleader.com",
        "site_section": "http://business.dailytimesleader.com/dailytimesleader/markets/news",
        "site_categories": [],
        "section_title": "Stock Market News | NSDQ, NYSE, and AMEX Stock Market News, Market News Categories, Market Indicators | User | dailytimesleader.com ",
        "site_title": null,
        "title": "Excellence Awards 2025 Announced: Celebrating Outstanding Entrepreneurs Who Drive Innovation | User | dailytimesleader.com",
        "title_full": "Excellence Awards 2025 Announced: Celebrating Outstanding Entrepreneurs Who Drive Innovation | User | dailytimesleader.com",
        "published": "2025-03-13T00:08:00.000+02:00",
        "replies_count": 0,
        "participants_count": 1,
        "site_type": "news",
        "country": "US",
        "main_image": "",
        "performance_score": 0,
        "domain_rank": 112591,
        "domain_rank_updated": "2025-03-10T23:00:00.000+02:00",
        "social": {
            "facebook": {
                "likes": 0,
                "comments": 0,
                "shares": 0
            },
            "vk": {
                "shares": 0
            }
        }
    },
    "uuid": "80fa5f809cf19b0bfa10b8ce2d730d9df67eb69c",
    "url": "http://business.dailytimesleader.com/dailytimesleader/article/abnewswire-2025-3-12-excellence-awards-2025-announced-celebrating-outstanding-entrepreneurs-who-drive-innovation",
    "ord_in_thread": 0,
    "parent_url": null,
    "author": "Daily Times Leader",
    "published": "2025-03-13T00:08:00.000+02:00",
    "title": "Excellence Awards 2025 Announced: Celebrating Outstanding Entrepreneurs Who Drive Innovation | User | dailytimesleader.com",
    "text": "The Excellence Awards are proud to announce the winners of the Entrepreneur of the Year Awards 2025 ! This year’s winners represent an extraordinary caliber of visionaries, innovators, and leaders who are shaping the future of business through their ingenuity, resilience, and groundbreaking contributions.\nHonoring Excellence\nThe Excellence Awards , hosted as part of Dr Yasemin Yazan LLC , were established to recognize and celebrate individuals who drive progress and inspire others through their outstanding contributions. The Entrepreneur of the Year Awards spotlight those who transform industries, redefine business models, and create impactful solutions that contribute to economic growth and societal advancement.\n“Entrepreneurship is about vision, determination, and the courage to innovate. This year’s awardees exemplify what it means to lead with purpose and make a lasting impact.” – Dr Yasemin Yazan, Founder and Editor-in-Chief of the Excellence Awards.\nEntrepreneur of the Year Awards 2025\nCelebrating the Winners:\nDr Bijna Kotak Dasani – Finance & Venture Capital\nGabriela Kouahla – Localization for Mediterranean Researchers\nMichelle Harris – Wellness & Wellbeing\nMisha Agrawal – Sustainability & Eco-Friendly Products\nNaomi Lucas – Education & EdTech\nReham Amin – Language Services & Technology\nSuhaib Siddiqi – Innovation in Antiviral Therapeutics\nYash Rathore – Retail Innovation\nFrom finance and technology to sustainability and education, this year’s winners have demonstrated exceptional leadership in their fields. Their work is shaping industries, advancing innovation, and setting new benchmarks for entrepreneurial excellence.\nLooking Ahead\nThis year’s winners will be prominently featured in the A-Z Listing of Winners on the Excellence Awards website and honored in the upcoming edition of the Excellence Awards Magazine. Their achievements serve as an inspiration for future generations of entrepreneurs, showcasing what is possible through innovation, resilience, and leadership.\n“Great entrepreneurs don’t just create businesses — they create opportunities, solve problems, and leave a lasting legacy.” – Mona Tenjo, Co-Editor-in-Chief.\nDiscover more about this year’s inspiring winners and the Excellence Awards at www.excellenceawards.global .\nAbout the Excellence Awards\nThe Excellence Awards, hosted as part of Dr Yasemin Yazan LLC, are dedicated to recognizing outstanding individuals and organizations that drive progress and innovation across industries. By celebrating excellence in entrepreneurship, the awards aim to inspire and empower business leaders and changemakers worldwide.\nThe Excellence Awards are proudly presented by Dr Yasemin Yazan, Mona Tenjo, and Almaz Andezion.\nFor inquiries, please contact: info@excellenceawards.global.\nMedia Contact\nCompany Name: Dr Yasemin Yazan LLC\nContact Person: Dr Yasemin Yazan\nEmail: Send Email\nCity: St Petersburg\nState: Florida\nCountry: United States\nWebsite: www.excellenceawards.global\nStock Quote API & Stock News API supplied by www.cloudquote.io\nQuotes delayed at least 20 minutes.\nBy accessing this page, you agree to the following\nand .",
    "highlightText": "",
    "highlightTitle": "",
    "highlightThreadTitle": "",
    "language": "english",
    "sentiment": null,
    "categories": null,
    "topics": null,
    "ai_allow": true,
    "has_canonical": false,
    "breaking": false,
    "webz_reporter": false,
    "external_links": [
        "https://images.financialcontent.com/investcenter/fcon_dark.svg",
        "https://markets.financialcontent.com/stocks",
        "https://tracking.newsrpm.com/pixel?slug=abnewswire-2025-3-12-excellence-awards-2025-announced-celebrating-outstanding-entrepreneurs-who-drive-innovation",
        "https://www.abnewswire.com/companyname/excellenceawards.global_153757.html",
        "https://www.abnewswire.com/email_contact_us.php?pr=excellence-awards-2025-announced-celebrating-outstanding-entrepreneurs-who-drive-innovation",
        "https://www.cloudquote.io",
        "https://www.googletagmanager.com/gtag/js?id=UA-8590502-3",
        "http://www.excellenceawards.global",
        "https://www.cloudquote.io/article/5",
        "https://www.excellenceawards.global/",
        "https://www.abnewswire.com/press_stat.php?pr=excellence-awards-2025-announced-celebrating-outstanding-entrepreneurs-who-drive-innovation",
        "https://www.cloudquote.io/article/6",
        "https://www.tracking.newsrpm.com/pixel?slug=abnewswire-2025-3-12-excellence-awards-2025-announced-celebrating-outstanding-entrepreneurs-who-drive-innovation",
        "https://www.abnewswire.com/email_contact_us.php",
        "https://cloudquote.io/article/5",
        "https://www.markets.financialcontent.com/stocks",
        "https://www.googletagmanager.com/gtag/js",
        "https://www.images.financialcontent.com/investcenter/fcon_dark.svg",
        "https://googletagmanager.com/gtag/js?id=UA-8590502-3",
        "https://abnewswire.com/email_contact_us.php?pr=excellence-awards-2025-announced-celebrating-outstanding-entrepreneurs-who-drive-innovation",
        "https://cloudquote.io",
        "https://www.abnewswire.com/press_stat.php",
        "https://abnewswire.com/press_stat.php?pr=excellence-awards-2025-announced-celebrating-outstanding-entrepreneurs-who-drive-innovation",
        "https://www.excellenceawards.global",
        "http://excellenceawards.global",
        "https://excellenceawards.global/",
        "https://tracking.newsrpm.com/pixel",
        "https://abnewswire.com/companyname/excellenceawards.global_153757.html",
        "https://cloudquote.io/article/6"
    ],
    "external_images": [],
    "entities": {
        "persons": [],
        "locations": [],
        "organizations": []
    },
    "syndication": {
        "syndicated": false,
        "syndicate_id": null,
        "first_syndicated": false
    },
    "trust": {
        "categories": [
            "fake_news"
        ]
    },
    "rating": null,
    "crawled": "2025-03-13T00:31:39.032+02:00",
    "updated": "2025-03-13T00:31:39.032+02:00"
}