{
    "thread": {
        "uuid": "7ef4e425d914ffbc30df7a48733ec81702cc12f2",
        "url": "https://www.masrtimes.com/509296",
        "site_full": "www.masrtimes.com",
        "site": "masrtimes.com",
        "site_section": "https://www.masrtimes.com/rss.aspx",
        "site_categories": [],
        "section_title": "جميع الموضوعات",
        "site_title": null,
        "title": "أرسنال يتعادل مع أيندهوفن ويصعد لدور الثمانية بدوري أبطال أوروبا",
        "title_full": "أرسنال يتعادل مع أيندهوفن ويصعد لدور الثمانية بدوري أبطال أوروبا",
        "published": "2025-03-13T00:50:19.451+02:00",
        "replies_count": 0,
        "participants_count": 1,
        "site_type": "news",
        "country": "EG",
        "main_image": "https://www.masrtimes.com/UploadCache/libfiles/52/4/600x338o/847.jpeg",
        "performance_score": 0,
        "domain_rank": null,
        "domain_rank_updated": null,
        "social": {
            "facebook": {
                "likes": 0,
                "comments": 0,
                "shares": 0
            },
            "vk": {
                "shares": 0
            }
        }
    },
    "uuid": "7ef4e425d914ffbc30df7a48733ec81702cc12f2",
    "url": "https://www.masrtimes.com/509296",
    "ord_in_thread": 0,
    "parent_url": null,
    "author": "مصر تايمز",
    "published": "2025-03-13T00:50:19.451+02:00",
    "title": "أرسنال يتعادل مع أيندهوفن ويصعد لدور الثمانية بدوري أبطال أوروبا",
    "text": "رياضة\nأرسنال يتعادل مع أيندهوفن ويصعد لدور الثمانية بدوري أبطال أوروبا\nتأهل أرسنال الإنجليزي لدور الثمانية في بطولة دوري أبطال أوروبا لكرة القدم، عقب تعادله 2 / 2 مع ضيفه أيندهوفن الهولندي، مساء الأربعاء، في إياب دور الـ16 للمسابقة القارية.\nوكان أرسنال تقدم خطوة كبيرة للغاية نحو بلوغ دور الثمانية في المسابقة، عقب انتصاره الكاسح 7 / 1 على ملعب أيندهوفن، في لقاء الذهاب، الذي جرى بينهما الأسبوع الماضي، ليظفر بورقة الترشح للدور المقبل عقب فوزه 9 / 3 في مجموع مباراتي الذهاب والإياب.\nوعلى ملعب الإمارات في العاصمة البريطانية لندن، افتتح الأوكراني أوليكساندر زينشينكو، التسجيل مبكرا لأرسنال في الدقيقة السادسة، لكن الكرواتي إيفان بيريسيتش منح التعادل لأيندهوفن في الدقيقة 18.\nوسرعان ما أعاد ديكلان رايس التقدم لأرسنال مجددا، عقب تسجيله الهدف الثاني للفريق اللندني في الدقيقة 37، بينما أحرز شهيب دريوش هدف التعادل لأيندهوفن في الدقيقة 70.\nويلتقي أرسنال، الذي يحلم بالتتويج باللقب للمرة الأولى في تاريخه، في دور الثمانية، الشهر المقبل، مع الفائز من المواجهة الإسبانية الخالصة بين ريال مدريد حامل اللقب وجاره اللدود أتلتيكو مدريد.\nولم ينتظر أرسنال سوى 6 دقائق، حتى أحرز زينشينكو الهدف الأول للفريق الإنجليزي، حيث استخلص رحيم ستيرلينج الكرة من دفاع أيندهوفن، ليمرر الكرة إلى اللاعب الأوكراني، الذي أطلق قذيفة صاورخية من خارج منطقة الجزاء، واضعا الكرة على يمين الأرجنتيني والتر بينيتيز، حارس مرمى الضيوف، الذي حاول التصدي لها دون جدوى، لتسكن شباكه.\nوسرعان ما أحرز أيندهوفن هدف التعادل بواسطة بيريسيتش في الدقيقة 18، فمن هجمة سريعة شهدت سلسلة من التمريرات المتقنة بين لاعبي الفريق الهولندي، وصلت الكرة في النهاية للنجم الكرواتي، الذي سدد من داخل المنطقة، ليضع الكرة على يسار الإسباني ديفيد رايا، حارس مرمى أرسنال، وتحتضن الشباك.\nوعاد أرسنال للتقدم مرة أخرى عبر ديكلان رايس في الدقيقة 37، حيث تسلم تمريرة عرضية رائعة من الجانب الأيمن من خلال ستيرلينج، ليسدد ضربة رأس، عجز حارس أيندهوفن عن إبعادها لتهز الشباك.\nوتواصلت الإثارة بين الفريقين خلال الشوط الثاني، الذي شهد تسجيل هدف التعادل لأيندهوفن الذي حمل توقيع شهيب دريوش، لينتهي اللقاء بالتعادل.",
    "highlightText": "",
    "highlightTitle": "",
    "highlightThreadTitle": "",
    "language": "arabic",
    "sentiment": null,
    "categories": null,
    "topics": null,
    "ai_allow": true,
    "has_canonical": false,
    "breaking": false,
    "webz_reporter": false,
    "external_links": [],
    "external_images": [],
    "entities": {
        "persons": [],
        "locations": [],
        "organizations": []
    },
    "syndication": {
        "syndicated": null,
        "syndicate_id": null,
        "first_syndicated": false
    },
    "trust": {
        "categories": [
            "fake_news"
        ]
    },
    "rating": null,
    "crawled": "2025-03-13T00:50:19.451+02:00",
    "updated": "2025-03-13T00:50:19.451+02:00"
}