{
    "thread": {
        "uuid": "09896fafe6059d32aadb520790f00fb86b285079",
        "url": "https://www.breitbart.com/sports/2025/03/12/watch-angel-reese-mocked-repeatedly-missing-shots-after-demanding-pay-raise",
        "site_full": "www.breitbart.com",
        "site": "breitbart.com",
        "site_section": "https://www.breitbart.com/news",
        "site_categories": [
            "media",
            "law_government_and_politics",
            "politics",
            "top_news_us",
            "top_news"
        ],
        "section_title": "All News - Breitbart News Network",
        "site_title": null,
        "title": "Angel Reese Ruthlessly Mocked for Repeatedly Missing Point-Blank Shots",
        "title_full": "Angel Reese Ruthlessly Mocked for Repeatedly Missing Point-Blank Shots",
        "published": "2025-03-12T22:53:00.000+02:00",
        "replies_count": 26,
        "participants_count": 24,
        "site_type": "news",
        "country": "US",
        "main_image": "https://media.breitbart.com/media/2025/03/Rich-Storry_Getty-Images-5-640x335.jpg",
        "performance_score": 0,
        "domain_rank": 1725,
        "domain_rank_updated": "2025-03-10T23:00:00.000+02:00",
        "social": {
            "facebook": {
                "likes": 0,
                "comments": 0,
                "shares": 0
            },
            "vk": {
                "shares": 0
            }
        }
    },
    "uuid": "80fac54d9b28c60e8bc22c9d2b291c8d6f941a33",
    "url": "https://www.breitbart.com/sports/2025/03/12/watch-angel-reese-mocked-repeatedly-missing-shots-after-demanding-pay-raise#post-23",
    "ord_in_thread": 23,
    "parent_url": null,
    "author": "Borealis",
    "published": "2025-03-13T00:34:00.000+02:00",
    "title": "",
    "text": "Black girls can't jump.",
    "highlightText": "",
    "highlightTitle": "",
    "highlightThreadTitle": "",
    "language": "english",
    "sentiment": null,
    "categories": null,
    "topics": null,
    "ai_allow": true,
    "has_canonical": false,
    "breaking": true,
    "webz_reporter": false,
    "external_links": null,
    "external_images": [],
    "entities": {
        "persons": [],
        "locations": [],
        "organizations": []
    },
    "syndication": {
        "syndicated": false,
        "syndicate_id": null,
        "first_syndicated": false
    },
    "trust": {
        "categories": [
            "fake_news"
        ]
    },
    "rating": null,
    "crawled": "2025-03-13T00:54:11.421+02:00",
    "updated": "2025-03-13T00:54:11.421+02:00"
}