{
    "thread": {
        "uuid": "a51381b4a02b5e2524fd5277c918c05628fec26b",
        "url": "https://www.breitbart.com/politics/2025/03/12/doge-cancels-nih-grants-to-prevent-pregnancy-in-transgender-boys",
        "site_full": "www.breitbart.com",
        "site": "breitbart.com",
        "site_section": "https://www.breitbart.com/news",
        "site_categories": [
            "media",
            "law_government_and_politics",
            "politics",
            "top_news_us",
            "top_news"
        ],
        "section_title": "All News - Breitbart News Network",
        "site_title": null,
        "title": "DOGE Cancels NIH Grants to Prevent Pregnancy in 'Transgender Boys'",
        "title_full": "DOGE Cancels NIH Grants to Prevent Pregnancy in 'Transgender Boys'",
        "published": "2025-03-12T23:06:00.000+02:00",
        "replies_count": 100,
        "participants_count": 67,
        "site_type": "news",
        "country": "US",
        "main_image": "https://media.breitbart.com/media/2025/03/Protect-Trans-Youth-Sign-640x335.jpeg",
        "performance_score": 0,
        "domain_rank": 1725,
        "domain_rank_updated": "2025-03-10T23:00:00.000+02:00",
        "social": {
            "facebook": {
                "likes": 0,
                "comments": 0,
                "shares": 0
            },
            "vk": {
                "shares": 0
            }
        }
    },
    "uuid": "b2dc0dde8a56ba299ab8b597e865f0b08d35ca98",
    "url": "https://www.breitbart.com/politics/2025/03/12/doge-cancels-nih-grants-to-prevent-pregnancy-in-transgender-boys#post-69",
    "ord_in_thread": 69,
    "parent_url": null,
    "author": "John",
    "published": "2025-03-13T00:35:00.000+02:00",
    "title": "",
    "text": "You don't seem to know what lexicography is.",
    "highlightText": "",
    "highlightTitle": "",
    "highlightThreadTitle": "",
    "language": "english",
    "sentiment": null,
    "categories": null,
    "topics": null,
    "ai_allow": true,
    "has_canonical": false,
    "breaking": true,
    "webz_reporter": false,
    "external_links": null,
    "external_images": [],
    "entities": {
        "persons": [],
        "locations": [],
        "organizations": []
    },
    "syndication": {
        "syndicated": false,
        "syndicate_id": null,
        "first_syndicated": false
    },
    "trust": {
        "categories": [
            "fake_news"
        ]
    },
    "rating": null,
    "crawled": "2025-03-13T00:54:13.015+02:00",
    "updated": "2025-03-20T17:21:51.618+02:00"
}