{
    "thread": {
        "uuid": "6371f8ffd0fa596d34079c71ba087ab3ecb7a394",
        "url": "https://actualidad-rt.com/video/542798-mexico-campos-exterminio-jalisco-tamaulipas",
        "site_full": "actualidad-rt.com",
        "site": "actualidad-rt.com",
        "site_section": "https://actualidad-rt.com",
        "site_categories": [],
        "section_title": "RT en Español - Noticias internacionales",
        "site_title": null,
        "title": "Hallan en México más campos de exterminio en Jalisco y Tamaulipas",
        "title_full": "Hallan en México más campos de exterminio en Jalisco y Tamaulipas",
        "published": "2025-03-13T00:31:00.000+02:00",
        "replies_count": 0,
        "participants_count": 1,
        "site_type": "news",
        "country": "ES",
        "main_image": "https://mf.b37mrtl.ru/actualidad/public_images/2025.03/article/67d20ae559bf5b6ad9136311.png",
        "performance_score": 0,
        "domain_rank": 445065,
        "domain_rank_updated": "2025-03-10T23:00:00.000+02:00",
        "social": {
            "facebook": {
                "likes": 0,
                "comments": 0,
                "shares": 0
            },
            "vk": {
                "shares": 0
            }
        }
    },
    "uuid": "6371f8ffd0fa596d34079c71ba087ab3ecb7a394",
    "url": "https://actualidad-rt.com/video/542798-mexico-campos-exterminio-jalisco-tamaulipas",
    "ord_in_thread": 0,
    "parent_url": null,
    "author": "RT en Español",
    "published": "2025-03-13T00:31:00.000+02:00",
    "title": "Hallan en México más campos de exterminio en Jalisco y Tamaulipas",
    "text": "Videos\nHallan en México más campos de exterminio en Jalisco y Tamaulipas\nUn grupo de madres del colectivo Amor por los Desaparecidos halló un nuevo crematorio clandestino en el estado mexicano de Tamaulipas. Se trata de predios donde grupos narcotraficantes se deshacen de sus víctimas tras torturarlas o asesinarlas. Horas atrás había sido descubierto un espacio similar en Jalisco, con prendas e indumentarias de aproximadamente 400 personas e indicios de calcinación. La presidenta de México, Claudia Sheinbaum, exigió investigar el caso.\ncomentarios",
    "highlightText": "",
    "highlightTitle": "",
    "highlightThreadTitle": "",
    "language": "spanish",
    "sentiment": null,
    "categories": null,
    "topics": null,
    "ai_allow": true,
    "has_canonical": true,
    "breaking": false,
    "webz_reporter": false,
    "external_links": [],
    "external_images": [],
    "entities": {
        "persons": [],
        "locations": [],
        "organizations": []
    },
    "syndication": {
        "syndicated": null,
        "syndicate_id": null,
        "first_syndicated": false
    },
    "trust": {
        "categories": [
            "fake_news"
        ]
    },
    "rating": null,
    "crawled": "2025-03-13T00:40:58.027+02:00",
    "updated": "2025-03-13T00:40:58.027+02:00"
}