{
    "thread": {
        "uuid": "6f3ca22c58f2d9702eb5de61728c63bdc459237d",
        "url": "https://magadan-news.net/society/2025/03/13/107065.html",
        "site_full": "magadan-news.net",
        "site": "magadan-news.net",
        "site_section": "https://magadan-news.net/culture",
        "site_categories": [],
        "section_title": "Культура - Лента новостей Магадана",
        "site_title": null,
        "title": "Магадан - центр празднования Дня православной книги 2025 года - Лента новостей Магадана",
        "title_full": "Магадан - центр празднования Дня православной книги 2025 года - Лента новостей Магадана",
        "published": "2025-03-13T00:35:00.000+02:00",
        "replies_count": 0,
        "participants_count": 0,
        "site_type": "news",
        "country": "RU",
        "main_image": "https://magadan-news.net/img/20250313/b98d24f5b9de32eaa7e0cb64a039d7bd_o.jpg",
        "performance_score": 0,
        "domain_rank": null,
        "domain_rank_updated": null,
        "social": {
            "facebook": {
                "likes": 0,
                "comments": 0,
                "shares": 0
            },
            "vk": {
                "shares": 0
            }
        }
    },
    "uuid": "6f3ca22c58f2d9702eb5de61728c63bdc459237d",
    "url": "https://magadan-news.net/society/2025/03/13/107065.html",
    "ord_in_thread": 0,
    "parent_url": null,
    "author": null,
    "published": "2025-03-13T00:35:00.000+02:00",
    "title": "Магадан - центр празднования Дня православной книги 2025 года - Лента новостей Магадана",
    "text": "В 2025 году Магадан выбран центром празднования Дня православной книги по благословению Святейшего Патриарха Московского и всея Руси Кирилла. Это событие приурочено к дате выхода первой печатной книги на Руси.\nПраздник состоится в столице Колымы 14-15 марта и обещает стать ярким духовным событием. Состоятся мероприятия с участием митрополита Калужского и Боровского Климента, Председателя Издательского совета Русской Православной Церкви.\nПрограмма мероприятий:\n14 марта в 15:00\n- Торжественное открытие православной книжной выставки-форума «Радость Слова» в библиотеке имени А.С. Пушкина.\nНа выставке представят новые книги Святейшего Патриарха Кирилла, а также издательский проект «Евангелие Достоевского».\nФорум продолжится панельной дискуссией с митрополитом Климентом на тему: «Книжная культура как основа традиционных ценностей».\nВсе желающие могут принять участие в этом важном обсуждении!\n- В 17:00 в библиотеке пройдут творческие встречи с писателями - ветераном Афганской войны, лауреатом Большой литературной премии России, лауреатом Патриаршей литературной премии, членом Союза писателей России, Виктором Николаевым и журналистом, пилотом 1-го класса, лауреатом Большой литературной премии России, лауреатом Патриаршей литературной премии, секретарем Союза писателей России Валерием Хайрюзовым.\nВ рамках проведения Дня православной книги запланированы дополнительные мероприятия:\n- Семинар по проблемам формирования фондов православной литературы в государственных и муниципальных библиотеках, а также о взаимодействии церковной и государственной библиотечных систем.\n- Интеллектуальная молодежная игра брейн-ринг в Северо-Восточном государственном университете.",
    "highlightText": "",
    "highlightTitle": "",
    "highlightThreadTitle": "",
    "language": "russian",
    "sentiment": null,
    "categories": null,
    "topics": null,
    "ai_allow": true,
    "has_canonical": false,
    "breaking": false,
    "webz_reporter": false,
    "external_links": [],
    "external_images": [],
    "entities": {
        "persons": [],
        "locations": [],
        "organizations": []
    },
    "syndication": {
        "syndicated": null,
        "syndicate_id": null,
        "first_syndicated": false
    },
    "trust": {
        "categories": [
            "fake_news"
        ]
    },
    "rating": null,
    "crawled": "2025-03-13T00:52:48.760+02:00",
    "updated": "2025-03-13T00:52:48.760+02:00"
}