{
    "thread": {
        "uuid": "3c9ca95b176f0de53677eac06cf55b624c70cb12",
        "url": "https://crimea-news.com/society/2025/08/28/1759267.html",
        "site_full": "crimea-news.com",
        "site": "crimea-news.com",
        "site_section": "https://crimea-news.com/society/2024/11/18/1518167.html",
        "site_categories": [
            "media"
        ],
        "section_title": "Имущество близких террориста из ВСУ на 19 млн рублей арестовали в Крыму - Лента новостей Крыма",
        "site_title": "Лента новостей Крыма - последние новости Крыма оперативно",
        "title": "Температура моря у берегов Крыма - Лента новостей Крыма",
        "title_full": "Температура моря у берегов Крыма - Лента новостей Крыма",
        "published": "2025-08-28T07:21:00.000+03:00",
        "replies_count": 0,
        "participants_count": 1,
        "site_type": "news",
        "country": "RU",
        "main_image": "https://cdn-crimea-news.com/img/20250828/d9a1f3b19e947ca8f442f36eb628763c_o.jpg",
        "performance_score": 0,
        "domain_rank": 112661,
        "domain_rank_updated": "2025-06-03T00:00:00.000+03:00",
        "licensing_agency": [],
        "social": {
            "facebook": {
                "likes": 0,
                "comments": 0,
                "shares": 0
            },
            "vk": {
                "shares": 0
            }
        }
    },
    "uuid": "3c9ca95b176f0de53677eac06cf55b624c70cb12",
    "url": "https://crimea-news.com/society/2025/08/28/1759267.html",
    "ord_in_thread": 0,
    "author": "Крым 24 |Z| Все новости Крыма",
    "published": "2025-08-28T07:21:00.000+03:00",
    "title": "Температура моря у берегов Крыма - Лента новостей Крыма",
    "text": "Температура моря у берегов Крыма. Актуальная информация\nПрисылайте в редакцию «Крым 24» истории, а также снятые в своих городах и районах материалы: @tvk24_bot\nПо поводу рекламы пишите: @reklamak24_bot\nКартинка создана ИИ.\nТемпература моря у берегов Крыма. Актуальная информация\nПрисылайте в редакцию «Крым 24» истории, а также снятые в своих городах и районах материалы: @tvk24_bot\nПо поводу рекламы пишите: @reklamak24_bot\nКартинка создана ИИ.",
    "highlightText": "",
    "highlightTitle": "",
    "highlightThreadTitle": "",
    "language": "russian",
    "sentiment": "neutral",
    "categories": [
        "Weather"
    ],
    "topics": [
        "Weather->weather statistic"
    ],
    "ai_allow": true,
    "has_canonical": false,
    "breaking": false,
    "webz_reporter": false,
    "external_links": [
        "https://t.me/reklamak24_bot",
        "https://t.me/tvk24_bot",
        "https://www.t.me/reklamak24_bot",
        "https://www.t.me/tvk24_bot"
    ],
    "external_images": [],
    "internal_images": [],
    "entities": {
        "persons": [],
        "locations": [],
        "organizations": []
    },
    "syndication": {
        "syndicated": null,
        "syndicate_id": null,
        "first_syndicated": false
    },
    "trust": {
        "categories": [
            "fake_news"
        ],
        "top_news": [],
        "bias": null,
        "source": {
            "type": null,
            "city": null,
            "state": null,
            "country": null,
            "domain_type": null,
            "agency": null,
            "organization_name": null
        }
    },
    "rating": null,
    "crawled": "2025-08-28T07:23:08.931+03:00",
    "updated": "2025-08-28T07:25:56.000+03:00"
}