{
    "thread": {
        "uuid": "f226b8fe09dbce4cb06a63be867aeef357dd0a66",
        "url": "https://tyumen-news.net/society/2025/08/28/522844.html",
        "site_full": "tyumen-news.net",
        "site": "tyumen-news.net",
        "site_section": "https://tyumen-news.net",
        "site_categories": [
            "media"
        ],
        "section_title": "Лента новостей Тюмени",
        "site_title": "Лента новостей Тюмени",
        "title": "Литературные клубы станут ключевым звеном проекта \"Чтецкие программы\" - Лента новостей Тюмени",
        "title_full": "Литературные клубы станут ключевым звеном проекта \"Чтецкие программы\" - Лента новостей Тюмени",
        "published": "2025-08-28T06:40:00.000+03:00",
        "replies_count": 0,
        "participants_count": 1,
        "site_type": "news",
        "country": "RU",
        "main_image": "https://tyumen-news.net/img/20250828/e4e36311cba89d00fbc7cc04ab6d15f8_o.jpg",
        "performance_score": 0,
        "domain_rank": null,
        "domain_rank_updated": null,
        "licensing_agency": [],
        "social": {
            "facebook": {
                "likes": 0,
                "comments": 0,
                "shares": 0
            },
            "vk": {
                "shares": 0
            }
        }
    },
    "uuid": "f226b8fe09dbce4cb06a63be867aeef357dd0a66",
    "url": "https://tyumen-news.net/society/2025/08/28/522844.html",
    "ord_in_thread": 0,
    "author": "Тюменская линия",
    "published": "2025-08-28T06:40:00.000+03:00",
    "title": "Литературные клубы станут ключевым звеном проекта \"Чтецкие программы\" - Лента новостей Тюмени",
    "text": "Школьные литературные клубы станут ключевым звеном масштабного федерального проекта \"Чтецкие программы\", который по поручению президента России запущен Обществом \"Знание\" совместно с Министерством просвещения РФ.\nПроект, рассчитанный на предстоящий учебный год, охватит учащихся всех возрастов. Программа клубов обещает быть насыщенной и разнообразной, сообщает пресс-служба Общества \"Знание\" по УФО.\nПредседатель Совета при президенте РФ по реализации государственной политики в сфере поддержки русского языка и языков народов РФ Елена Ямпольская напомнила, что 5 ноября 2024 года на заседании Совета глава государства сказал, что еще в недавнем прошлом были популярны и востребованы чтецкие программы, когда известные актеры и профессиональные чтецы исполняли литературный репертуар.\n\"Президент предложил \"возродить эту практику, прежде всего в школах и колледжах, чтобы ребята слышали, знали эталонное звучание родной речи, с юных лет впитывали красоту и образное богатство родного языка\". За выполнение этого поручения взялось Российское общество \"Знание\" совместно с Театральным институтом им. Бориса Щукина, - сказала она. - Отрадно, что традиция чтецких программ для школьников начала возрождаться, причем живо, заинтересованно и неформально\".\nУже с 1 сентября 2025 года актеры федеральных, региональных и муниципальных театров начнут выезжать в школы и колледжи, чтобы исполнить для ребят лучшие произведения отечественной и мировой литературы.\nСвою готовность участвовать в проекте подтвердили народные артисты РФ Сергей Безруков и Дмитрий Харатьян, писатель Захар Прилепин, актер театра и кино Егор Бероев, писатель, сценарист, продюсер Олег Рой, кинорежиссёр, сценарист, продюсер и актёр Клим Шипенко и другие яркие представители творческой сферы. 22 августа старт проекту дали выступления актёра, кинорежиссёра и сценариста Алексея Чадова — в Ярославле и актрисы театра и кино, выпускницы театрального института им. Бориса Щукина Валерии Ланской — в Казани.\nПрограмма клубов обещает быть насыщенной и разнообразной. Среди форматов — классическая работа с художественным произведением, познавательные интерактивные лекции о биографиях авторов и историческом контексте, увлекательные викторины, а также самостоятельное творчество — сочинение стихов, эссе, рецензий или создание картин с последующим обсуждением. Кроме того, предлагается формат кинолекций, где сравнение литературного источника и его экранизации станет поводом для оживленной дискуссии.\n\"Мы хотим объединить школьников вокруг чтения и обсуждения художественных произведений. Этот проект — важный шаг к тому, чтобы книга снова стала для молодого поколения источником вдохновения, знаний и живым пространством для диалога. К концу 2025 года планируем создать около тысячи литературных клубов и провести свыше пяти тысяч встреч с деятелями искусства и культуры. Ожидаем, что в проекте за это время примут участие около 50 тысяч человек\", — подчеркнул генеральный директор Общества \"Знание\" Максим Древаль.\nПо его словам, особое внимание уделят тому, чтобы региональные деятели культуры, артисты театров, выпускники и студенты театральных вузов тоже стали участниками литературных клубов.\nДля кураторов клубов разработан гибкий инструментарий: обширный банк методических материалов, включающий презентации, сценарии занятий, календарно-тематический план. Методологическую поддержку оказывает Театральный институт им. Бориса Щукина. Куратор на свое усмотрение выбирает комплект материалов и оптимальный формат работы для каждого занятия, комбинируя их при необходимости. Например, произведение Александра Куприна \"Белый пудель\" может быть разобрано на трех разных встречах: через работу с текстом, викторину или интерактивную лекцию с элементами творчества. Литературная база проекта тщательно выверена и проработана совместно с экспертной комиссией по вопросам преподавания русского языка и литературы при Совете при президенте России по реализации государственной политики в сфере поддержки русского языка и языков народов РФ.\nДля литературных клубов со всей России будет предусмотрена система рейтинга и поощрения за активную работу — по ее итогам будут отбираться 30 клубов-победителей ежемесячно. Лучшие школы будут поощрены выступлениями выдающихся деятелей культуры и искусства.\nРегистрация на участие в проекте открыта с 22 августа по ссылке.",
    "highlightText": "",
    "highlightTitle": "",
    "highlightThreadTitle": "",
    "language": "russian",
    "sentiment": null,
    "categories": null,
    "topics": null,
    "ai_allow": true,
    "has_canonical": false,
    "breaking": false,
    "webz_reporter": false,
    "external_links": [
        "https://contest.znanierussia.ru/projects/chtecki-club/form",
        "https://www.contest.znanierussia.ru/projects/chtecki-club/form"
    ],
    "external_images": [],
    "internal_images": [],
    "entities": {
        "persons": [],
        "locations": [],
        "organizations": []
    },
    "syndication": {
        "syndicated": null,
        "syndicate_id": null,
        "first_syndicated": false
    },
    "trust": {
        "categories": [
            "fake_news"
        ],
        "top_news": [],
        "bias": null,
        "source": {
            "type": null,
            "city": null,
            "state": null,
            "country": null,
            "domain_type": null,
            "agency": null,
            "organization_name": null
        }
    },
    "rating": null,
    "crawled": "2025-08-28T07:17:14.915+03:00",
    "updated": "2025-08-28T07:17:14.915+03:00"
}