{
    "thread": {
        "uuid": "4d5cc58878a3cd8e201b14fa46540a52185b04f0",
        "url": "https://novosibirsk-news.net/economy/2025/08/28/349635.html",
        "site_full": "novosibirsk-news.net",
        "site": "novosibirsk-news.net",
        "site_section": "https://novosibirsk-news.net/rss/news",
        "site_categories": [
            "media"
        ],
        "section_title": "Лента новостей Новосибирска",
        "site_title": "Лента новостей Новосибирска",
        "title": "Сто тысяч тонн картошки завезут в Новосибирскую область для нужд жителей",
        "title_full": "Сто тысяч тонн картошки завезут в Новосибирскую область для нужд жителей",
        "published": "2025-08-28T07:14:00.000+03:00",
        "replies_count": 0,
        "participants_count": 1,
        "site_type": "news",
        "country": "RU",
        "main_image": "https://novosibirsk-news.net/img/20250828/30ae59c33910cae48406f6efc4a47f27_o.jpg",
        "performance_score": 0,
        "domain_rank": 435403,
        "domain_rank_updated": "2025-06-03T00:00:00.000+03:00",
        "licensing_agency": [],
        "social": {
            "facebook": {
                "likes": 0,
                "comments": 0,
                "shares": 0
            },
            "vk": {
                "shares": 0
            }
        }
    },
    "uuid": "4d5cc58878a3cd8e201b14fa46540a52185b04f0",
    "url": "https://novosibirsk-news.net/economy/2025/08/28/349635.html",
    "ord_in_thread": 0,
    "author": "ВН.ру",
    "published": "2025-08-28T07:14:00.000+03:00",
    "title": "Сто тысяч тонн картошки завезут в Новосибирскую область для нужд жителей",
    "text": "Первые 4,9 тысяч тонн картофеля выкопали с полей Новосибирской области. По данным регионального минсельхоза, всего в области любимой культурой сибиряков засеяно 3,4 тысяч гектаров. Крупные картофелеводческие хозяйства выращивают меньше половины от общей потребности региона в картошке.\nСредняя урожайность первых выкопанных картофельных полей в области составила 257,3 центнера с гектара . Как сообщили VN.ru в минсельхозе, этот показатель позволит достичь прогнозного валового сбора и собрать в пределах 40 тысяч тонн картошки. Картофель, который новосибирцы вырастят в личных подсобных хозяйствах, в эту статистику не вошел. При этом общую потребность жителей области в любимом овоще оценивают в 140 тысяч тонн.\n«Новосибирская область занимает седьмое место среди регионов Сибирского федерального округа по самообеспеченности картофелем – 70,0%. Для полного удовлетворения внутренних потребностей ежегодно на территорию региона ввозится 100,0 тыс. тонн картофеля», – сообщили в минсельхозе в ответ на запрос VN.ru.\nВсего 37 сельхозпредприятий в регионе занимаются выращиванием картофеля, это лишь 3,7% от числа всех сельскохозяйственных товаропроизводителей. Большая часть картофелеводческих предприятий (82%) – это крупные хозяйства. Всего в регионе выращивают 12 ранних и среднеспелых сортов картошки.\nПрогноз сохранности урожая картошки-2025, выращенной в Новосибирской области, пока не известен. Как заявляют в минсельхозе, в хозяйствах применяют технологии снижения вредоносности фитофтороза и колорадского жука. Для защиты от вредителя клубни протравливают еще до посадки, а для защиты от фитофтороза проводят защитные мероприятия.\n«В текущем сезоне сельхозтоваропроизводители вели систематические наблюдения за посадками картофеля и при обнаружении первых признаков фитофтороза проводили защитные мероприятия, в том числе фунгицидную обработку, что сдерживало развитие и распространение заболевания», – сообщили в минсельхозе.\nРанее агрономы призвали новосибирцев не тянуть с копкой картошки из-за фитофторы и мокрой гнили.",
    "highlightText": "",
    "highlightTitle": "",
    "highlightThreadTitle": "",
    "language": "russian",
    "sentiment": null,
    "categories": null,
    "topics": null,
    "ai_allow": true,
    "has_canonical": false,
    "breaking": false,
    "webz_reporter": false,
    "external_links": [],
    "external_images": [],
    "internal_images": [],
    "entities": {
        "persons": [],
        "locations": [],
        "organizations": []
    },
    "syndication": {
        "syndicated": null,
        "syndicate_id": null,
        "first_syndicated": false
    },
    "trust": {
        "categories": [
            "fake_news"
        ],
        "top_news": [],
        "bias": null,
        "source": {
            "type": null,
            "city": null,
            "state": null,
            "country": null,
            "domain_type": null,
            "agency": null,
            "organization_name": null
        }
    },
    "rating": null,
    "crawled": "2025-08-28T07:19:55.446+03:00",
    "updated": "2025-08-28T07:19:55.446+03:00"
}