{
    "thread": {
        "uuid": "59c0e8d4d3399d1f05ce067f43d77a407e33f6ca",
        "url": "https://tiraspol-news.ru/society/2025/08/28/204079.html",
        "site_full": "tiraspol-news.ru",
        "site": "tiraspol-news.ru",
        "site_section": "https://tiraspol-news.ru",
        "site_categories": [],
        "section_title": "Лента новостей Приднестровья",
        "site_title": "Лента новостей Приднестровья",
        "title": "28 августа ожидается переменная облачность, без осадков - Лента новостей Приднестровья",
        "title_full": "28 августа ожидается переменная облачность, без осадков - Лента новостей Приднестровья",
        "published": "2025-08-28T07:10:00.000+03:00",
        "replies_count": 0,
        "participants_count": 1,
        "site_type": "news",
        "country": "MD",
        "main_image": "https://tiraspol-news.ru/img/20250828/d17eb4adac9282e22912abd275300e8a_o.jpg",
        "performance_score": 0,
        "domain_rank": null,
        "domain_rank_updated": null,
        "licensing_agency": [],
        "social": {
            "facebook": {
                "likes": 0,
                "comments": 0,
                "shares": 0
            },
            "vk": {
                "shares": 0
            }
        }
    },
    "uuid": "59c0e8d4d3399d1f05ce067f43d77a407e33f6ca",
    "url": "https://tiraspol-news.ru/society/2025/08/28/204079.html",
    "ord_in_thread": 0,
    "author": "Первое Радио - Приднестровье",
    "published": "2025-08-28T07:10:00.000+03:00",
    "title": "28 августа ожидается переменная облачность, без осадков - Лента новостей Приднестровья",
    "text": "28 августа ожидается переменная облачность, без осадков.\nВетер южный 5-8 м/с\nТемпература воздуха ночью по северу +10...+12°С, по югу +11...+13°С\nТемпература воздуха днем по северу +29...+31°С, по югу +30...+32°С\nАтмосферное давление выше нормы. В последующие сутки без осадков, небольшое повышение дневной\nтемпературы воздуха.\nВосход 06:14\nЗаход 19:50",
    "highlightText": "",
    "highlightTitle": "",
    "highlightThreadTitle": "",
    "language": "russian",
    "sentiment": null,
    "categories": null,
    "topics": null,
    "ai_allow": true,
    "has_canonical": false,
    "breaking": false,
    "webz_reporter": false,
    "external_links": [],
    "external_images": [],
    "internal_images": [],
    "entities": {
        "persons": [],
        "locations": [],
        "organizations": []
    },
    "syndication": {
        "syndicated": null,
        "syndicate_id": null,
        "first_syndicated": false
    },
    "trust": {
        "categories": [
            "fake_news"
        ],
        "top_news": [],
        "bias": null,
        "source": {
            "type": null,
            "city": null,
            "state": null,
            "country": null,
            "domain_type": null,
            "agency": null,
            "organization_name": null
        }
    },
    "rating": null,
    "crawled": "2025-08-28T07:23:40.657+03:00",
    "updated": "2025-08-28T07:23:40.657+03:00"
}