{
    "thread": {
        "uuid": "8fffcb0e07eead08080d19f99676e3d60ed72b71",
        "url": "https://ria.ru/20251211/gosduma-2061284033.html",
        "site_full": "ria.ru",
        "site": "ria.ru",
        "site_section": "https://ria.ru/export/rss2/index.xml",
        "site_categories": [
            "sports",
            "top_news_ru",
            "top_news_nl",
            "top_news_ua",
            "top_news_il",
            "top_news_cz",
            "top_news_sk",
            "top_news"
        ],
        "section_title": "РИА Новости",
        "site_title": "РИА Новости - события в Москве, России и мире сегодня: темы дня, фото, видео, инфографика, радио",
        "title": "В Госдуме отреагировали на заявление Зеленского об энергетическом перемирии - РИА Новости, 11.12.2025",
        "title_full": "В Госдуме отреагировали на заявление Зеленского об энергетическом перемирии - РИА Новости, 11.12.2025",
        "published": "2025-12-11T07:21:00.000+02:00",
        "replies_count": 0,
        "participants_count": 1,
        "site_type": "news",
        "country": "RU",
        "main_image": "https://cdnn21.img.ria.ru/images/sharing/article/2061284033.jpg?20611370121765430507",
        "performance_score": 0,
        "domain_rank": 2070,
        "domain_rank_updated": "2025-12-07T23:00:00.000+02:00",
        "licensing_agency": [],
        "social": {
            "facebook": {
                "likes": 0,
                "comments": 0,
                "shares": 0
            },
            "vk": {
                "shares": 0
            }
        }
    },
    "uuid": "8fffcb0e07eead08080d19f99676e3d60ed72b71",
    "url": "https://ria.ru/20251211/gosduma-2061284033.html",
    "ord_in_thread": 0,
    "author": "РИА Новости",
    "published": "2025-12-11T07:21:00.000+02:00",
    "title": "В Госдуме отреагировали на заявление Зеленского об энергетическом перемирии - РИА Новости, 11.12.2025",
    "text": "СИМФЕРОПОЛЬ, 11 дек – РИА Новости. Заявление Владимира Зеленского о готовности к \"энергетическому перемирию\" является очередной попыткой отвлечь внимание от реального процесса по урегулированию украинского конфликта, заявил РИА Новости депутат Госдумы от крымского региона Юрий Нестеренко. Ранее пресс-секретарь президента РФ Дмитрий Песков , комментируя заявление Зеленского о готовности поддержать \"энергетическое перемирие\", сказал, что Россия работает над миром, а не над перемирием с Украиной . \"Заявление Зеленского о готовности к энергетическому перемирию – очередная попытка отвлечь внимание от реального процесса урегулирования и устранения причин конфликта\", - сказал Нестеренко, комментируя заявление Зеленского о готовности поддержать \"энергетическое перемирие\". По его словам, не случайно на Западе Зеленского считают торгашом.",
    "highlightText": "",
    "highlightTitle": "",
    "highlightThreadTitle": "",
    "language": "russian",
    "sentiment": "neutral",
    "categories": [
        "Politics",
        "War, Conflict and Unrest"
    ],
    "topics": [
        "Politics->government policy",
        "Politics->political crisis",
        "Politics->international relations",
        "War, Conflict and Unrest->war"
    ],
    "ai_allow": true,
    "has_canonical": false,
    "breaking": true,
    "webz_reporter": false,
    "external_links": [],
    "external_images": [],
    "internal_images": [],
    "entities": {
        "persons": [],
        "locations": [],
        "organizations": []
    },
    "syndication": {
        "syndicated": null,
        "syndicate_id": null,
        "first_syndicated": false
    },
    "trust": {
        "categories": [
            "fake_news"
        ],
        "top_news": [
            "top_news_ru",
            "top_news_nl",
            "top_news_ua",
            "top_news_il",
            "top_news_cz",
            "top_news_sk",
            "top_news"
        ],
        "bias": "center",
        "source": {
            "type": null,
            "city": null,
            "state": null,
            "country": null,
            "domain_type": null,
            "agency": null,
            "organization_name": null
        }
    },
    "rating": null,
    "crawled": "2025-12-11T07:23:42.978+02:00",
    "updated": "2025-12-12T08:06:58.000+02:00"
}