{
    "thread": {
        "uuid": "8b394c6cb2f84dad570216829284a0ae1691f21a",
        "url": "https://astrakhan-news.net/society/2025/12/11/246792.html",
        "site_full": "astrakhan-news.net",
        "site": "astrakhan-news.net",
        "site_section": "https://astrakhan-news.net/society",
        "site_categories": [],
        "section_title": "Общество - Лента новостей Астрахани",
        "site_title": "Лента новостей Астрахани",
        "title": "Жителей крупного микрорайона Астрахани предупредили об отключении воды - Лента новостей Астрахани",
        "title_full": "Жителей крупного микрорайона Астрахани предупредили об отключении воды - Лента новостей Астрахани",
        "published": "2025-12-11T07:07:00.000+02:00",
        "replies_count": 0,
        "participants_count": 1,
        "site_type": "news",
        "country": "RU",
        "main_image": "https://astrakhan-news.net/img/20251211/c106352ffa3b8f872211e67318fbd535_o.jpg",
        "performance_score": 0,
        "domain_rank": null,
        "domain_rank_updated": null,
        "licensing_agency": [],
        "social": {
            "facebook": {
                "likes": 0,
                "comments": 0,
                "shares": 0
            },
            "vk": {
                "shares": 0
            }
        }
    },
    "uuid": "8b394c6cb2f84dad570216829284a0ae1691f21a",
    "url": "https://astrakhan-news.net/society/2025/12/11/246792.html",
    "ord_in_thread": 0,
    "author": "ИНФОРМАЦИОННО-НОВОСТНОЙ РЕСУРС \"ПУНКТ-А\"",
    "published": "2025-12-11T07:07:00.000+02:00",
    "title": "Жителей крупного микрорайона Астрахани предупредили об отключении воды - Лента новостей Астрахани",
    "text": "В Кировском районе Астрахани произойдет масштабное отключение воды. Оно связано со срочными работами по замене участка водопровода по улице В. Барсовой.\nВоду отключат завтра, 12 декабря, с 10 часов утра и до завершения работ по адресам:\n- Красная Набережная, 227; 229; 231; 231к.1; 231к.2, 229к.1( Д/С №80);\n- ул. В .Барсовой, 12; 12к.1; 12к.2; 12 Б; 12к.3 (Д/С №79); 13; 13А, 13Б, 13В; 13к.1; 13к.2; 14; 15;15к.1; 15к.2; 15к.3; 15к.4; 16; 17; 17к.1; 17к.2; 18;\n- ул. Фурманова, 9;\n- ул. Баумана, 9; 11; 11к.1; 11к.3; 13; 13к.1; 13к.2; 13к.3; 13к.4;\n- ул. Вагнера, 23;\n- ул. С. Перовской, 6 А, 6к.1; 6к.2; 6к.3; 10к.1; 64, 80к.1; 82к.1; 82к.2; 84; 84к.1; 94;\n- ул. Студенческая, 1; 3; 4; 4А (Детская поликлиника №3), 6, 6к.1 (СОШ № 40).\nРаботы были запланированы в рамках текущего ремонта в связи с критическим износом трубопровода: с начала 2024 года здесь произошло 46 прорывов.\nСейчас ведутся подготовительные работы, чтобы минимизировать сроки отключения, сообщили в МУП г. Астрахани «Астрводоканал».\nФото: ПУНКТ-А",
    "highlightText": "",
    "highlightTitle": "",
    "highlightThreadTitle": "",
    "language": "russian",
    "sentiment": null,
    "categories": null,
    "topics": null,
    "ai_allow": true,
    "has_canonical": false,
    "breaking": false,
    "webz_reporter": false,
    "external_links": [],
    "external_images": [],
    "internal_images": [],
    "entities": {
        "persons": [],
        "locations": [],
        "organizations": []
    },
    "syndication": {
        "syndicated": null,
        "syndicate_id": null,
        "first_syndicated": false
    },
    "trust": {
        "categories": [
            "fake_news"
        ],
        "top_news": [],
        "bias": null,
        "source": {
            "type": null,
            "city": null,
            "state": null,
            "country": null,
            "domain_type": null,
            "agency": null,
            "organization_name": null
        }
    },
    "rating": null,
    "crawled": "2025-12-11T07:22:52.023+02:00",
    "updated": "2025-12-11T07:22:52.023+02:00"
}