{
    "thread": {
        "uuid": "05deb989083a2b1d4212d33ba21d55a5baef7743",
        "url": "https://www.mediaite.com/politics/lauren-boebert-gains-entry-to-exclusive-george-santos-party-after-her-staffers-were-denied-at-the-door/",
        "site_full": "www.mediaite.com",
        "site": "mediaite.com",
        "site_section": "https://golf.einnews.com/live_feed",
        "site_categories": [
            "media",
            "law_government_and_politics",
            "politics",
            "top_news_cl",
            "top_news_us",
            "top_news"
        ],
        "section_title": "Live Feed Wire - Golf News Today - EIN Presswire",
        "site_title": "Mediaite.com | Media &amp; Politics News | TV, Print, Online",
        "title": "Lauren Boebert Staffers Denied Entry to George Santos Party",
        "title_full": "Lauren Boebert Staffers Denied Entry to George Santos Party",
        "published": "2025-12-11T03:31:00.000+02:00",
        "replies_count": 90,
        "participants_count": 70,
        "site_type": "news",
        "country": "US",
        "main_image": "https://www.mediaite.com/wp-content/uploads/2025/12/TMZ-scaled.jpg",
        "performance_score": 0,
        "domain_rank": 12293,
        "domain_rank_updated": "2025-12-07T23:00:00.000+02:00",
        "licensing_agency": [],
        "social": {
            "facebook": {
                "likes": 0,
                "comments": 0,
                "shares": 0
            },
            "vk": {
                "shares": 0
            }
        }
    },
    "uuid": "6a7eeb78e5f32b1ace688b9817fd21d85bd36f7c",
    "url": "https://www.mediaite.com/politics/lauren-boebert-gains-entry-to-exclusive-george-santos-party-after-her-staffers-were-denied-at-the-door/#post-76",
    "ord_in_thread": 76,
    "author": "The Real Joel",
    "published": "2025-12-11T05:22:00.000+02:00",
    "title": "",
    "text": "Kitara:\n”I’m Jewish”\n“Okay, I’m Jew-ish”\n“Okay, I hired a Nazi as my Christmas party bouncer”",
    "highlightText": "",
    "highlightTitle": "",
    "highlightThreadTitle": "",
    "language": "english",
    "sentiment": null,
    "categories": null,
    "topics": null,
    "ai_allow": true,
    "has_canonical": false,
    "breaking": null,
    "webz_reporter": false,
    "external_links": null,
    "external_images": null,
    "internal_images": null,
    "entities": {
        "persons": [],
        "locations": [],
        "organizations": []
    },
    "syndication": {
        "syndicated": false,
        "syndicate_id": null,
        "first_syndicated": false
    },
    "trust": {
        "categories": [
            "fake_news"
        ],
        "top_news": [
            "top_news_cl",
            "top_news_us",
            "top_news"
        ],
        "bias": "left",
        "source": {
            "type": null,
            "city": null,
            "state": null,
            "country": null,
            "domain_type": null,
            "agency": null,
            "organization_name": null
        }
    },
    "rating": null,
    "crawled": "2025-12-11T07:27:49.932+02:00",
    "updated": "2025-12-11T08:05:59.427+02:00"
}