{
    "thread": {
        "uuid": "a8592d0cbc2a8c8a78159755116b9439062ef90a",
        "url": "https://www.newsbreak.com/crime/los-angeles-ca/20274_1765429830_gbpjqetv-cardboard-and-blanket-fire-on-road-near-lincoln-boulevard",
        "site_full": "www.newsbreak.com",
        "site": "newsbreak.com",
        "site_section": "https://www.newsbreak.com/crime/los-angeles-ca",
        "site_categories": [
            "under_construction"
        ],
        "section_title": "Los Angeles, CA Crime Map &amp; Safety Statistics | CrimeRadar",
        "site_title": "NewsBreak: Local News &amp; Alerts",
        "title": "Cardboard and blanket fire on road near lincoln boulevard, Los Angeles CA | CrimeRadar",
        "title_full": "Cardboard and blanket fire on road near lincoln boulevard, Los Angeles CA | CrimeRadar",
        "published": "2025-12-10T23:10:00.000+02:00",
        "replies_count": 0,
        "participants_count": 1,
        "site_type": "news",
        "country": "US",
        "main_image": "https://ui.prt.news/33.99888,-118.46272.jpeg",
        "performance_score": 0,
        "domain_rank": 2819,
        "domain_rank_updated": "2025-12-07T23:00:00.000+02:00",
        "licensing_agency": [],
        "social": {
            "facebook": {
                "likes": 0,
                "comments": 0,
                "shares": 0
            },
            "vk": {
                "shares": 0
            }
        }
    },
    "uuid": "a8592d0cbc2a8c8a78159755116b9439062ef90a",
    "url": "https://www.newsbreak.com/crime/los-angeles-ca/20274_1765429830_gbpjqetv-cardboard-and-blanket-fire-on-road-near-lincoln-boulevard",
    "ord_in_thread": 0,
    "author": "CrimeRadar",
    "published": "2025-12-10T23:10:00.000+02:00",
    "title": "Cardboard and blanket fire on road near lincoln boulevard, Los Angeles CA | CrimeRadar",
    "text": "Fire & Arson\nReported: 12/10/2025 09:10 PM\nLincoln Blvd & Lake St, Los Angeles, CA 90291 Responders were called to a fire involving cardboard and a blanket burning in the middle of the road near Lincoln Boulevard and Lake Street in Los Angeles.\nAudio |\nSource: LAPD Dispatch - Pacific Division\n00:10 Transcript:\n00:00 Pacific unit's information on Puffloras and Sussex Lake Street and Lincoln Boulevard. 00:04 Hepties responding for cardboard and blanket on fire in the middle of the road. 00:08 Information on incident for (number withheld). Disclaimer:\nThis transcript was automatically generated and may contain inaccuracies. Please verify the information independently.\nLocation mentioned:\nLincoln Blvd & Lake St, Los Angeles, CA 90291 This shows a Google Street View of the area near the location, which might not be the exact address.\nCorrect\nIncorrect Share This Information",
    "highlightText": "",
    "highlightTitle": "",
    "highlightThreadTitle": "",
    "language": "english",
    "sentiment": "neutral",
    "categories": [
        "Disaster and Accident"
    ],
    "topics": [
        "Disaster and Accident->fire"
    ],
    "ai_allow": true,
    "has_canonical": false,
    "breaking": null,
    "webz_reporter": false,
    "external_links": [
        "https://www.mapillary.com/",
        "https://mapillary.com/",
        "https://www.mapillary.com"
    ],
    "external_images": [],
    "internal_images": [],
    "entities": {
        "persons": [],
        "locations": [
            {
                "name": "Lake Street",
                "sentiment": "none"
            },
            {
                "name": "Boulevard",
                "sentiment": "none"
            }
        ],
        "organizations": [
            {
                "name": "Lincoln Blvd & Lake St",
                "sentiment": "negative",
                "tickers": []
            }
        ]
    },
    "syndication": {
        "syndicated": false,
        "syndicate_id": null,
        "first_syndicated": false
    },
    "trust": {
        "categories": [
            "fake_news"
        ],
        "top_news": [],
        "bias": "center",
        "source": {
            "type": null,
            "city": null,
            "state": null,
            "country": null,
            "domain_type": null,
            "agency": null,
            "organization_name": null
        }
    },
    "rating": null,
    "crawled": "2025-12-11T07:29:21.720+02:00",
    "updated": "2025-12-11T07:35:18.000+02:00"
}