{
    "thread": {
        "uuid": "77193238f18ad5ea3d07fc7f198c1e8032237573",
        "url": "https://irkutsk-news.net/society/2025/12/11/325470.html",
        "site_full": "irkutsk-news.net",
        "site": "irkutsk-news.net",
        "site_section": "https://irkutsk-news.net/rss.xml",
        "site_categories": [
            "media"
        ],
        "section_title": "Лента новостей Иркутска",
        "site_title": "Лента новостей Иркутска",
        "title": "В иркутской школе № 3 открылся музей «Зеркало времени»",
        "title_full": "В иркутской школе № 3 открылся музей «Зеркало времени»",
        "published": "2025-12-11T07:13:00.000+02:00",
        "replies_count": 0,
        "participants_count": 1,
        "site_type": "news",
        "country": "RU",
        "main_image": "https://irkutsk-news.net/img/20251211/76d4f5ed1d46b23e6632f3209d566bfc.jpg",
        "performance_score": 0,
        "domain_rank": null,
        "domain_rank_updated": null,
        "licensing_agency": [],
        "social": {
            "facebook": {
                "likes": 0,
                "comments": 0,
                "shares": 0
            },
            "vk": {
                "shares": 0
            }
        }
    },
    "uuid": "77193238f18ad5ea3d07fc7f198c1e8032237573",
    "url": "https://irkutsk-news.net/society/2025/12/11/325470.html",
    "ord_in_thread": 0,
    "author": "Администрация Иркутска",
    "published": "2025-12-11T07:13:00.000+02:00",
    "title": "В иркутской школе № 3 открылся музей «Зеркало времени»",
    "text": "В СОШ № 3 Иркутска состоялось торжественное открытие музея «Зеркало времени». Экспозиция создана силами педагогов и учеников и приурочена к предстоящему юбилею учебного заведения.\nВ годы Великой Отечественной войны в здании школы располагался военный госпиталь. В музее представлены архивные фотографии, документы, личные вещи и исследовательские работы учащихся, рассказывающие об этом периоде.\nОтдельный раздел посвящен памяти выпускников, не вернувшихся с фронта: Василий и Петр Надежкины, Вениамин Киселев, Виктор Фанаков, Иван Урванцев, Валерий Перевозников, Алексей Залетов, Анатолий Вдовин, Василий Гордин, Борис Унагаев и другие.\nТакже в экспозиции есть раздел, посвященный современным героям – выпускникам, погибшим в ходе специальной военной операции: Сергею Золотухину, Андрею Селиверстову, Никите Еропову.\nНад созданием музея под руководством заместителя директора Надежды Коврижных работали школьные активисты: София Клапоцкая, Жанна Синькова и Елизавета Скобельцина. Они провели сбор архивных материалов, восстановление фотографий и систематизацию фондов.\nГостем церемонии стал выпускник школы, бывший губернатор Иркутской области, почетный гражданин Иркутска Борис Говорин, который передал в дар музею книгу с памятной надписью.\nМузей «Зеркало времени» будет работать как образовательная площадка для проведения экскурсий, тематических уроков, встреч с ветеранами и исследовательской деятельности учащихся.",
    "highlightText": "",
    "highlightTitle": "",
    "highlightThreadTitle": "",
    "language": "russian",
    "sentiment": null,
    "categories": null,
    "topics": null,
    "ai_allow": true,
    "has_canonical": false,
    "breaking": false,
    "webz_reporter": false,
    "external_links": [],
    "external_images": [],
    "internal_images": [],
    "entities": {
        "persons": [],
        "locations": [],
        "organizations": []
    },
    "syndication": {
        "syndicated": null,
        "syndicate_id": null,
        "first_syndicated": false
    },
    "trust": {
        "categories": [
            "fake_news"
        ],
        "top_news": [],
        "bias": null,
        "source": {
            "type": null,
            "city": null,
            "state": null,
            "country": null,
            "domain_type": null,
            "agency": null,
            "organization_name": null
        }
    },
    "rating": null,
    "crawled": "2025-12-11T07:18:49.838+02:00",
    "updated": "2025-12-11T07:18:49.838+02:00"
}