{
    "thread": {
        "uuid": "5ed39a99466da74ab99664a8264fa72e1a5d63d3",
        "url": "https://www.newsbreak.com/news/4420727146022-kearny-magistrate-receives-civic-engagement-award",
        "site_full": "www.newsbreak.com",
        "site": "newsbreak.com",
        "site_section": "https://www.newsbreak.com/arizona",
        "site_categories": [
            "under_construction",
            "arts, culture and entertainment",
            "human interest",
            "economy, business and finance",
            "lifestyle and leisure",
            "crime, law and justice",
            "politics",
            "sport"
        ],
        "section_title": "Arizona City, AZ Local News and More | NewsBreak",
        "site_title": "NewsBreak: Local News &amp; Alerts",
        "title": "Kearny magistrate receives Civic Engagement Award - NewsBreak",
        "title_full": "Kearny magistrate receives Civic Engagement Award - NewsBreak",
        "published": "2025-12-31T07:00:00.000+02:00",
        "replies_count": 0,
        "participants_count": 1,
        "site_type": "news",
        "country": "US",
        "main_image": "https://img.particlenews.com/img/id/4e2Ens_17iQKpo500",
        "performance_score": 0,
        "domain_rank": 2819,
        "domain_rank_updated": "2025-12-28T23:00:00.000+02:00",
        "licensing_agency": [],
        "social": {
            "facebook": {
                "likes": 0,
                "comments": 0,
                "shares": 0
            },
            "vk": {
                "shares": 0
            }
        }
    },
    "uuid": "5ed39a99466da74ab99664a8264fa72e1a5d63d3",
    "url": "https://www.newsbreak.com/news/4420727146022-kearny-magistrate-receives-civic-engagement-award",
    "ord_in_thread": 0,
    "author": "copperarea.com",
    "published": "2025-12-31T07:00:00.000+02:00",
    "title": "Kearny magistrate receives Civic Engagement Award - NewsBreak",
    "text": "1 days ago On Dec. 10, 2025, at its regular meeting, the Pinal County Board of Supervisors recognized five individuals for “making a positive difference in the community.”. Among these for District 5 is Kearny Magistrate Judge David Orzell. Since arriving in Kearny in 1977, Dave Orzell has demonstrated an exceptional commitment... Read full article\nRead in NewsBreak",
    "highlightText": "",
    "highlightTitle": "",
    "highlightThreadTitle": "",
    "language": "english",
    "sentiment": "positive",
    "categories": [],
    "topics": null,
    "ai_allow": true,
    "has_canonical": false,
    "breaking": null,
    "webz_reporter": false,
    "external_links": [],
    "external_images": [],
    "internal_images": [],
    "entities": {
        "persons": [
            {
                "name": "David Orzell",
                "sentiment": "none"
            },
            {
                "name": "Dave Orzell",
                "sentiment": "none"
            }
        ],
        "locations": [],
        "organizations": [
            {
                "name": "Pinal County Board of Supervisors",
                "sentiment": "negative",
                "tickers": [
                    {
                        "ticker": null,
                        "exchange": null
                    }
                ]
            }
        ]
    },
    "syndication": {
        "syndicated": false,
        "syndicate_id": null,
        "first_syndicated": false
    },
    "trust": {
        "categories": [
            "fake_news"
        ],
        "top_news": [],
        "bias": "center",
        "source": {
            "type": null,
            "city": null,
            "state": null,
            "country": null,
            "domain_type": null,
            "agency": null,
            "organization_name": null
        }
    },
    "rating": null,
    "crawled": "2026-01-01T07:25:20.950+02:00",
    "updated": "2026-01-01T07:27:19.000+02:00"
}