{
    "thread": {
        "uuid": "4377e883ec13deb5ba56b0afbfae336d2d4fba3e",
        "url": "https://www.youtube.com/watch?v=ddod3ZYaMEk",
        "site_full": "www.youtube.com",
        "site": "youtube.com",
        "site_section": "https://www.dagenshockey.se/rss",
        "site_categories": [
            "television",
            "",
            "entertainment",
            "war, conflict and unrest",
            "arts, culture and entertainment",
            "economy, business and finance",
            "crime, law and justice",
            "politics",
            "sport"
        ],
        "section_title": "dagenshockey.se",
        "site_title": "YouTube",
        "title": "Blues vs. Avalanche | NHL Highlights | December 31, 2025",
        "title_full": "Blues vs. Avalanche | NHL Highlights | December 31, 2025",
        "published": "2026-01-01T07:11:00.000+02:00",
        "replies_count": 8,
        "participants_count": 9,
        "site_type": "news",
        "country": "US",
        "main_image": "https://i.ytimg.com/vi/ddod3ZYaMEk/maxresdefault.jpg",
        "performance_score": 0,
        "domain_rank": 9,
        "domain_rank_updated": "2025-12-28T23:00:00.000+02:00",
        "licensing_agency": [],
        "social": {
            "facebook": {
                "likes": 0,
                "comments": 0,
                "shares": 0
            },
            "vk": {
                "shares": 0
            }
        }
    },
    "uuid": "77117602907f435f0de31abd0ace4c43ff3db1f1",
    "url": "https://www.youtube.com/watch?v=ddod3ZYaMEk#post-8",
    "ord_in_thread": 8,
    "author": "@tysoncodes",
    "published": "2026-01-01T07:18:00.000+02:00",
    "title": "",
    "text": "This did not look like a game betwen two professional caliber hockey teams.",
    "highlightText": "",
    "highlightTitle": "",
    "highlightThreadTitle": "",
    "language": "english",
    "sentiment": null,
    "categories": null,
    "topics": null,
    "ai_allow": true,
    "has_canonical": false,
    "breaking": null,
    "webz_reporter": false,
    "external_links": null,
    "external_images": null,
    "internal_images": null,
    "entities": {
        "persons": [],
        "locations": [],
        "organizations": []
    },
    "syndication": {
        "syndicated": false,
        "syndicate_id": null,
        "first_syndicated": false
    },
    "trust": {
        "categories": [
            "fake_news"
        ],
        "top_news": [],
        "bias": "left",
        "source": {
            "type": null,
            "city": null,
            "state": null,
            "country": null,
            "domain_type": null,
            "agency": null,
            "organization_name": null
        }
    },
    "rating": null,
    "crawled": "2026-01-01T07:21:19.512+02:00",
    "updated": "2026-01-01T07:21:19.512+02:00"
}