{
    "thread": {
        "uuid": "3ee01b6f3f5714779219cef8623fbe499a595af9",
        "url": "https://www.news18.com/lifestyle/events/bakrid-2026-eid-ul-adha-date-rituals-prayers-significance-india-aa-ws-e-9800395.html",
        "site_full": "www.news18.com",
        "site": "news18.com",
        "site_section": "https://www.news18.com/entertainment",
        "site_categories": [
            "media",
            "top_news_in",
            "top_news_ph",
            "top_news_pk",
            "top_news_ae",
            "top_news_qa",
            "top_news_sg",
            "top_news_sa",
            "top_news_kw",
            "top_news",
            "arts, culture and entertainment",
            "human interest",
            "economy, business and finance",
            "health",
            "lifestyle and leisure",
            "crime, law and justice",
            "politics",
            "sport"
        ],
        "section_title": "Entertainment News: Bollywood &amp; Hollywood News, Celebrity News - News18",
        "site_title": "News: Get Latest News Today, Breaking News, Top News Headlines, India and World News | News18",
        "title": "Bakrid 2026: When Is Eid-ul-Adha In India? Date, Rituals And Prayers | Events News - News18",
        "title_full": "Bakrid 2026: When Is Eid-ul-Adha In India? Date, Rituals And Prayers | Events News - News18",
        "published": "2026-01-01T07:25:00.000+02:00",
        "replies_count": 0,
        "participants_count": 1,
        "site_type": "news",
        "country": "IN",
        "main_image": "https://images.news18.com/ibnlive/uploads/2025/12/image-2025-12-d0acd65aadafa466993c58f7a2777a68-16x9.jpg",
        "performance_score": 0,
        "domain_rank": 3556,
        "domain_rank_updated": "2025-12-28T23:00:00.000+02:00",
        "licensing_agency": [],
        "social": {
            "facebook": {
                "likes": 1,
                "comments": 0,
                "shares": 0
            },
            "vk": {
                "shares": 0
            }
        }
    },
    "uuid": "3ee01b6f3f5714779219cef8623fbe499a595af9",
    "url": "https://www.news18.com/lifestyle/events/bakrid-2026-eid-ul-adha-date-rituals-prayers-significance-india-aa-ws-e-9800395.html",
    "ord_in_thread": 0,
    "author": "Nibandh Vinod",
    "published": "2026-01-01T07:25:00.000+02:00",
    "title": "Bakrid 2026: When Is Eid-ul-Adha In India? Date, Rituals And Prayers | Events News - News18",
    "text": "Bakrid 2026: Eid-ul-Adha, also known as Bakrid, is one of the most important festivals in Islam. It is observed by Muslims across the world with prayers, sacrifice, and acts of kindness. The festival honours faith, obedience, and the spirit of giving. Bakrid is linked to the story of Prophet Ibrahim, who showed complete trust in Allah. His willingness to follow God’s command is remembered every year through prayers and sacrifice. The festival also marks the end of the annual Hajj pilgrimage in Mecca. Eid-ul-Adha falls on the 10th day of Dhul Hijjah, the final month of the Islamic lunar calendar. Since the Islamic calendar depends on moon sighting, the exact date can change. In 2026, Bakrid is expected to be observed on Wednesday, May 27, subject to confirmation after the moon is sighted. Bakrid starts early in the morning with special Eid prayers, known as Salat al-Eid. These prayers are offered in mosques or open grounds and usually begin around 15 to 20 minutes after sunrise. The prayer includes two units and extra Takbeers praising Allah. After the prayer, a sermon is delivered that speaks about faith, sacrifice, and caring for others. Muslims greet each other with “Eid Mubarak\" and return home to continue the day’s rituals. Fasting is not allowed on the day of Eid-ul-Adha. It is meant to be a day of celebration, food, and sharing. Muslims are encouraged to eat, dress well, and spend time with family. However, fasting is recommended before Eid, especially on the Day of Arafah. Fasting is not allowed on Bakrid and the three days that follow, known as the days of Tashreeq. One of the main rituals of Bakrid is Qurbani, or animal sacrifice. Muslims who can afford it sacrifice an animal such as a goat or sheep. This act remembers Prophet Ibrahim’s devotion to Allah. The meat is divided into three parts. One part is kept for the family, one is shared with relatives and friends, and one is given to people in need. This ensures that everyone can take part in the celebrations. Charity is a key part of Bakrid. Along with Qurbani, Muslims are encouraged to give extra Sadaqah and Zakat. Food, clothes, and money are often donated to help those who are struggling. The idea is to make sure no one is left out during the festival and that joy is shared equally. After prayers and sacrifice, families gather at home. Special meals are prepared, and sweets are shared with neighbours and friends. People visit relatives, exchange gifts, and children often receive Eidi. Many people wear new clothes, apply henna, and decorate their homes. In some countries, Bakrid is a public holiday with cultural events and community gatherings. Bakrid teaches the value of faith, patience, and obedience to Allah. The story of Prophet Ibrahim reminds believers to put trust in God, even in difficult moments. The festival also highlights kindness, sharing, and responsibility towards others. It encourages people to look beyond themselves and help those in need. On Bakrid, Muslims offer the special Eid prayer and continue reciting Takbeer-e-Tashreeq for several days. During Qurbani, specific prayers are recited. Other Sunnah practices include bathing before prayers, wearing clean clothes, taking a different route to and from the mosque, and spending the day in gratitude. Bakrid, or Eid-ul-Adha, is a major Islamic festival that marks sacrifice and faith. The festival depends on moon sighting, so dates vary each year. It is the ritual sacrifice of an animal, with meat shared among family and the needy. Muslims greet each other by saying “Eid Mubarak.\"",
    "highlightText": "",
    "highlightTitle": "",
    "highlightThreadTitle": "",
    "language": "english",
    "sentiment": "neutral",
    "categories": [
        "Religion and Belief",
        "Human Interest"
    ],
    "topics": [
        "Religion and Belief->religious festival and holiday",
        "Religion and Belief->eid al-adha",
        "Religion and Belief->islam",
        "Human Interest->ceremony"
    ],
    "ai_allow": true,
    "has_canonical": false,
    "breaking": true,
    "webz_reporter": false,
    "external_links": [],
    "external_images": [],
    "internal_images": [],
    "entities": {
        "persons": [
            {
                "name": "Ibrahim",
                "sentiment": "none"
            }
        ],
        "locations": [],
        "organizations": []
    },
    "syndication": {
        "syndicated": false,
        "syndicate_id": null,
        "first_syndicated": false
    },
    "trust": {
        "categories": [
            "fake_news"
        ],
        "top_news": [
            "top_news_in",
            "top_news_ph",
            "top_news_pk",
            "top_news_ae",
            "top_news_qa",
            "top_news_sg",
            "top_news_sa",
            "top_news_kw",
            "top_news"
        ],
        "bias": "center",
        "source": {
            "type": null,
            "city": null,
            "state": null,
            "country": null,
            "domain_type": null,
            "agency": null,
            "organization_name": null
        }
    },
    "rating": null,
    "crawled": "2026-01-01T07:27:20.515+02:00",
    "updated": "2026-01-02T08:04:55.000+02:00"
}