{
    "thread": {
        "uuid": "70d0f54068c978b49567669a19b03ca40af0ba1e",
        "url": "https://www.youtube.com/watch?v=zMNNdodKmSY",
        "site_full": "www.youtube.com",
        "site": "youtube.com",
        "site_section": "https://rss.app/feeds/_26yatrqju2csdc4j.xml",
        "site_categories": [
            "television",
            "",
            "entertainment",
            "war, conflict and unrest",
            "arts, culture and entertainment",
            "economy, business and finance",
            "crime, law and justice",
            "politics",
            "sport"
        ],
        "section_title": "All News",
        "site_title": "YouTube",
        "title": "This reaches 'far and wide': Missouri senator",
        "title_full": "This reaches 'far and wide': Missouri senator",
        "published": "2026-01-01T06:45:00.000+02:00",
        "replies_count": 82,
        "participants_count": 70,
        "site_type": "news",
        "country": "US",
        "main_image": "https://i.ytimg.com/vi/zMNNdodKmSY/maxresdefault.jpg",
        "performance_score": 0,
        "domain_rank": 9,
        "domain_rank_updated": "2025-12-28T23:00:00.000+02:00",
        "licensing_agency": [],
        "social": {
            "facebook": {
                "likes": 0,
                "comments": 0,
                "shares": 0
            },
            "vk": {
                "shares": 0
            }
        }
    },
    "uuid": "5ffc065a20ed2ca78aa1d019ee859503f91146f8",
    "url": "https://www.youtube.com/watch?v=zMNNdodKmSY#post-52",
    "ord_in_thread": 52,
    "author": "@michaelbogan3940",
    "published": "2026-01-01T07:11:00.000+02:00",
    "title": "",
    "text": "Religion is nothing anymore to those who pray to evil and listen to sermons of hate. You say FATHER GOD is with you but you stand hand in hand with the beast of separation and molestation. White Jesus or black his message was the same \" SUFFER NOT THE LITTLE CHILDREN \" . And for that you are condemned and will suffer the same as your idols. My sources are indeed galaxies better than yours 👽 👽🙏 🙏 🙏",
    "highlightText": "",
    "highlightTitle": "",
    "highlightThreadTitle": "",
    "language": "english",
    "sentiment": null,
    "categories": null,
    "topics": null,
    "ai_allow": true,
    "has_canonical": false,
    "breaking": null,
    "webz_reporter": false,
    "external_links": null,
    "external_images": null,
    "internal_images": null,
    "entities": {
        "persons": [],
        "locations": [],
        "organizations": []
    },
    "syndication": {
        "syndicated": false,
        "syndicate_id": null,
        "first_syndicated": false
    },
    "trust": {
        "categories": [
            "fake_news"
        ],
        "top_news": [],
        "bias": "left",
        "source": {
            "type": null,
            "city": null,
            "state": null,
            "country": null,
            "domain_type": null,
            "agency": null,
            "organization_name": null
        }
    },
    "rating": null,
    "crawled": "2026-01-01T07:22:19.605+02:00",
    "updated": "2026-01-01T07:22:19.605+02:00"
}