{
    "thread": {
        "uuid": "7fdd510c272526056fdfec8b44f87747ddb31f08",
        "url": "https://www.youtube.com/watch?v=myVKQlOldbA",
        "site_full": "www.youtube.com",
        "site": "youtube.com",
        "site_section": "https://rss.app/feeds/_02osag5eijhsgyy0.xml",
        "site_categories": [
            "television",
            "",
            "entertainment",
            "war, conflict and unrest",
            "arts, culture and entertainment",
            "economy, business and finance",
            "crime, law and justice",
            "politics",
            "sport"
        ],
        "section_title": "News Review - 10.12.24 - 241 Feeds Update",
        "site_title": "YouTube",
        "title": "The Dark Destruction of Diddy",
        "title_full": "The Dark Destruction of Diddy",
        "published": "2025-12-30T23:21:00.000+02:00",
        "replies_count": 100,
        "participants_count": 97,
        "site_type": "news",
        "country": "US",
        "main_image": "https://i.ytimg.com/vi/myVKQlOldbA/maxresdefault.jpg",
        "performance_score": 0,
        "domain_rank": 9,
        "domain_rank_updated": "2025-12-28T23:00:00.000+02:00",
        "licensing_agency": [],
        "social": {
            "facebook": {
                "likes": 0,
                "comments": 0,
                "shares": 0
            },
            "vk": {
                "shares": 0
            }
        }
    },
    "uuid": "4d2076e5bd60b332100aff1fcb750078ad9aa0b3",
    "url": "https://www.youtube.com/watch?v=myVKQlOldbA#post-89",
    "ord_in_thread": 89,
    "author": "@andrewchapman8906",
    "published": "2026-01-01T04:13:00.000+02:00",
    "title": "",
    "text": "No one can fuck with 50 😂",
    "highlightText": "",
    "highlightTitle": "",
    "highlightThreadTitle": "",
    "language": "english",
    "sentiment": null,
    "categories": null,
    "topics": null,
    "ai_allow": true,
    "has_canonical": false,
    "breaking": null,
    "webz_reporter": false,
    "external_links": null,
    "external_images": null,
    "internal_images": null,
    "entities": {
        "persons": [],
        "locations": [],
        "organizations": []
    },
    "syndication": {
        "syndicated": false,
        "syndicate_id": null,
        "first_syndicated": false
    },
    "trust": {
        "categories": [
            "fake_news"
        ],
        "top_news": [],
        "bias": "left",
        "source": {
            "type": null,
            "city": null,
            "state": null,
            "country": null,
            "domain_type": null,
            "agency": null,
            "organization_name": null
        }
    },
    "rating": null,
    "crawled": "2026-01-01T07:28:05.673+02:00",
    "updated": "2026-01-01T07:28:05.673+02:00"
}