{
    "thread": {
        "uuid": "62a4d15d43e80432c378b7b5b99a60f9e9509ba5",
        "url": "https://www.newsbreak.com/news/4420751749199-will-wade-defends-darrion-williams-in-expletive-filled-speech-after-beating-wake-forest",
        "site_full": "www.newsbreak.com",
        "site": "newsbreak.com",
        "site_section": "https://www.newsbreak.com/trending/top/wilks-blasts-mayfield%26",
        "site_categories": [
            "under_construction",
            "arts, culture and entertainment",
            "human interest",
            "economy, business and finance",
            "lifestyle and leisure",
            "crime, law and justice",
            "politics",
            "sport"
        ],
        "section_title": "The latest wilks blasts mayfield&amp; news, videos &amp; comments | NewsBreak",
        "site_title": "NewsBreak: Local News &amp; Alerts",
        "title": "Will Wade defends Darrion Williams in expletive-filled speech after beating Wake Forest - NewsBreak",
        "title_full": "Will Wade defends Darrion Williams in expletive-filled speech after beating Wake Forest - NewsBreak",
        "published": "2026-01-01T01:39:00.000+02:00",
        "replies_count": 0,
        "participants_count": 1,
        "site_type": "news",
        "country": "US",
        "main_image": "https://img.particlenews.com/img/id/3qqVut_17iRuDdi00",
        "performance_score": 0,
        "domain_rank": 2819,
        "domain_rank_updated": "2025-12-28T23:00:00.000+02:00",
        "licensing_agency": [],
        "social": {
            "facebook": {
                "likes": 0,
                "comments": 0,
                "shares": 0
            },
            "vk": {
                "shares": 0
            }
        }
    },
    "uuid": "62a4d15d43e80432c378b7b5b99a60f9e9509ba5",
    "url": "https://www.newsbreak.com/news/4420751749199-will-wade-defends-darrion-williams-in-expletive-filled-speech-after-beating-wake-forest",
    "ord_in_thread": 0,
    "author": "Rock Hill Herald",
    "published": "2026-01-01T01:39:00.000+02:00",
    "title": "Will Wade defends Darrion Williams in expletive-filled speech after beating Wake Forest - NewsBreak",
    "text": "5 hours ago Key Takeaways AI-generated summary reviewed by our newsroom. N.C. State head coach Will Wade went on his second tirade in three games. The first time he publicly criticized his team’s lack of effort, intensity and attention to detail in a now-viral postgame press conference. Following Wednesday’s 70-57 win over... Read full article\nRead in NewsBreak",
    "highlightText": "",
    "highlightTitle": "",
    "highlightThreadTitle": "",
    "language": "english",
    "sentiment": null,
    "categories": null,
    "topics": null,
    "ai_allow": true,
    "has_canonical": false,
    "breaking": null,
    "webz_reporter": false,
    "external_links": [],
    "external_images": [],
    "internal_images": [],
    "entities": {
        "persons": [
            {
                "name": "Darrion Williams",
                "sentiment": "negative"
            }
        ],
        "locations": [],
        "organizations": []
    },
    "syndication": {
        "syndicated": false,
        "syndicate_id": null,
        "first_syndicated": false
    },
    "trust": {
        "categories": [
            "fake_news"
        ],
        "top_news": [],
        "bias": "center",
        "source": {
            "type": null,
            "city": null,
            "state": null,
            "country": null,
            "domain_type": null,
            "agency": null,
            "organization_name": null
        }
    },
    "rating": null,
    "crawled": "2026-01-01T07:26:04.484+02:00",
    "updated": "2026-01-01T07:26:04.484+02:00"
}