{
    "thread": {
        "uuid": "356b53a399b2b56a285d45417a2d29891dcad6cc",
        "url": "https://www.mediaite.com/media/a-tipsy-jim-acosta-boasts-to-don-lemon-im-so-hammered-that-even-pete-hegseth-said-pace-yourself/",
        "site_full": "www.mediaite.com",
        "site": "mediaite.com",
        "site_section": "https://www.mediaite.com/category/entertainment",
        "site_categories": [
            "media",
            "law_government_and_politics",
            "politics",
            "top_news_cl",
            "top_news_us",
            "top_news",
            "crime, law and justice",
            "economy, business and finance"
        ],
        "section_title": "Entertainment | Mediaite",
        "site_title": "Mediaite.com | Media &amp; Politics News | TV, Print, Online",
        "title": "A Tipsy Jim Acosta Jokes About Pete Hegseth Being a Drunk",
        "title_full": "A Tipsy Jim Acosta Jokes About Pete Hegseth Being a Drunk",
        "published": "2026-01-01T05:51:00.000+02:00",
        "replies_count": 38,
        "participants_count": 26,
        "site_type": "news",
        "country": "US",
        "main_image": "https://www.mediaite.com/wp-content/uploads/2025/12/AcostaLemon-scaled.jpg",
        "performance_score": 0,
        "domain_rank": 12293,
        "domain_rank_updated": "2025-12-28T23:00:00.000+02:00",
        "licensing_agency": [],
        "social": {
            "facebook": {
                "likes": 0,
                "comments": 0,
                "shares": 0
            },
            "vk": {
                "shares": 0
            }
        }
    },
    "uuid": "3f4efb45f970a4ee746b2f5f0b171b9bed83be72",
    "url": "https://www.mediaite.com/media/a-tipsy-jim-acosta-boasts-to-don-lemon-im-so-hammered-that-even-pete-hegseth-said-pace-yourself/#post-4",
    "ord_in_thread": 4,
    "author": "Jeff Id",
    "published": "2026-01-01T06:16:00.000+02:00",
    "title": "",
    "text": "Pelosi?",
    "highlightText": "",
    "highlightTitle": "",
    "highlightThreadTitle": "",
    "language": "english",
    "sentiment": null,
    "categories": null,
    "topics": null,
    "ai_allow": true,
    "has_canonical": false,
    "breaking": null,
    "webz_reporter": false,
    "external_links": null,
    "external_images": null,
    "internal_images": null,
    "entities": {
        "persons": [],
        "locations": [],
        "organizations": []
    },
    "syndication": {
        "syndicated": false,
        "syndicate_id": null,
        "first_syndicated": false
    },
    "trust": {
        "categories": [
            "fake_news"
        ],
        "top_news": [
            "top_news_cl",
            "top_news_us",
            "top_news"
        ],
        "bias": "left",
        "source": {
            "type": null,
            "city": null,
            "state": null,
            "country": null,
            "domain_type": null,
            "agency": null,
            "organization_name": null
        }
    },
    "rating": null,
    "crawled": "2026-01-01T07:23:48.046+02:00",
    "updated": "2026-01-01T07:23:48.046+02:00"
}