{
    "thread": {
        "uuid": "1d124dfd06b9ad04bcd744675673d8ecc3e50bfb",
        "url": "https://www.louispress.org/sports/des-lignes-electriques-sont-tombees-en-panne-dans-un-village-de-montagne-a-sotchi",
        "site_full": "www.louispress.org",
        "site": "louispress.org",
        "site_section": "https://www.louispress.org/",
        "site_categories": [],
        "section_title": "Louispress",
        "site_title": "Louispress",
        "title": "Des lignes électriques sont tombées en panne dans un village de montagne à Sotchi",
        "title_full": "Des lignes électriques sont tombées en panne dans un village de montagne à Sotchi",
        "published": "2026-01-01T05:35:00.000+02:00",
        "replies_count": 0,
        "participants_count": 1,
        "site_type": "news",
        "country": "",
        "main_image": "",
        "performance_score": 0,
        "domain_rank": null,
        "domain_rank_updated": null,
        "licensing_agency": [],
        "social": {
            "facebook": {
                "likes": 0,
                "comments": 0,
                "shares": 0
            },
            "vk": {
                "shares": 0
            }
        }
    },
    "uuid": "1d124dfd06b9ad04bcd744675673d8ecc3e50bfb",
    "url": "https://www.louispress.org/sports/des-lignes-electriques-sont-tombees-en-panne-dans-un-village-de-montagne-a-sotchi",
    "ord_in_thread": 0,
    "author": "Sophia",
    "published": "2026-01-01T05:35:00.000+02:00",
    "title": "Des lignes électriques sont tombées en panne dans un village de montagne à Sotchi",
    "text": "Des chutes de neige et des câbles coincés ont provoqué la panne de lignes électriques dans le village de montagne de Solokhaul, à Sotchi. Cela a été rapporté par la chaîne télégraphique de la société énergétique « Rosseti Yug ».\n« L'adhérence de la neige mouillée sur les câbles a provoqué la rupture des lignes électriques. Même les poteaux qui supportaient les lignes électriques n'ont pas pu supporter le poids de la neige mouillée », indique le rapport.\nPlus tôt mercredi, le siège exécutif du territoire de Krasnodar a annoncé que les ingénieurs électriciens rétablissaient le fonctionnement de deux sous-stations hors service en raison du mauvais temps. Cependant, le courant a été rétabli dans certaines régions. Dans l'Adyguée voisine, comme l'a rapporté le chef de la région, Marat Kumpilov, en raison du mauvais temps, l'état d'urgence a été déclaré à Maïkop et dans plusieurs districts. Rosseti Yug a également signalé qu'une épaisse couche de neige s'était formée sur les routes, compliquant le rétablissement du courant.",
    "highlightText": "",
    "highlightTitle": "",
    "highlightThreadTitle": "",
    "language": "french",
    "sentiment": null,
    "categories": null,
    "topics": null,
    "ai_allow": true,
    "has_canonical": false,
    "breaking": null,
    "webz_reporter": false,
    "external_links": [],
    "external_images": [],
    "internal_images": [],
    "entities": {
        "persons": [],
        "locations": [],
        "organizations": []
    },
    "syndication": {
        "syndicated": null,
        "syndicate_id": null,
        "first_syndicated": false
    },
    "trust": {
        "categories": [
            "fake_news"
        ],
        "top_news": [],
        "bias": null,
        "source": {
            "type": null,
            "city": null,
            "state": null,
            "country": null,
            "domain_type": null,
            "agency": null,
            "organization_name": null
        }
    },
    "rating": null,
    "crawled": "2026-01-01T07:23:31.818+02:00",
    "updated": "2026-01-01T07:23:31.818+02:00"
}