{
    "thread": {
        "uuid": "19f547cb697eda3336e44b1bf60a81ee69aa3e17",
        "url": "https://www.newsbreak.com/news/4056039239797-murder-charges-filed-against-man-accused-of-shooting-3-family-members",
        "site_full": "www.newsbreak.com",
        "site": "newsbreak.com",
        "site_section": "https://newsbreak.com/kansas-city-mo",
        "site_categories": [
            "under_construction"
        ],
        "section_title": "Kansas City, MO Local News and More | NewsBreak",
        "site_title": "NewsBreak: Local News &amp; Alerts",
        "title": "Murder charges filed against man accused of shooting 3 family members - NewsBreak",
        "title_full": "Murder charges filed against man accused of shooting 3 family members - NewsBreak",
        "published": "2025-06-17T18:59:00.000+03:00",
        "replies_count": 0,
        "participants_count": 1,
        "site_type": "news",
        "country": "US",
        "main_image": "https://img.particlenews.com/img/id/1pPn9u_11sxuOdt00",
        "performance_score": 0,
        "domain_rank": 3213,
        "domain_rank_updated": "2025-06-03T00:00:00.000+03:00",
        "licensing_agency": [],
        "social": {
            "facebook": {
                "likes": 0,
                "comments": 0,
                "shares": 0
            },
            "vk": {
                "shares": 0
            }
        }
    },
    "uuid": "19f547cb697eda3336e44b1bf60a81ee69aa3e17",
    "url": "https://www.newsbreak.com/news/4056039239797-murder-charges-filed-against-man-accused-of-shooting-3-family-members",
    "ord_in_thread": 0,
    "author": "Sarah Motter",
    "published": "2025-06-17T18:59:00.000+03:00",
    "title": "Murder charges filed against man accused of shooting 3 family members - NewsBreak",
    "text": "Murder charges filed against man accused of shooting 3 family members - NewsBreak",
    "highlightText": "",
    "highlightTitle": "",
    "highlightThreadTitle": "",
    "language": "english",
    "sentiment": "negative",
    "categories": [
        "Crime, Law and Justice"
    ],
    "topics": [
        "Crime, Law and Justice->crime",
        "Crime, Law and Justice->homicide"
    ],
    "ai_allow": true,
    "has_canonical": false,
    "breaking": null,
    "webz_reporter": false,
    "external_links": [],
    "entities": {
        "persons": [],
        "locations": [],
        "organizations": []
    },
    "syndication": {
        "syndicated": false,
        "syndicate_id": null,
        "first_syndicated": false
    },
    "trust": {
        "categories": [
            "fake_news"
        ],
        "top_news": [],
        "bias": "center"
    },
    "rating": null,
    "crawled": "2025-06-19T07:23:29.184+03:00",
    "updated": "2025-06-19T04:27:03.000+00:00"
}