{
    "thread": {
        "uuid": "7b06b642413909ce5bf728711d70aaceb70fa9a3",
        "url": "https://www.thenationalnews.com/sport/football/2025/06/19/al-hilal-show-power-and-potential-of-saudi-arabian-football-in-real-madrid-draw",
        "site_full": "www.thenationalnews.com",
        "site": "thenationalnews.com",
        "site_section": "http://thenational.ae/uae",
        "site_categories": [
            "marketing",
            "web_design_html",
            "tech",
            "business"
        ],
        "section_title": "The National - Latest UAE news, sport &amp; opinion",
        "site_title": "The National - Latest world news, sport &amp; opinion",
        "title": "Al Hilal show 'power and potential of Saudi Arabian football' in Real Madrid draw | The National",
        "title_full": "Al Hilal show 'power and potential of Saudi Arabian football' in Real Madrid draw | The National",
        "published": "2025-06-19T05:49:00.000+03:00",
        "replies_count": 0,
        "participants_count": 1,
        "site_type": "news",
        "country": "AE",
        "main_image": "https://www.thenationalnews.com/resizer/v2/AFV2WC6SE3DHKAPVUDKTDD4V6Y.jpg?smart=true&amp;auth=0ac204dbd796912674057994d0823a235c6a4a9aae934dee3423c5144bc887c3&amp;width=1200&amp;height=630",
        "performance_score": 0,
        "domain_rank": 1894,
        "domain_rank_updated": "2025-06-03T00:00:00.000+03:00",
        "licensing_agency": [],
        "social": {
            "facebook": {
                "likes": 0,
                "comments": 0,
                "shares": 0
            },
            "vk": {
                "shares": 0
            }
        }
    },
    "uuid": "7b06b642413909ce5bf728711d70aaceb70fa9a3",
    "url": "https://www.thenationalnews.com/sport/football/2025/06/19/al-hilal-show-power-and-potential-of-saudi-arabian-football-in-real-madrid-draw",
    "ord_in_thread": 0,
    "author": "Gary Meenaghan",
    "published": "2025-06-19T05:49:00.000+03:00",
    "title": "Al Hilal show 'power and potential of Saudi Arabian football' in Real Madrid draw | The National",
    "text": "On the eve of Wednesday's Fifa Club World Cup tie between Al Hilal and Real Madrid, amid the Art Deco diners that line Miami’s South Beach reminiscent of something out of Back to the Future, two men sat debating football in front of a baby blue Cadillac.\nBoth dressed in Al Hilal shirts, both having arrived from Riyadh the previous evening, the pair couldn’t agree on their side’s hopes of toppling the European behemoth that is Real Madrid. One gave his side a “less than zero” chance of victory, while the other clung to the idea that “nothing is impossible”. Yet they agreed on one thing: The result was immaterial, they were here for a week of fun. And they were not alone.\nAl Hilal took over South Beach ahead of the match, which proved an enjoyable 1-1 draw as the perceived impossible was almost realised by an impressive Saudi side that at times completely dominated their illustrious Spanish opponents in the blistering 32ºC heat. Hookah cafes, Hilal tops, and an expansive fan fest that proved so popular prizes ran dry. So too did the nearby sportswear store, which stuck a sign up in its window: “Al Hilal Sold Out Sorry :)”.\nYet inside the Hard Rock Stadium, it was a different story. Fifa is well aware of the biggest draw of its new 32-team Club World Cup. During the opening ceremony earlier this week, its camera lingered uncomfortably on only one club crest: That of the 15-time European champions. And, despite the local organising committee's army of volunteers clad in Hilal-style blue, the stadium was a white hot sea of Madrid shirts.\nUnsurprising given the temperature, regrettable 3pm kick-off time, and lack of a flux capacitor, there was to be no throwback to the 2022 Club World Cup final when Madrid beat Hilal 5-3. Yet at times this was as much a Madrid performance as we have grown to expect in recent years – riding their luck for large periods, before finding a goal against the run of play. In the end, perhaps the only surprise was they failed to capitalise on a penalty to snare all three points.\nWith new\nMadrid coach Xabi Alonso handing debuts to both Dean Huijsen and Trent Alexander-Arnold on the right-side of defence, the new-look back-line had appeared shaky. Hilal, also marking their first match under a new coach in Simone Inzaghi, came close to scoring early on through Sergej Milinkovic-Savic and Marcos Leonardo, before left-back Renan Lodi slid the ball past Thibaut Courtois only to see it ruled offside.\n“We got to see the true level of our team today,” Lodi said. “We were playing against a club that has dominated Europe, won Champions Leagues, but we held our own. For this, I am very happy. Soon, I’ll have been at Hilal for two years and I think everyone is seeing now that we too can play great football. Madrid is a team of the highest level, but we showed the power and potential of Saudi Arabian football.”\nWatched on by Grammy Award-winning Palestinian-American record producer DJ Khaled, Hilal indeed looked perfectly at home, dominating possession for large spells. Yet the old habits of Madrid are not yet ready to fade like a family photograph, and it was the Spanish side who typically took the lead against the run of play. Rodrygo picked out Fran Garcia, whose first-time finish struck his own planted foot and floated over goalkeeper Yassine Bounou. Hard luck in the Hard Rock for the ever-popular “Bono”.\nUnperturbed, Hilal continued to plug away. Captain Salem Al Dawsari proving a constant threat on the left. The 2021 AFC Asian League winners levelled the tie just before half time when Raul Asencio was judged to manhandle Leonardo in the box and Ruben Neves made no mistake from the spot. They could have added a second soon after too through Al Dawsari, but his well-worked shot took a deflection and curled wide.\nMadrid grew into the game, with Vinicius Jr exploiting the space behind Joao Cancelo before Inzaghi made a switch – though not before substitute Arda Guler and Gonzalo Garcia both tested Bono.\n“There are some positives to take from the match, especially in the second half,” said Alexander-Arnold. “The coach told us at half time we needed to dominate the ball more. In these games, especially in this heat, you need to dominate the ball otherwise you are chasing shadows.”\nHilal managed only two shots in the second half but they were well deserving of a point. It appeared a cruel twist then when Argentine referee Facundo Tello, after an on-field review, awarded a penalty for Mohammed Al Qahtani’s clumsy arm connecting with the mouth of Fran Garcia.\nBono came to the rescue, throwing himself down to save both Federico Valverde’s penalty and what could be a crucial point in the quest to progress to the knock-out stages.\n“This was a great test for us,” said Joao Cancelo. “We were able to compete against one of the best teams in the world, but it’s very difficult. To play against Rodrygo, [Jude] Bellingham, [Luka] Modric, Valverde … We competed well and can be proud.”",
    "highlightText": "",
    "highlightTitle": "",
    "highlightThreadTitle": "",
    "language": "english",
    "sentiment": "positive",
    "categories": [
        "Sport",
        "Human Interest",
        "Lifestyle and Leisure"
    ],
    "topics": [
        "Sport->soccer",
        "Sport->sport achievement",
        "Sport->sport event",
        "Human Interest->record and achievement",
        "Lifestyle and Leisure->club and association",
        "Lifestyle and Leisure->game"
    ],
    "ai_allow": true,
    "has_canonical": false,
    "breaking": null,
    "webz_reporter": false,
    "external_links": [],
    "entities": {
        "persons": [
            {
                "name": "Al Hilal",
                "sentiment": "positive"
            }
        ],
        "locations": [
            {
                "name": "South Beach",
                "sentiment": "none"
            }
        ],
        "organizations": [
            {
                "name": "Real Madrid",
                "sentiment": "positive",
                "tickers": []
            }
        ]
    },
    "syndication": {
        "syndicated": false,
        "syndicate_id": "7b06b642413909ce5bf728711d70aaceb70fa9a3",
        "first_syndicated": true
    },
    "trust": {
        "categories": [
            "fake_news"
        ],
        "top_news": [],
        "bias": "center"
    },
    "rating": null,
    "crawled": "2025-06-19T07:16:53.996+03:00",
    "updated": "2025-06-19T04:22:37.000+00:00"
}