{
    "thread": {
        "uuid": "c9e264252ec55bc40792069c7ce5984af4d8b408",
        "url": "https://www.youtube.com/watch?v=Zc0w_8t6EJE",
        "site_full": "www.youtube.com",
        "site": "youtube.com",
        "site_section": "https://rss.app/feeds/_02osag5eijhsgyy0.xml",
        "site_categories": [
            "television",
            "",
            "entertainment",
            "war, conflict and unrest",
            "arts, culture and entertainment",
            "economy, business and finance",
            "crime, law and justice",
            "politics",
            "sport"
        ],
        "section_title": "News Review - 10.12.24 - 241 Feeds Update",
        "site_title": "YouTube",
        "title": "Nick Reiner was 'off the rails' at time of killings due to new meds: TMZ sources | Banfield",
        "title_full": "Nick Reiner was 'off the rails' at time of killings due to new meds: TMZ sources | Banfield",
        "published": "2026-01-08T06:30:00.000+02:00",
        "replies_count": 26,
        "participants_count": 26,
        "site_type": "news",
        "country": "US",
        "main_image": "https://i.ytimg.com/vi/Zc0w_8t6EJE/hqdefault.jpg",
        "performance_score": 0,
        "domain_rank": 9,
        "domain_rank_updated": "2026-01-04T23:00:00.000+02:00",
        "licensing_agency": [],
        "social": {
            "facebook": {
                "likes": 0,
                "comments": 0,
                "shares": 0
            },
            "vk": {
                "shares": 0
            }
        }
    },
    "uuid": "3305960584d36e6944d21ddc0f837b7b10b9b23c",
    "url": "https://www.youtube.com/watch?v=Zc0w_8t6EJE#post-14",
    "ord_in_thread": 14,
    "author": "@wanasong5611",
    "published": "2026-01-08T06:55:00.000+02:00",
    "title": "",
    "text": "Is TMZ even to 'BELIEVED' anymore?",
    "highlightText": "",
    "highlightTitle": "",
    "highlightThreadTitle": "",
    "language": "english",
    "sentiment": null,
    "categories": null,
    "topics": null,
    "ai_allow": true,
    "has_canonical": false,
    "breaking": null,
    "webz_reporter": false,
    "external_links": null,
    "external_images": null,
    "internal_images": null,
    "entities": {
        "persons": [],
        "locations": [],
        "organizations": []
    },
    "syndication": {
        "syndicated": false,
        "syndicate_id": null,
        "first_syndicated": false
    },
    "trust": {
        "categories": [
            "fake_news"
        ],
        "top_news": [],
        "bias": "left",
        "source": {
            "type": null,
            "city": null,
            "state": null,
            "country": null,
            "domain_type": null,
            "agency": null,
            "organization_name": null
        }
    },
    "rating": null,
    "crawled": "2026-01-08T07:21:52.519+02:00",
    "updated": "2026-01-08T07:21:52.519+02:00"
}