{
    "thread": {
        "uuid": "ce2f74da9acd09380ec734705b66d5cd2e7d6785",
        "url": "https://www.youtube.com/watch?v=xlbGMFMnCDQ",
        "site_full": "www.youtube.com",
        "site": "youtube.com",
        "site_section": "https://feeder.co/out/folder/b56555f848.rss",
        "site_categories": [
            "television",
            "",
            "entertainment",
            "war, conflict and unrest",
            "arts, culture and entertainment",
            "economy, business and finance",
            "crime, law and justice",
            "politics",
            "sport"
        ],
        "section_title": "Video Channels",
        "site_title": "YouTube",
        "title": "Lawrence: Video of deadly Minneapolis ICE shooting exposes Trump & Noem's lies",
        "title_full": "Lawrence: Video of deadly Minneapolis ICE shooting exposes Trump & Noem's lies",
        "published": "2026-01-08T06:45:00.000+02:00",
        "replies_count": 99,
        "participants_count": 96,
        "site_type": "news",
        "country": "US",
        "main_image": "https://i.ytimg.com/vi/xlbGMFMnCDQ/maxresdefault.jpg",
        "performance_score": 0,
        "domain_rank": 9,
        "domain_rank_updated": "2026-01-04T23:00:00.000+02:00",
        "licensing_agency": [],
        "social": {
            "facebook": {
                "likes": 0,
                "comments": 0,
                "shares": 0
            },
            "vk": {
                "shares": 0
            }
        }
    },
    "uuid": "671e1d6f682385a0343a9caa3139175ec95eabd4",
    "url": "https://www.youtube.com/watch?v=xlbGMFMnCDQ#post-90",
    "ord_in_thread": 90,
    "author": "@selwyn500",
    "published": "2026-01-08T07:19:00.000+02:00",
    "title": "",
    "text": "Will trump be called out on his lies?",
    "highlightText": "",
    "highlightTitle": "",
    "highlightThreadTitle": "",
    "language": "english",
    "sentiment": null,
    "categories": null,
    "topics": null,
    "ai_allow": true,
    "has_canonical": false,
    "breaking": null,
    "webz_reporter": false,
    "external_links": null,
    "external_images": null,
    "internal_images": null,
    "entities": {
        "persons": [],
        "locations": [],
        "organizations": []
    },
    "syndication": {
        "syndicated": false,
        "syndicate_id": null,
        "first_syndicated": false
    },
    "trust": {
        "categories": [
            "fake_news"
        ],
        "top_news": [],
        "bias": "left",
        "source": {
            "type": null,
            "city": null,
            "state": null,
            "country": null,
            "domain_type": null,
            "agency": null,
            "organization_name": null
        }
    },
    "rating": null,
    "crawled": "2026-01-08T07:20:04.835+02:00",
    "updated": "2026-01-08T07:20:04.835+02:00"
}