{
    "thread": {
        "uuid": "d2acdade542f2f94f143f86f6e812ee5e7eb2d20",
        "url": "https://www.youtube.com/watch?v=d3hEdWqQW80",
        "site_full": "www.youtube.com",
        "site": "youtube.com",
        "site_section": "https://rss.app/feeds/_02osag5eijhsgyy0.xml",
        "site_categories": [
            "television",
            "",
            "entertainment",
            "war, conflict and unrest",
            "arts, culture and entertainment",
            "economy, business and finance",
            "crime, law and justice",
            "politics",
            "sport"
        ],
        "section_title": "News Review - 10.12.24 - 241 Feeds Update",
        "site_title": "YouTube",
        "title": "FULL GAME HIGHLIGHTS: ORLANDO MAGIC VS. BROOKLYN NETS 1.07.26",
        "title_full": "FULL GAME HIGHLIGHTS: ORLANDO MAGIC VS. BROOKLYN NETS 1.07.26",
        "published": "2026-01-08T05:46:00.000+02:00",
        "replies_count": 1,
        "participants_count": 2,
        "site_type": "news",
        "country": "US",
        "main_image": "https://i.ytimg.com/vi/d3hEdWqQW80/hqdefault.jpg",
        "performance_score": 0,
        "domain_rank": 9,
        "domain_rank_updated": "2026-01-04T23:00:00.000+02:00",
        "licensing_agency": [],
        "social": {
            "facebook": {
                "likes": 0,
                "comments": 0,
                "shares": 0
            },
            "vk": {
                "shares": 0
            }
        }
    },
    "uuid": "9617c7c2b5a7c30c32fa689ba85a392464278cd4",
    "url": "https://www.youtube.com/watch?v=d3hEdWqQW80#post-1",
    "ord_in_thread": 1,
    "author": "@HeyItzDart_YT",
    "published": "2026-01-08T05:49:00.000+02:00",
    "title": "",
    "text": "Magic blew a lead to allow the Nets to make an comeback, until overtime came & the Magic avoided an upset to happen by the Nets thanks to a game winner (3-pointer) from Magic",
    "highlightText": "",
    "highlightTitle": "",
    "highlightThreadTitle": "",
    "language": "english",
    "sentiment": null,
    "categories": null,
    "topics": null,
    "ai_allow": true,
    "has_canonical": false,
    "breaking": null,
    "webz_reporter": false,
    "external_links": null,
    "external_images": null,
    "internal_images": null,
    "entities": {
        "persons": [],
        "locations": [],
        "organizations": []
    },
    "syndication": {
        "syndicated": false,
        "syndicate_id": null,
        "first_syndicated": false
    },
    "trust": {
        "categories": [
            "fake_news"
        ],
        "top_news": [],
        "bias": "left",
        "source": {
            "type": null,
            "city": null,
            "state": null,
            "country": null,
            "domain_type": null,
            "agency": null,
            "organization_name": null
        }
    },
    "rating": null,
    "crawled": "2026-01-08T07:21:47.207+02:00",
    "updated": "2026-01-08T07:21:47.207+02:00"
}