{
    "thread": {
        "uuid": "4e1ae4dc9612bf249221e4e5470cb91554d87c31",
        "url": "https://www.youtube.com/supported_browsers?next_url=https://www.youtube.com/watch?v=AEq8PLKV_60",
        "site_full": "www.youtube.com",
        "site": "youtube.com",
        "site_section": "https://feeder.co/out/folder/b56555f848.rss",
        "site_categories": [
            "television",
            "",
            "entertainment",
            "war, conflict and unrest",
            "arts, culture and entertainment",
            "economy, business and finance",
            "crime, law and justice",
            "politics",
            "sport"
        ],
        "section_title": "Video Channels",
        "site_title": "YouTube",
        "title": "Hegseth Grilled On Maduro Abduction; War Secy Loses Cool, Attacks CNN Reporter In Tense Exchange",
        "title_full": "Hegseth Grilled On Maduro Abduction; War Secy Loses Cool, Attacks CNN Reporter In Tense Exchange",
        "published": "2026-01-08T11:00:00.000+02:00",
        "replies_count": 11,
        "participants_count": 12,
        "site_type": "news",
        "country": "US",
        "main_image": "",
        "performance_score": 0,
        "domain_rank": 9,
        "domain_rank_updated": "2026-01-04T23:00:00.000+02:00",
        "licensing_agency": [],
        "social": {
            "facebook": {
                "likes": 0,
                "comments": 0,
                "shares": 0
            },
            "vk": {
                "shares": 0
            }
        }
    },
    "uuid": "f93da68677ab9a05115186696b75d38f6712fd4a",
    "url": "https://www.youtube.com/supported_browsers?next_url=https://www.youtube.com/watch?v=AEq8PLKV_60#post-10",
    "ord_in_thread": 10,
    "author": "@mengreat6982",
    "published": "2026-01-08T07:19:51.508+02:00",
    "title": "",
    "text": "*_Oligarch's cartel rules US !_*",
    "highlightText": "",
    "highlightTitle": "",
    "highlightThreadTitle": "",
    "language": "english",
    "sentiment": null,
    "categories": null,
    "topics": null,
    "ai_allow": true,
    "has_canonical": false,
    "breaking": null,
    "webz_reporter": false,
    "external_links": null,
    "external_images": null,
    "internal_images": null,
    "entities": {
        "persons": [],
        "locations": [],
        "organizations": []
    },
    "syndication": {
        "syndicated": false,
        "syndicate_id": null,
        "first_syndicated": false
    },
    "trust": {
        "categories": [
            "fake_news"
        ],
        "top_news": [],
        "bias": "left",
        "source": {
            "type": null,
            "city": null,
            "state": null,
            "country": null,
            "domain_type": null,
            "agency": null,
            "organization_name": null
        }
    },
    "rating": null,
    "crawled": "2026-01-08T07:19:51.508+02:00",
    "updated": "2026-01-08T07:19:51.508+02:00"
}