{
    "thread": {
        "uuid": "d4059d812e75572917d112c2bf4b68d1ae515d6b",
        "url": "https://www.thegatewaypundit.com/2025/04/new-fbi-demotes-agents-photographed-taking-knee-blm",
        "site_full": "www.thegatewaypundit.com",
        "site": "thegatewaypundit.com",
        "site_section": "https://world.einnews.com/ajax/headlines",
        "site_categories": [
            "social",
            "top_news_us",
            "top_news"
        ],
        "section_title": "",
        "site_title": "The Gateway Pundit",
        "title": "NEW: FBI Demotes Agents Photographed Taking a Knee For BLM During George Floyd Riots | The Gateway Pundit | by Cristina Laila",
        "title_full": "NEW: FBI Demotes Agents Photographed Taking a Knee For BLM During George Floyd Riots | The Gateway Pundit | by Cristina Laila",
        "published": "2025-05-01T00:00:00.000+03:00",
        "replies_count": 100,
        "participants_count": 77,
        "site_type": "news",
        "country": "US",
        "main_image": "https://www.thegatewaypundit.com/wp-content/uploads/2025/04/fbi-knee-1200x630.jpg",
        "performance_score": 0,
        "domain_rank": 5830,
        "domain_rank_updated": "2025-04-22T00:00:00.000+03:00",
        "licensing_agency": [],
        "social": {
            "facebook": {
                "likes": 0,
                "comments": 0,
                "shares": 0
            },
            "vk": {
                "shares": 0
            }
        }
    },
    "uuid": "b245ea778a0ce7bfa12852481975cf8a9c0da0e3",
    "url": "https://www.thegatewaypundit.com/2025/04/new-fbi-demotes-agents-photographed-taking-knee-blm#post-69",
    "ord_in_thread": 69,
    "author": "Timmi",
    "published": "2025-05-01T00:12:00.000+03:00",
    "title": "",
    "text": "demotes? should be fired",
    "highlightText": "",
    "highlightTitle": "",
    "highlightThreadTitle": "",
    "language": "english",
    "sentiment": null,
    "categories": null,
    "topics": null,
    "ai_allow": true,
    "has_canonical": false,
    "breaking": true,
    "webz_reporter": false,
    "external_links": null,
    "entities": {
        "persons": [],
        "locations": [],
        "organizations": []
    },
    "syndication": {
        "syndicated": false,
        "syndicate_id": null,
        "first_syndicated": false
    },
    "trust": {
        "categories": [
            "fake_news"
        ],
        "bias": null,
        "source": {
            "type": null,
            "city": null,
            "state": null,
            "country": null,
            "domain_type": null,
            "agency": null,
            "organization_name": null
        }
    },
    "rating": null,
    "crawled": "2025-05-01T01:01:48.515+03:00",
    "updated": "2025-05-01T01:01:48.515+03:00"
}