{
    "thread": {
        "uuid": "e9bd17de5b9a971ef9cacee4826e18de3e9e8173",
        "url": "https://birobidzhan-news.net/society/2025/05/01/158074.html",
        "site_full": "birobidzhan-news.net",
        "site": "birobidzhan-news.net",
        "site_section": "https://birobidzhan-news.net/sport",
        "site_categories": [],
        "section_title": "Спорт - Лента новостей Биробиджана",
        "site_title": "Лента новостей Биробиджана",
        "title": "Доброе утро, Еврейская автономная область! - Лента новостей Биробиджана",
        "title_full": "Доброе утро, Еврейская автономная область! - Лента новостей Биробиджана",
        "published": "2025-05-01T01:09:00.000+03:00",
        "replies_count": 0,
        "participants_count": 1,
        "site_type": "news",
        "country": "RU",
        "main_image": "https://birobidzhan-news.net/img/20250501/6bef49922a7c3b5188ccfe03455e7c46_o.jpg",
        "performance_score": 0,
        "domain_rank": null,
        "domain_rank_updated": null,
        "licensing_agency": [],
        "social": {
            "facebook": {
                "likes": 0,
                "comments": 0,
                "shares": 0
            },
            "vk": {
                "shares": 0
            }
        }
    },
    "uuid": "e9bd17de5b9a971ef9cacee4826e18de3e9e8173",
    "url": "https://birobidzhan-news.net/society/2025/05/01/158074.html",
    "ord_in_thread": 0,
    "author": "РИА Биробиджан",
    "published": "2025-05-01T01:09:00.000+03:00",
    "title": "Доброе утро, Еврейская автономная область! - Лента новостей Биробиджана",
    "text": "Доброе утро, Еврейская автономная область!\nВ Биробиджане пасмурно, возможен дождь.Температура воздуха ночью до + 7°С, днём до + 16 градусов.\nВ Ленинском температура воздуха днем до + 15 градусов.\nВ Амурзете до + 12 градусов.\nВ Смидовиче до + 17°С.\nВ Облучье до +9°С.\nПартнёр прогноза погоды ресторан «Симха».",
    "highlightText": "",
    "highlightTitle": "",
    "highlightThreadTitle": "",
    "language": "russian",
    "sentiment": null,
    "categories": null,
    "topics": null,
    "ai_allow": true,
    "has_canonical": false,
    "breaking": false,
    "webz_reporter": false,
    "external_links": [],
    "entities": {
        "persons": [],
        "locations": [],
        "organizations": []
    },
    "syndication": {
        "syndicated": null,
        "syndicate_id": null,
        "first_syndicated": false
    },
    "trust": {
        "categories": [
            "fake_news"
        ],
        "bias": null,
        "source": {
            "type": null,
            "city": null,
            "state": null,
            "country": null,
            "domain_type": null,
            "agency": null,
            "organization_name": null
        }
    },
    "rating": null,
    "crawled": "2025-05-01T01:13:25.940+03:00",
    "updated": "2025-05-01T01:13:25.940+03:00"
}