{
    "thread": {
        "uuid": "b2dac2d499b599898c40067f55e4c481296dcc37",
        "url": "https://www.newsbreak.com/khou-524534/4412390595898-houston-area-lucky-lottery-stop-sees-long-lines-as-1-7b-powerball-jackpot-peaks",
        "site_full": "www.newsbreak.com",
        "site": "newsbreak.com",
        "site_section": "https://www.newsbreak.com/bay-city-tx",
        "site_categories": [
            "under_construction"
        ],
        "section_title": "Bay City, TX Local News and More | NewsBreak",
        "site_title": "NewsBreak: Local News &amp; Alerts",
        "title": "Houston-area 'lucky' lottery stop sees long lines as $1.7B Powerball Jackpot peaks - NewsBreak",
        "title_full": "Houston-area 'lucky' lottery stop sees long lines as $1.7B Powerball Jackpot peaks - NewsBreak",
        "published": "2025-12-25T01:44:00.000+02:00",
        "replies_count": 0,
        "participants_count": 1,
        "site_type": "news",
        "country": "US",
        "main_image": "https://img.particlenews.com/img/id/1TmF6E_17a17u2e00",
        "performance_score": 0,
        "domain_rank": 2819,
        "domain_rank_updated": "2025-12-21T23:00:00.000+02:00",
        "licensing_agency": [],
        "social": {
            "facebook": {
                "likes": 0,
                "comments": 0,
                "shares": 0
            },
            "vk": {
                "shares": 0
            }
        }
    },
    "uuid": "b2dac2d499b599898c40067f55e4c481296dcc37",
    "url": "https://www.newsbreak.com/khou-524534/4412390595898-houston-area-lucky-lottery-stop-sees-long-lines-as-1-7b-powerball-jackpot-peaks",
    "ord_in_thread": 0,
    "author": "KHOU",
    "published": "2025-12-25T01:44:00.000+02:00",
    "title": "Houston-area 'lucky' lottery stop sees long lines as $1.7B Powerball Jackpot peaks - NewsBreak",
    "text": "5 hours ago ROSENBERG, Texas — With the Powerball jackpot soaring to an estimated $1.7 billion on Christmas Eve, long lines formed at Lucky Rudy's in Rosenberg — a lottery stop many in the Houston area consider a \"lucky\" store because it has sold winning tickets in the past. Inside the... Read full article\nRead in NewsBreak",
    "highlightText": "",
    "highlightTitle": "",
    "highlightThreadTitle": "",
    "language": "english",
    "sentiment": "positive",
    "categories": [
        "Economy, Business and Finance"
    ],
    "topics": null,
    "ai_allow": true,
    "has_canonical": false,
    "breaking": null,
    "webz_reporter": false,
    "external_links": [],
    "external_images": [],
    "internal_images": [],
    "entities": {
        "persons": [],
        "locations": [],
        "organizations": []
    },
    "syndication": {
        "syndicated": false,
        "syndicate_id": null,
        "first_syndicated": false
    },
    "trust": {
        "categories": [
            "fake_news"
        ],
        "top_news": [],
        "bias": "center",
        "source": {
            "type": "local_news",
            "city": [
                "Bay City"
            ],
            "state": [
                "Texas"
            ],
            "country": [
                "US"
            ],
            "domain_type": null,
            "agency": null,
            "organization_name": null
        }
    },
    "rating": null,
    "crawled": "2025-12-25T07:25:04.703+02:00",
    "updated": "2025-12-25T07:26:37.000+02:00"
}