{
    "thread": {
        "uuid": "f5d59ec3f952b587002cc9aacb8c0449344e874d",
        "url": "https://piter-news.net/society/2025/12/25/716557.html",
        "site_full": "piter-news.net",
        "site": "piter-news.net",
        "site_section": "https://piter-news.net/",
        "site_categories": [
            "media"
        ],
        "section_title": "Лента новостей Санкт-Петербурга",
        "site_title": "Лента новостей Санкт-Петербурга",
        "title": "За сутки в Ленобласти потушено девять пожаров - Лента новостей Санкт-Петербурга",
        "title_full": "За сутки в Ленобласти потушено девять пожаров - Лента новостей Санкт-Петербурга",
        "published": "2025-12-25T07:13:00.000+02:00",
        "replies_count": 0,
        "participants_count": 1,
        "site_type": "news",
        "country": "RU",
        "main_image": "https://piter-news.net/img/20251225/a6332fb96aa5b6328f26753466957f8c_o.jpg",
        "performance_score": 0,
        "domain_rank": null,
        "domain_rank_updated": null,
        "licensing_agency": [],
        "social": {
            "facebook": {
                "likes": 0,
                "comments": 0,
                "shares": 0
            },
            "vk": {
                "shares": 0
            }
        }
    },
    "uuid": "f5d59ec3f952b587002cc9aacb8c0449344e874d",
    "url": "https://piter-news.net/society/2025/12/25/716557.html",
    "ord_in_thread": 0,
    "author": "ЛенТВ24",
    "published": "2025-12-25T07:13:00.000+02:00",
    "title": "За сутки в Ленобласти потушено девять пожаров - Лента новостей Санкт-Петербурга",
    "text": "За прошедшие сутки подразделения территориального пожарно-спасательного гарнизона Ленобласти выезжали на 12 происшествий. По данным регионального МЧС, было ликвидировано девять пожаров. Работали 72 огнеборца, задействовали 18 единиц техники. Спасены жизни десяти человек.\nТакже ликвидированы последствия трех ДТП. Привлекалось 12 человек личного состава и три единицы техники. Спасено два человека.",
    "highlightText": "",
    "highlightTitle": "",
    "highlightThreadTitle": "",
    "language": "russian",
    "sentiment": null,
    "categories": null,
    "topics": null,
    "ai_allow": true,
    "has_canonical": false,
    "breaking": false,
    "webz_reporter": false,
    "external_links": [],
    "external_images": [],
    "internal_images": [],
    "entities": {
        "persons": [],
        "locations": [],
        "organizations": []
    },
    "syndication": {
        "syndicated": null,
        "syndicate_id": null,
        "first_syndicated": false
    },
    "trust": {
        "categories": [
            "fake_news"
        ],
        "top_news": [],
        "bias": null,
        "source": {
            "type": null,
            "city": null,
            "state": null,
            "country": null,
            "domain_type": null,
            "agency": null,
            "organization_name": null
        }
    },
    "rating": null,
    "crawled": "2025-12-25T07:32:53.047+02:00",
    "updated": "2025-12-25T07:32:53.047+02:00"
}