{
    "thread": {
        "uuid": "9e9ecdb4ae51f3ed4b55e388bf7d8c5087a19f97",
        "url": "https://www.newsbreak.com/news/4412491983863-icymi-photo-tour-first-look-inside-the-arthur-new-high-end-apartments-in-downtown-boise",
        "site_full": "www.newsbreak.com",
        "site": "newsbreak.com",
        "site_section": "https://www.newsbreak.com/boise-id",
        "site_categories": [
            "under_construction"
        ],
        "section_title": "Boise, ID Local News and More | NewsBreak",
        "site_title": "NewsBreak: Local News &amp; Alerts",
        "title": "ICYMI: Photo tour: First look inside The Arthur, new high-end apartments in Downtown, Boise - NewsBreak",
        "title_full": "ICYMI: Photo tour: First look inside The Arthur, new high-end apartments in Downtown, Boise - NewsBreak",
        "published": "2025-12-25T04:00:00.000+02:00",
        "replies_count": 0,
        "participants_count": 1,
        "site_type": "news",
        "country": "US",
        "main_image": "https://img.particlenews.com/img/id/3hzM8N_17a7ZN0Q00",
        "performance_score": 0,
        "domain_rank": 2819,
        "domain_rank_updated": "2025-12-21T23:00:00.000+02:00",
        "licensing_agency": [],
        "social": {
            "facebook": {
                "likes": 0,
                "comments": 0,
                "shares": 0
            },
            "vk": {
                "shares": 0
            }
        }
    },
    "uuid": "9e9ecdb4ae51f3ed4b55e388bf7d8c5087a19f97",
    "url": "https://www.newsbreak.com/news/4412491983863-icymi-photo-tour-first-look-inside-the-arthur-new-high-end-apartments-in-downtown-boise",
    "ord_in_thread": 0,
    "author": "Don Day - BoiseDev Editor",
    "published": "2025-12-25T04:00:00.000+02:00",
    "title": "ICYMI: Photo tour: First look inside The Arthur, new high-end apartments in Downtown, Boise - NewsBreak",
    "text": "By Don Day - BoiseDev Editor ,\n3 hours ago The BoiseDev team is off for the holiday break. (We’ll keep an eye out for any major breaking stories.) While our team enjoys some downtime, we bring you a few stories you might have missed this year. A note that some stories may have new updates since the original date of publication. Have something we should know? Email us. Read full article\nRead in NewsBreak 1",
    "highlightText": "",
    "highlightTitle": "",
    "highlightThreadTitle": "",
    "language": "english",
    "sentiment": "neutral",
    "categories": [
        "Lifestyle and Leisure"
    ],
    "topics": [
        "Lifestyle and Leisure->travel and tourism",
        "Lifestyle and Leisure->house and home"
    ],
    "ai_allow": true,
    "has_canonical": false,
    "breaking": null,
    "webz_reporter": false,
    "external_links": [],
    "external_images": [],
    "internal_images": [],
    "entities": {
        "persons": [],
        "locations": [
            {
                "name": "Boise",
                "sentiment": "none"
            }
        ],
        "organizations": []
    },
    "syndication": {
        "syndicated": false,
        "syndicate_id": null,
        "first_syndicated": false
    },
    "trust": {
        "categories": [
            "fake_news"
        ],
        "top_news": [],
        "bias": "center",
        "source": {
            "type": "local_news",
            "city": [
                "Boise"
            ],
            "state": [
                "Idaho"
            ],
            "country": [
                "US"
            ],
            "domain_type": null,
            "agency": null,
            "organization_name": null
        }
    },
    "rating": null,
    "crawled": "2025-12-25T07:29:08.959+02:00",
    "updated": "2025-12-25T07:33:02.000+02:00"
}