{
    "thread": {
        "uuid": "bc62935ca1bd1ad6f7550289a2be0318fdcb79d5",
        "url": "https://hindi.news18.com/photogallery/lifestyle/tips-and-tricks-kitchen-garden-tips-how-to-plan-marigold-rose-hibiscus-plants-local18-9996812.html",
        "site_full": "hindi.news18.com",
        "site": "news18.com",
        "site_section": "https://hindi.news18.com/amp",
        "site_categories": [
            "tech",
            "top_news_in",
            "top_news_ph",
            "top_news_pk",
            "top_news_ae",
            "top_news_qa",
            "top_news_sg",
            "top_news_sa",
            "top_news_kw",
            "top_news"
        ],
        "section_title": "Hindi News: Hindi Samachar, Hindi News Live TV, India News in Hindi, हिंदी न्यूज़ लाइव, हिन्दी समाचार - News18 Hindi",
        "site_title": "News: Get Latest News Today, Breaking News, Top News Headlines, India and World News | News18",
        "title": "गार्डनिंग टिप्स : पहली बार बागवानी कर रहे हैं? इन आसान उपायों से घर का बगीचा बनेगा आकर्षक",
        "title_full": "गार्डनिंग टिप्स : पहली बार बागवानी कर रहे हैं? इन आसान उपायों से घर का बगीचा बनेगा आकर्षक",
        "published": "2025-12-25T07:20:00.000+02:00",
        "replies_count": 0,
        "participants_count": 1,
        "site_type": "news",
        "country": "IN",
        "main_image": "https://images.news18.com/ibnkhabar/uploads/2025/12/HYP_5661917_cropped_25122025_094220_img20251225wa0005_watermar_1-16x9.jpg",
        "performance_score": 0,
        "domain_rank": 3556,
        "domain_rank_updated": "2025-12-21T23:00:00.000+02:00",
        "licensing_agency": [],
        "social": {
            "facebook": {
                "likes": 0,
                "comments": 0,
                "shares": 0
            },
            "vk": {
                "shares": 0
            }
        }
    },
    "uuid": "bc62935ca1bd1ad6f7550289a2be0318fdcb79d5",
    "url": "https://hindi.news18.com/photogallery/lifestyle/tips-and-tricks-kitchen-garden-tips-how-to-plan-marigold-rose-hibiscus-plants-local18-9996812.html",
    "ord_in_thread": 0,
    "author": "@news18india",
    "published": "2025-12-25T07:20:00.000+02:00",
    "title": "गार्डनिंग टिप्स : पहली बार बागवानी कर रहे हैं? इन आसान उपायों से घर का बगीचा बनेगा आकर्षक",
    "text": "गार्डनिंग टिप्स : पहली बार बागवानी कर रहे हैं? इन आसान उपायों से घर का बगीचा बनेगा आकर्षक\nLast Updated:\nKitchen Garden Tips : अगर आप पहली बार बागवानी की शुरुआत कर रहे हैं, तो सही पौधों का चयन, उचित मिट्टी, सही मात्रा में पानी और नियमित देखभाल बेहद जरूरी है. कुछ आसान और व्यावहारिक गार्डनिंग टिप्स अपनाकर आप कम खर्च और कम मेहनत में अपने घर के बगीचे को हरा-भरा और आकर्षक बना सकते हैं.\nविज्ञापन\n1/10\nआप अपने नए घर में शिफ्ट हुई हैं. अब एक छोटा-सा बगीचा भी बनाना चाहती हैं, लेकिन दिक्कत यह है कि बागवानी की आपको बिल्कुल भी जानकारी नहीं है. घर, आंगन को सुंदर और आकर्षक बनाने के लिए फूल-पौधे लगाना एक अच्छा विकल्प होता है. इससे घर की सुंदरता में चार-चांद तो लगते ही हैं, साथ में घर का माहौल भी खुशनुमा बनता है.\n2/10\nदरअसल, पेड़-पौधों से घर के सदस्यों को ताजी हवा मिलती है और उनका स्वास्थ्य अच्छा रहता है, लेकिन परेशानी तब आती है, जब आप पहली बार घर में बगीचा बनाती हैं, लेकिन इसमें घबराने की जरूरत नहीं है. बस, आप बागवानी के छोटे-छोटे उपाय जान लें. इसके बाद आपकी बगिया लहलहाने लगेगी और लोग आपकी तारीफ करेंगे.\nविज्ञापन\n3/10\nअपने बगीचे के लिए ऐसी जगह को चुनें, जहां आपके पौधों को 5 से 6 घंटे सीधी धूप मिल सके, ऐसी जगह पर पौधों को न रखें, जहां तेज हवा आती हो. तेज हवा से आपके पौधे गिर सकते हैं. आप अपना बगीचा ऐसी जगह बनाएं, जहां से आप हर पौधे को आसानी से पानी दे सकें और इन की देखभाल कर सकें.\nAdd News18 as\nPreferred Source on Google\nPreferred Source on Google\n4/10\nबालकनी में बगीचा बनाने के लिए हल्के गमलों का उपयोग करना उचित रहता है. गमले हल्के होने से बालकनी पर उसका वजन ज्यादा नहीं पड़ता है. इसके अलावा हल्के गमलों को एक जगह से दूसरी जगह रखना भी आसान हो जाता है और आप गमले हटाकर साफ-सफाई आसानी से कर सकती हैं. हल्के गमले में पानी की निकासी भी बहुत अच्छे तरीके से होती है.\n5/10\nआप पहली बार बगीचा या गार्डनिंग करने जा रही हैं, तो आपको छोटे पौधों को ही उगाना चाहिए, क्योंकि छोटे पौधे आसानी से उग जाते हैं, उन्हें कम देखरेख की जरूरत होती है, जैसे तुलसी, पुदीना बारहमासी फूल, एलोवेरा, गेंदा, लेट्युस, पालक, मूली आदि.\nविज्ञापन\n6/10\nगमले में उगाए जाने वाले सभी तरह के पौधों की अच्छी बढ़त के लिए उन में नियमित ऑर्गेनिक खाद डालना चाहिए. आप चाहें तो घर में बनी खाद का उपयोग भी कर सकती हैं. गोबर और नीम की खली को एक साथ मिलाकर खाद तैयार कर सकती हैं. नीम की खली में कार्बन, नाइट्रोजन, फॉस्फोरस और पोटैशियम होता है, जो आपके बगीचे के पौधों के लिए बहुत लाभदायक होता है.\n7/10\nअगर आपके बगीचे के पौधों को अच्छी धूप लगती है और हवा भी ठीक लगती रहती है, तो ऐसे में पौधों की मिट्टी भी जल्दी सूख जाती है. इसी कारण से पौधों को एक निश्चित समय पर पानी देना बहुत जरुरी होता है. बालकनी में पौधों को पानी देने के लिए आप वाटरिंग कैन टूल का उपयोग कर सकती हैं. यदि मिट्टी सूखी लगती है, तो पानी देना चाहिए.\n8/10\nआपके पास छोटी जगह है या आपकी बालकनी छोटी है, तो आप हैंगिंग बास्केट का उपयोग करके अपने पौधों को वर्टिकल रूप से उगा सकती हैं, ऐसा करके आप अपने बगीचे की खूबसूरती में चार चांद लगा सकती हैं.\nविज्ञापन\n9/10\nबगीचे या गमलों के पौधों को फंगस के प्रकोप से बचाने के लिए पौधों के पत्तों और मिट्टी पर 15-20 दिन में एक बार नीम के तेल का स्प्रे जरूर करें. स्प्रे करने से कीटों और पानी से पौधों पर जो फंगस लग जाती है, उससे पौधों को बचाया जा सकता है, ऐसा करके आप पौधों को सुरक्षित रख सकती हैं.\n10/10\nअधिक मात्रा में पौधे को पानी देने से गमले के नीचे रखी प्लेट में पानी भर जाता है. इससे पौधे की जड़ खराब होने लगती हैं. पौधे को बचाने के लिए या तो प्लेट को हटा दें या समय-समय पर उसका पानी निकालती रहें.\nन्यूज़18 को गूगल पर अपने पसंदीदा समाचार स्रोत के रूप में जोड़ने के लिए\nयहां क्लिककरें।First Published :\nDecember 25, 2025, 10:50 IST",
    "highlightText": "",
    "highlightTitle": "",
    "highlightThreadTitle": "",
    "language": "hindi",
    "sentiment": "neutral",
    "categories": [
        "Lifestyle and Leisure"
    ],
    "topics": [
        "Lifestyle and Leisure->hobby",
        "Lifestyle and Leisure->house and home"
    ],
    "ai_allow": true,
    "has_canonical": false,
    "breaking": true,
    "webz_reporter": false,
    "external_links": [],
    "external_images": [],
    "internal_images": [],
    "entities": {
        "persons": [],
        "locations": [],
        "organizations": []
    },
    "syndication": {
        "syndicated": null,
        "syndicate_id": null,
        "first_syndicated": false
    },
    "trust": {
        "categories": [
            "fake_news"
        ],
        "top_news": [
            "top_news_in",
            "top_news_ph",
            "top_news_pk",
            "top_news_ae",
            "top_news_qa",
            "top_news_sg",
            "top_news_sa",
            "top_news_kw",
            "top_news"
        ],
        "bias": "center",
        "source": {
            "type": null,
            "city": null,
            "state": null,
            "country": null,
            "domain_type": null,
            "agency": null,
            "organization_name": null
        }
    },
    "rating": null,
    "crawled": "2025-12-25T07:22:48.480+02:00",
    "updated": "2025-12-26T08:06:07.000+02:00"
}