{
    "thread": {
        "uuid": "5f80f5f76a55c2c3a8c7e86ea05d882760e9703d",
        "url": "https://dagestan-news.net/society/2025/12/25/216404.html",
        "site_full": "dagestan-news.net",
        "site": "dagestan-news.net",
        "site_section": "https://dagestan-news.net/rss.xml",
        "site_categories": [],
        "section_title": "Лента новостей Дагестана",
        "site_title": "Лента новостей Дагестана",
        "title": "Минсельхозпрод Дагестана принимает активное участие в акции «Елка желаний»",
        "title_full": "Минсельхозпрод Дагестана принимает активное участие в акции «Елка желаний»",
        "published": "2025-12-25T07:14:00.000+02:00",
        "replies_count": 0,
        "participants_count": 1,
        "site_type": "news",
        "country": "RU",
        "main_image": "https://dagestan-news.net/img/20251225/add9d9dfc5d8100d0f4758e4751ac17d_o.jpg",
        "performance_score": 0,
        "domain_rank": null,
        "domain_rank_updated": null,
        "licensing_agency": [],
        "social": {
            "facebook": {
                "likes": 0,
                "comments": 0,
                "shares": 0
            },
            "vk": {
                "shares": 0
            }
        }
    },
    "uuid": "5f80f5f76a55c2c3a8c7e86ea05d882760e9703d",
    "url": "https://dagestan-news.net/society/2025/12/25/216404.html",
    "ord_in_thread": 0,
    "author": "Дагестанская правда",
    "published": "2025-12-25T07:14:00.000+02:00",
    "title": "Минсельхозпрод Дагестана принимает активное участие в акции «Елка желаний»",
    "text": "24 декабря работники Министерства сельского хозяйства и продовольствия Республики Дагестан, а также подведомственных учреждений, присоединились к благотворительной акции «Елка желаний». Это мероприятие направлено на исполнение новогодних желаний детей, которые мечтают о подарках.\nВ рамках акции каждый из сотрудников министерства взял на себя ответственность исполнить желание конкретного ребенка. Так, начальник управления животноводства Исрапил Гунашев решил сделать приятный сюрприз девятилетнему Саиду, который мечтает получить подарок на Новый год. Начальник управления мелиорации Курбан Курамагомедов также не остался в стороне и пообещал осуществить мечту шестилетней Жарадат, которая хочет получить детскую кухню.\nДиректор Аграрного колледжа в Дагестанских Огнях Маркизат Сулейманова исполнит желание семилетнего Ислама, который мечтает о синтезаторе. Заместитель директора Республиканского управления отгонного животноводства Махмуд Махмудов приготовит подарок-сюрприз для восьмилетнего Гамзата, а руководитель ГКУ РД «Агрострой» Рустам Хабилов также порадует восьмилетнюю Шуайнат, которая жаждет сюрприза.\nМинистр сельского хозяйства и продовольствия Республики Дагестан Шамиль Рамазанов подчеркнул важность данной акции: «Елка желаний» – это уникальная возможность для работников Минсельхозпрода подарить радость и волшебство детям, сделав их новогодние праздники более яркими и запоминающимися».",
    "highlightText": "",
    "highlightTitle": "",
    "highlightThreadTitle": "",
    "language": "russian",
    "sentiment": null,
    "categories": null,
    "topics": null,
    "ai_allow": true,
    "has_canonical": false,
    "breaking": false,
    "webz_reporter": false,
    "external_links": [],
    "external_images": [],
    "internal_images": [],
    "entities": {
        "persons": [],
        "locations": [],
        "organizations": []
    },
    "syndication": {
        "syndicated": null,
        "syndicate_id": null,
        "first_syndicated": false
    },
    "trust": {
        "categories": [
            "fake_news"
        ],
        "top_news": [],
        "bias": null,
        "source": {
            "type": null,
            "city": null,
            "state": null,
            "country": null,
            "domain_type": null,
            "agency": null,
            "organization_name": null
        }
    },
    "rating": null,
    "crawled": "2025-12-25T07:32:32.776+02:00",
    "updated": "2025-12-25T07:32:32.776+02:00"
}