{
    "thread": {
        "uuid": "9a6edf10dc584f8bea68824cfc259140ef2bbedc",
        "url": "https://www.wvnews.com/news/around_the_web/states/marilyn-malesich/article_de4c3055-4990-5e91-960a-f2d6e3778d51.html",
        "site_full": "www.wvnews.com",
        "site": "wvnews.com",
        "site_section": "https://www.wvnews.com/news",
        "site_categories": [
            "media"
        ],
        "section_title": "WV News | wvnews.com",
        "site_title": "WV News Home | WVNEWS, West Virginia's News, INDEPENDENT, TRUSTWORTHY, NEWS, SPORTS, EVENTS",
        "title": "Marilyn Malesich | Around The Web | wvnews.com",
        "title_full": "Marilyn Malesich | Around The Web | wvnews.com",
        "published": "2025-12-25T07:00:00.000+02:00",
        "replies_count": 0,
        "participants_count": 0,
        "site_type": "news",
        "country": "US",
        "main_image": "https://bloximages.chicago2.vip.townnews.com/wvnews.com/content/tncms/custom/image/dd23b0fa-a76a-11ea-b298-6f7943d03f88.jpg",
        "performance_score": 0,
        "domain_rank": 76770,
        "domain_rank_updated": "2025-12-21T23:00:00.000+02:00",
        "licensing_agency": [],
        "social": {
            "facebook": {
                "likes": 0,
                "comments": 0,
                "shares": 0
            },
            "vk": {
                "shares": 0
            }
        }
    },
    "uuid": "9a6edf10dc584f8bea68824cfc259140ef2bbedc",
    "url": "https://www.wvnews.com/news/around_the_web/states/marilyn-malesich/article_de4c3055-4990-5e91-960a-f2d6e3778d51.html",
    "ord_in_thread": 0,
    "author": null,
    "published": "2025-12-25T07:00:00.000+02:00",
    "title": "Marilyn Malesich | Around The Web | wvnews.com",
    "text": "June 30, 1949 - December 22, 2025\nMarilyn Malesich, age 76, of Butte, passed away on December 22, 2025. Services and obituary are pending and will be published and announced when arrangements are finalized. Visit axelsonfuneralhome.com for to offer condolences.",
    "highlightText": "",
    "highlightTitle": "",
    "highlightThreadTitle": "",
    "language": "english",
    "sentiment": "neutral",
    "categories": [
        "Human Interest"
    ],
    "topics": [
        "Human Interest->funeral and memorial service"
    ],
    "ai_allow": true,
    "has_canonical": true,
    "breaking": false,
    "webz_reporter": false,
    "external_links": [
        "http://axelsonfuneralhome.com",
        "http://www.axelsonfuneralhome.com"
    ],
    "external_images": [],
    "internal_images": [],
    "entities": {
        "persons": [
            {
                "name": "Marilyn Malesich",
                "sentiment": "neutral"
            }
        ],
        "locations": [],
        "organizations": []
    },
    "syndication": {
        "syndicated": false,
        "syndicate_id": "9a6edf10dc584f8bea68824cfc259140ef2bbedc",
        "first_syndicated": true
    },
    "trust": {
        "categories": [
            "fake_news"
        ],
        "top_news": [],
        "bias": "center",
        "source": {
            "type": "local_news",
            "city": [
                "West Virginia"
            ],
            "state": [
                "West Virginia"
            ],
            "country": [
                "US"
            ],
            "domain_type": null,
            "agency": null,
            "organization_name": null
        }
    },
    "rating": null,
    "crawled": "2025-12-25T07:18:46.525+02:00",
    "updated": "2025-12-25T07:23:24.000+02:00"
}