{
    "thread": {
        "uuid": "37eb38aaad22775e91a40a86accf5459be9ce001",
        "url": "https://cn.chinadaily.com.cn/a/202507/31/WS688accdda310a07bb590b1ab.html",
        "site_full": "cn.chinadaily.com.cn",
        "site": "chinadaily.com.cn",
        "site_section": "https://world.chinadaily.com.cn",
        "site_categories": [
            "japan",
            "travel"
        ],
        "section_title": "中文资讯 - 中国日报网",
        "site_title": "China Daily Website - Connecting China Connecting the World",
        "title": "中国进出口银行江西省分行召开2025年二季度业务经营分析会 - 中国日报网",
        "title_full": "中国进出口银行江西省分行召开2025年二季度业务经营分析会 - 中国日报网",
        "published": "2025-07-31T04:54:00.000+03:00",
        "replies_count": 0,
        "participants_count": 1,
        "site_type": "news",
        "country": "CN",
        "main_image": "",
        "performance_score": 0,
        "domain_rank": 657,
        "domain_rank_updated": "2025-06-03T00:00:00.000+03:00",
        "licensing_agency": [],
        "social": {
            "facebook": {
                "likes": 0,
                "comments": 0,
                "shares": 0
            },
            "vk": {
                "shares": 0
            }
        }
    },
    "uuid": "37eb38aaad22775e91a40a86accf5459be9ce001",
    "url": "https://cn.chinadaily.com.cn/a/202507/31/WS688accdda310a07bb590b1ab.html",
    "ord_in_thread": 0,
    "author": "global.chinadaily.com.cn",
    "published": "2025-07-31T04:54:00.000+03:00",
    "title": "中国进出口银行江西省分行召开2025年二季度业务经营分析会 - 中国日报网",
    "text": "近日，中国进出口银行江西省分行召开2025年二季度业务经营分析会议，就业务经营、财会运营、风险内控、评审管理等内容进行通报及研判，深入分析总结分行上半年业务经营发展情况，并部署今年下一步工作安排。分行全体员工参加会议。\n会议指出，上半年分行经营发展整体态势良好，政策性业务占比稳步提升，自营性业务持续压降，定价和代理行管理质效提升，取得了一些亮点成效。但必须清醒认识到，分行当前工作距离全年目标仍有不小差距，仍存在项目进度滞后、经营指标未达预期、发展举措推进缓慢、管理顽疾久拖不决等问题。\n分行党委书记、行长庞淑钦传达了总行经营形势分析会精神并进行下半年分行工作部署。一、铸魂党建引领，进一步提高政治站位，时刻牢记“国之大者”，推行“党委统筹-支部攻坚-党员先锋”三级联动模式，引入动态绩效系数规则，确保各项工作部署与中央精神同频共振；二、笃定绩效目标，抓好“双十”拓户工程，抓实缺口指标突围，抓牢政策工具运用，圆满完成全年各项绩效任务目标；三、聚焦业务方向，稳步提升政策性业务，传统信贷和跨境融资平衡发力，重点支持外贸企业及重点产业链上企业、专精特新和“小巨人”企业，为发展新质生产力提供有力金融支持；四、强化保障机制，以发展引领为“中心”聚力，加强前中后台协同，强化人才队伍建设和能力提升，提升分行精细化管理水平、协同作战能力和员工专业素质、履职能力；五、筑牢思想防线，坚守纪律意识“底线”、合规意识“基线”和廉洁意识“红线”，严格落实中央八项规定精神，时刻紧绷纪律之弦，提升信贷业务合规水平，以风清气正的政治生态为改革发展保驾护航。六、分行全体干部员工认真领会总行经营形势分析会精神，锚定目标，鼓足干劲，直面困难，保持慢进则退的忧患意识，继续焕发拼搏进取的奋斗状态和发扬严谨务实的工作作风，同心同向、真抓实干，全力以赴抓好下半年各项工作落实，续写江西分行高质量发展新篇章。\n会议最后举行了分行“两优一先”、“育苗计划”优秀学员导师颁奖仪式。\n【责任编辑：蔡东海】",
    "highlightText": "",
    "highlightTitle": "",
    "highlightThreadTitle": "",
    "language": "chinese",
    "sentiment": "neutral",
    "categories": [
        "Economy, Business and Finance",
        "Politics"
    ],
    "topics": [
        "Economy, Business and Finance->business governance",
        "Economy, Business and Finance->business reporting and performance",
        "Economy, Business and Finance->financial service",
        "Politics->regulation of industry",
        "Politics->government",
        "Politics->economic policy"
    ],
    "ai_allow": true,
    "has_canonical": false,
    "breaking": null,
    "webz_reporter": false,
    "external_links": [],
    "external_images": [],
    "internal_images": [],
    "entities": {
        "persons": [],
        "locations": [],
        "organizations": []
    },
    "syndication": {
        "syndicated": null,
        "syndicate_id": null,
        "first_syndicated": false
    },
    "trust": {
        "categories": [
            "fake_news"
        ],
        "top_news": [],
        "bias": null,
        "source": {
            "type": null,
            "city": null,
            "state": null,
            "country": null,
            "domain_type": null,
            "agency": null,
            "organization_name": null
        }
    },
    "rating": null,
    "crawled": "2025-07-31T07:17:26.858+03:00",
    "updated": "2025-07-31T07:18:12.000+03:00"
}