{
    "thread": {
        "uuid": "71a45402f73aed4a2ed450aca118f9acd7d790f6",
        "url": "https://www.newsbreak.com/news/4146632080141-road-closures-ramp-up-in-west-lafayette-as-city-announces-several-new-projects",
        "site_full": "www.newsbreak.com",
        "site": "newsbreak.com",
        "site_section": "https://www.newsbreak.com/west-lafayette-in",
        "site_categories": [],
        "section_title": "West Lafayette, IN Local News and More | NewsBreak",
        "site_title": "NewsBreak: Local News &amp; Alerts",
        "title": "Road closures ramp up in West Lafayette as city announces several new projects - NewsBreak",
        "title_full": "Road closures ramp up in West Lafayette as city announces several new projects - NewsBreak",
        "published": "2025-07-30T22:39:00.000+03:00",
        "replies_count": 0,
        "participants_count": 1,
        "site_type": "news",
        "country": "US",
        "main_image": "",
        "performance_score": 0,
        "domain_rank": 3213,
        "domain_rank_updated": "2025-06-03T00:00:00.000+03:00",
        "licensing_agency": [],
        "social": {
            "facebook": {
                "likes": 0,
                "comments": 0,
                "shares": 0
            },
            "vk": {
                "shares": 0
            }
        }
    },
    "uuid": "71a45402f73aed4a2ed450aca118f9acd7d790f6",
    "url": "https://www.newsbreak.com/news/4146632080141-road-closures-ramp-up-in-west-lafayette-as-city-announces-several-new-projects",
    "ord_in_thread": 0,
    "author": "Ryan Gage, Star City News",
    "published": "2025-07-30T22:39:00.000+03:00",
    "title": "Road closures ramp up in West Lafayette as city announces several new projects - NewsBreak",
    "text": "Road closures ramp up in West Lafayette as city announces several new projects - NewsBreak",
    "highlightText": "",
    "highlightTitle": "",
    "highlightThreadTitle": "",
    "language": "english",
    "sentiment": "neutral",
    "categories": [
        "Politics",
        "Economy, Business and Finance",
        "Social Issue"
    ],
    "topics": [
        "Politics->local government and authority",
        "Politics->government policy",
        "Economy, Business and Finance->construction and property",
        "Economy, Business and Finance->business strategy and marketing",
        "Economy, Business and Finance->corporate news and profiles",
        "Social Issue->communities",
        "Social Issue->social condition",
        "Social Issue->public housing"
    ],
    "ai_allow": true,
    "has_canonical": false,
    "breaking": null,
    "webz_reporter": false,
    "external_links": [],
    "external_images": [],
    "internal_images": [],
    "entities": {
        "persons": [],
        "locations": [],
        "organizations": []
    },
    "syndication": {
        "syndicated": false,
        "syndicate_id": null,
        "first_syndicated": false
    },
    "trust": {
        "categories": [
            "fake_news"
        ],
        "top_news": [],
        "bias": "center",
        "source": {
            "type": null,
            "city": null,
            "state": null,
            "country": null,
            "domain_type": null,
            "agency": null,
            "organization_name": null
        }
    },
    "rating": null,
    "crawled": "2025-07-31T07:17:27.859+03:00",
    "updated": "2025-07-31T07:20:32.000+03:00"
}