{
    "thread": {
        "uuid": "b4efde61b7834eb5ec5bd9516762d12eb64fac08",
        "url": "https://nalchik-news.net/society/2025/07/31/91207.html",
        "site_full": "nalchik-news.net",
        "site": "nalchik-news.net",
        "site_section": "https://nalchik-news.net/rss/news",
        "site_categories": [],
        "section_title": "Лента новостей Нальчика",
        "site_title": "Лента новостей Нальчика",
        "title": "Горянки покоряют вершины и в спорте и в жизни",
        "title_full": "Горянки покоряют вершины и в спорте и в жизни",
        "published": "2025-07-31T05:38:00.000+03:00",
        "replies_count": 0,
        "participants_count": 1,
        "site_type": "news",
        "country": "RU",
        "main_image": "https://nalchik-news.net/img/20250731/5873fc50a4461311f926aff27010fe94_o.jpg",
        "performance_score": 0,
        "domain_rank": null,
        "domain_rank_updated": null,
        "licensing_agency": [],
        "social": {
            "facebook": {
                "likes": 0,
                "comments": 0,
                "shares": 0
            },
            "vk": {
                "shares": 0
            }
        }
    },
    "uuid": "b4efde61b7834eb5ec5bd9516762d12eb64fac08",
    "url": "https://nalchik-news.net/society/2025/07/31/91207.html",
    "ord_in_thread": 0,
    "author": "Еженедельная городская газета «Нальчик»",
    "published": "2025-07-31T05:38:00.000+03:00",
    "title": "Горянки покоряют вершины и в спорте и в жизни",
    "text": "«На конях вокруг Кавказского хребта\nКолхозники Кабардино-Балкарии заканчивают конный пробег вокруг Кавказского хребта. Вчера, в 8 часов вечера, всадники вступили в Нальчик. От североосетинской границы их провожал конный отряд из 100 девушек-кабардинок. Трудящиеся Нальчика устроили в честь гостей банкет. Завтра всадники Кабардино-Балкарии выходят в последний 85-километровый переход на Пятигорск».\nМосковская «Правда» 1936 г.",
    "highlightText": "",
    "highlightTitle": "",
    "highlightThreadTitle": "",
    "language": "russian",
    "sentiment": null,
    "categories": null,
    "topics": null,
    "ai_allow": true,
    "has_canonical": false,
    "breaking": null,
    "webz_reporter": false,
    "external_links": [],
    "external_images": [],
    "internal_images": [],
    "entities": {
        "persons": [],
        "locations": [],
        "organizations": []
    },
    "syndication": {
        "syndicated": null,
        "syndicate_id": null,
        "first_syndicated": false
    },
    "trust": {
        "categories": [
            "fake_news"
        ],
        "top_news": [],
        "bias": null,
        "source": {
            "type": null,
            "city": null,
            "state": null,
            "country": null,
            "domain_type": null,
            "agency": null,
            "organization_name": null
        }
    },
    "rating": null,
    "crawled": "2025-07-31T07:26:00.622+03:00",
    "updated": "2025-07-31T07:26:00.622+03:00"
}