{
    "thread": {
        "uuid": "a928a4b1ae93004fa9e1abd3a9039f0a1ba3fbc9",
        "url": "https://www.newsbreak.com/wkrg-news-5-1589960/4147225069411-mobile-baldwin-county-law-enforcement-trains-to-keep-schools-safe",
        "site_full": "www.newsbreak.com",
        "site": "newsbreak.com",
        "site_section": "https://www.newsbreak.com/wkrg-news-5-1589960",
        "site_categories": [
            "under_construction"
        ],
        "section_title": "WKRG News 5&#x27;s Home Page | NewsBreak",
        "site_title": "NewsBreak: Local News &amp; Alerts",
        "title": "Mobile, Baldwin County law enforcement trains to keep schools safe - NewsBreak",
        "title_full": "Mobile, Baldwin County law enforcement trains to keep schools safe - NewsBreak",
        "published": "2025-07-31T05:34:00.000+03:00",
        "replies_count": 0,
        "participants_count": 0,
        "site_type": "news",
        "country": "US",
        "main_image": "https://img.particlenews.com/img/id/2ZeFRy_13KqO9Uk00",
        "performance_score": 0,
        "domain_rank": 3213,
        "domain_rank_updated": "2025-06-03T00:00:00.000+03:00",
        "licensing_agency": [],
        "social": {
            "facebook": {
                "likes": 0,
                "comments": 0,
                "shares": 0
            },
            "vk": {
                "shares": 0
            }
        }
    },
    "uuid": "a928a4b1ae93004fa9e1abd3a9039f0a1ba3fbc9",
    "url": "https://www.newsbreak.com/wkrg-news-5-1589960/4147225069411-mobile-baldwin-county-law-enforcement-trains-to-keep-schools-safe",
    "ord_in_thread": 0,
    "author": null,
    "published": "2025-07-31T05:34:00.000+03:00",
    "title": "Mobile, Baldwin County law enforcement trains to keep schools safe - NewsBreak",
    "text": "BALDWIN COUNTY, Ala ( WKRG ) — With the first day of school right around the corner, school resource officers from Baldwin and Mobile Counties spent the week in specialized training designed to keep students safe and prepare for emergencies. “These guys this week, they learned a lot about mental health, mental health awareness. Today, they’re learning how to do medical, tactical, medical response, medical response to some type of school shooting or violence incident right there, but they learned a lot of other stuff too,” Baldwin County Sheriff Anthony Lowery said. The program focuses on everything from first aid to trauma care and active shooter responses. Deputies say it’s not just about safety, though; it’s about building connections in the community. “Their first priority is to protect the school and the children, and their secondary mission is to build those relationships and help guide their path forward,” Mobile County Sheriff Paul Burch said. These officers have been able to make a serious impact in a number of different schools. “This was a game-changer for our school system. You know, you want your children to feel safe, you want parents to know that they’re sending their children off to a safe environment,” Baldwin County Superintendent Eddie Tyler said. Sheriff Lowery says that there’s one main reason why all this training is so important. “Because if you think about it, they’re protecting the number one resource in the state of Alabama, if not the country, and that’s our kids. If we can’t protect them and get them to grow, then we’re in trouble, not just as a state, but as a country,” said Lowery. For the latest news, weather, sports, and streaming video, head to WKRG News 5.",
    "highlightText": "",
    "highlightTitle": "",
    "highlightThreadTitle": "",
    "language": "english",
    "sentiment": "positive",
    "categories": [
        "Education"
    ],
    "topics": [
        "Education->teachers",
        "Education->school",
        "Education->students"
    ],
    "ai_allow": true,
    "has_canonical": true,
    "breaking": null,
    "webz_reporter": false,
    "external_links": [
        "https://www.wkrg.com",
        "https://www.wkrg.com/baldwin-county/mobile-baldwin-county-law-enforcement-trains-to-keep-schools-safe/",
        "https://img.particlenews.com/image.php?url=2ZeFRy_13KqO9Uk00",
        "https://img.particlenews.com/image.php?type=thumbnail_580x000&url=2ZeFRy_13KqO9Uk00",
        "https://wkrg.com",
        "https://www.img.particlenews.com/image.php?url=2ZeFRy_13KqO9Uk00",
        "https://img.particlenews.com/image.php",
        "https://wkrg.com/baldwin-county/mobile-baldwin-county-law-enforcement-trains-to-keep-schools-safe/",
        "https://www.wkrg.com/baldwin-county/mobile-baldwin-county-law-enforcement-trains-to-keep-schools-safe",
        "https://www.img.particlenews.com/image.php?type=thumbnail_580x000&url=2ZeFRy_13KqO9Uk00"
    ],
    "external_images": [],
    "internal_images": [],
    "entities": {
        "persons": [
            {
                "name": "Anthony Lowery",
                "sentiment": "none"
            },
            {
                "name": "Paul Burch",
                "sentiment": "none"
            }
        ],
        "locations": [
            {
                "name": "County",
                "sentiment": "none"
            }
        ],
        "organizations": []
    },
    "syndication": {
        "syndicated": false,
        "syndicate_id": null,
        "first_syndicated": false
    },
    "trust": {
        "categories": [
            "fake_news"
        ],
        "top_news": [],
        "bias": "center",
        "source": {
            "type": null,
            "city": null,
            "state": null,
            "country": null,
            "domain_type": null,
            "agency": null,
            "organization_name": null
        }
    },
    "rating": null,
    "crawled": "2025-07-31T07:29:43.942+03:00",
    "updated": "2025-07-31T07:33:56.000+03:00"
}