{
    "thread": {
        "uuid": "bf50a602c7e85666eb7a97c779c5f992f31760ff",
        "url": "https://neindiananews.com/stories/674170702-where-could-drivers-find-the-cheapest-gas-in-cities-within-lagrange-county-in-week-ending-july-26",
        "site_full": "neindiananews.com",
        "site": "neindiananews.com",
        "site_section": "https://neindiananews.com/stories",
        "site_categories": [],
        "section_title": "Latest News from Ne Indiana News | Ne Indiana News",
        "site_title": "Ne Indiana News",
        "title": "Where could drivers find the cheapest gas in cities within LaGrange County in week ending July 26?",
        "title_full": "Where could drivers find the cheapest gas in cities within LaGrange County in week ending July 26?",
        "published": "2025-07-30T20:15:00.000+03:00",
        "replies_count": 0,
        "participants_count": 1,
        "site_type": "news",
        "country": "QA",
        "main_image": "https://s3.amazonaws.com/jnswire/jns-media/1a/46/25337794/webp_4m7cuwh2nsv4nr6qk2deurkja4up.webp",
        "performance_score": 0,
        "domain_rank": null,
        "domain_rank_updated": null,
        "licensing_agency": [],
        "social": {
            "facebook": {
                "likes": 0,
                "comments": 0,
                "shares": 0
            },
            "vk": {
                "shares": 0
            }
        }
    },
    "uuid": "bf50a602c7e85666eb7a97c779c5f992f31760ff",
    "url": "https://neindiananews.com/stories/674170702-where-could-drivers-find-the-cheapest-gas-in-cities-within-lagrange-county-in-week-ending-july-26",
    "ord_in_thread": 0,
    "author": "J. D. Weaver",
    "published": "2025-07-30T20:15:00.000+03:00",
    "title": "Where could drivers find the cheapest gas in cities within LaGrange County in week ending July 26?",
    "text": "Federal Energy Regulatory Commission (FERC) Commissioner Allison Clements | www.ferc.gov\nFederal Energy Regulatory Commission (FERC) Commissioner Allison Clements | www.ferc.gov\nGasBuddy.com.\nThe average reported cost of midgrade gas in cities within LaGrange County was $3.79 per gallon.\nOf the 18 reported gas stations in cities within LaGrange County, four offer midgrade gas.\nThe average reported price of midgrade gas in Indiana was $3.61, compared to $3.58 the week before.\nDrivers in the United States have experienced a rollercoaster of gas prices in recent years due to supply disruptions, shifting consumer demand, and ongoing geopolitical tensions. Global conflicts—most notably Russia’s war on Ukraine—have driven prices higher, further compounded by U.S. and E.U. sanctions on Russian oil and, more recently, new U.S. sanctions on Russian tankers that have strained supplies even further. These factors, along with lingering pandemic effects and seasonal travel surges, have led to local price variations ranging from the low $3s to over $4 per gallon.\nAccording to the U.S. Energy Information Administration’s Short-Term Energy Outlook, global oil markets are gradually stabilizing as supply chains recover and domestic production increases. Although seasonal demand may still trigger occasional spikes, improved production and inventory levels are expected to moderate these fluctuations. At the same time, trade policies—such as tariffs on Canadian and Mexican oil as noted by GasBuddy—are adding extra pressure by increasing costs for refiners, which could impact consumer prices and further challenge household budgets.\nGas data refers to the price of gas when paid for by cash, not credit. Gas stations can charge drivers more for using credit cards due to surcharge fees. This is prohibited in 10 U.S. states.\nWhile data is accurate as of press time, note that gas prices can fluctuate daily or even hourly.",
    "highlightText": "",
    "highlightTitle": "",
    "highlightThreadTitle": "",
    "language": "english",
    "sentiment": null,
    "categories": null,
    "topics": null,
    "ai_allow": true,
    "has_canonical": false,
    "breaking": null,
    "webz_reporter": false,
    "external_links": [
        "https://www.gasbuddy.com/go/national-average-dips-close-to-3-but-tariffs-likely-to-boost-gas-prices-soon",
        "https://www.reuters.com/business/energy/new-us-sanctions-russian-tankers-hit-oil-supplies-india-refining-sources-say-2025-01-10/",
        "https://www.gasbuddy.com/",
        "https://www.eia.gov/outlooks/steo/",
        "https://www.nerdwallet.com/article/credit-cards/credit-card-charged-more-gas-station",
        "https://gasbuddy.com/go/national-average-dips-close-to-3-but-tariffs-likely-to-boost-gas-prices-soon",
        "https://eia.gov/outlooks/steo/",
        "https://www.eia.gov/outlooks/steo",
        "https://nerdwallet.com/article/credit-cards/credit-card-charged-more-gas-station",
        "https://gasbuddy.com/",
        "https://reuters.com/business/energy/new-us-sanctions-russian-tankers-hit-oil-supplies-india-refining-sources-say-2025-01-10/",
        "https://www.gasbuddy.com",
        "https://www.reuters.com/business/energy/new-us-sanctions-russian-tankers-hit-oil-supplies-india-refining-sources-say-2025-01-10"
    ],
    "external_images": [],
    "internal_images": [],
    "entities": {
        "persons": [
            {
                "name": "Allison Clements",
                "sentiment": "none"
            }
        ],
        "locations": [
            {
                "name": "LaGrange County",
                "sentiment": "none"
            }
        ],
        "organizations": [
            {
                "name": "Federal Energy Regulatory Commission",
                "sentiment": "none",
                "tickers": [
                    {
                        "ticker": null,
                        "exchange": null
                    }
                ]
            },
            {
                "name": "FERC",
                "sentiment": "none",
                "tickers": [
                    {
                        "ticker": null,
                        "exchange": null
                    }
                ]
            },
            {
                "name": "U.S. Energy Infor",
                "sentiment": "none",
                "tickers": []
            }
        ]
    },
    "syndication": {
        "syndicated": false,
        "syndicate_id": "bf50a602c7e85666eb7a97c779c5f992f31760ff",
        "first_syndicated": true
    },
    "trust": {
        "categories": [
            "fake_news"
        ],
        "top_news": [],
        "bias": "center",
        "source": {
            "type": null,
            "city": null,
            "state": null,
            "country": null,
            "domain_type": null,
            "agency": null,
            "organization_name": null
        }
    },
    "rating": null,
    "crawled": "2025-07-31T07:22:37.834+03:00",
    "updated": "2025-07-31T07:22:37.834+03:00"
}