{
    "thread": {
        "uuid": "3f9c18cad019dc4a0728f78a428676a35ceb18fc",
        "url": "https://local.newsbreak.com/fastball-on-si-1592854/4226512375290-mariners-josh-naylor-likely-to-sign-60-plus-million-free-agency-deal",
        "site_full": "local.newsbreak.com",
        "site": "newsbreak.com",
        "site_section": "https://local.newsbreak.com/fastball-on-si-1592854",
        "site_categories": [],
        "section_title": "Fastball On SI&#x27;s Home Page | NewsBreak",
        "site_title": "NewsBreak: Local News &amp; Alerts",
        "title": "Mariners' Josh Naylor 'Likely' To Sign $60-Plus Million Free Agency Deal - NewsBreak",
        "title_full": "Mariners' Josh Naylor 'Likely' To Sign $60-Plus Million Free Agency Deal - NewsBreak",
        "published": "2025-09-11T05:00:00.000+03:00",
        "replies_count": 0,
        "participants_count": 1,
        "site_type": "news",
        "country": "US",
        "main_image": "https://img.particlenews.com/img/id/4VLadL_14bjYlyU00",
        "performance_score": 0,
        "domain_rank": 3213,
        "domain_rank_updated": "2025-06-03T00:00:00.000+03:00",
        "licensing_agency": [],
        "social": {
            "facebook": {
                "likes": 0,
                "comments": 0,
                "shares": 0
            },
            "vk": {
                "shares": 0
            }
        }
    },
    "uuid": "3f9c18cad019dc4a0728f78a428676a35ceb18fc",
    "url": "https://local.newsbreak.com/fastball-on-si-1592854/4226512375290-mariners-josh-naylor-likely-to-sign-60-plus-million-free-agency-deal",
    "ord_in_thread": 0,
    "author": "Zach Pressnell",
    "published": "2025-09-11T05:00:00.000+03:00",
    "title": "Mariners' Josh Naylor 'Likely' To Sign $60-Plus Million Free Agency Deal - NewsBreak",
    "text": "By Zach Pressnell ,\n2 hours ago What will Seattle Mariners first baseman Josh Naylor be worth in free agency? Read full article\nRead in NewsBreak 1",
    "highlightText": "",
    "highlightTitle": "",
    "highlightThreadTitle": "",
    "language": "english",
    "sentiment": "neutral",
    "categories": [
        "Sport"
    ],
    "topics": [
        "Sport->sport industry",
        "Sport->baseball",
        "Sport->sports transaction"
    ],
    "ai_allow": true,
    "has_canonical": true,
    "breaking": null,
    "webz_reporter": false,
    "external_links": [],
    "external_images": [],
    "internal_images": [],
    "entities": {
        "persons": [
            {
                "name": "Josh Naylor",
                "sentiment": "negative"
            },
            {
                "name": "Zach Pressnell",
                "sentiment": "negative"
            }
        ],
        "locations": [],
        "organizations": [
            {
                "name": "Seattle Mariners",
                "sentiment": "negative",
                "tickers": [
                    {
                        "ticker": null,
                        "exchange": null
                    }
                ]
            }
        ]
    },
    "syndication": {
        "syndicated": false,
        "syndicate_id": null,
        "first_syndicated": false
    },
    "trust": {
        "categories": [
            "fake_news"
        ],
        "top_news": [],
        "bias": "center",
        "source": {
            "type": null,
            "city": null,
            "state": null,
            "country": null,
            "domain_type": null,
            "agency": null,
            "organization_name": null
        }
    },
    "rating": null,
    "crawled": "2025-09-11T07:16:38.867+03:00",
    "updated": "2025-09-11T07:19:34.000+03:00"
}