{
    "thread": {
        "uuid": "00374a89efab06fe062e193d20af733b22c88059",
        "url": "https://www.newsbreak.com/cny-news-520773/4225819297179-new-hope-for-cleanup-of-former-nyseg-plant-in-westover",
        "site_full": "www.newsbreak.com",
        "site": "newsbreak.com",
        "site_section": "https://local.newsbreak.com/cny-news-520773",
        "site_categories": [
            "under_construction"
        ],
        "section_title": "CNY News&#x27;s Home Page | NewsBreak",
        "site_title": "NewsBreak: Local News &amp; Alerts",
        "title": "New Hope for Cleanup of Former NYSEG Plant in Westover - NewsBreak",
        "title_full": "New Hope for Cleanup of Former NYSEG Plant in Westover - NewsBreak",
        "published": "2025-09-10T22:40:00.000+03:00",
        "replies_count": 0,
        "participants_count": 1,
        "site_type": "news",
        "country": "US",
        "main_image": "https://img.particlenews.com/img/id/2ABKiF_14b1Yz6d00",
        "performance_score": 0,
        "domain_rank": 3213,
        "domain_rank_updated": "2025-06-03T00:00:00.000+03:00",
        "licensing_agency": [],
        "social": {
            "facebook": {
                "likes": 0,
                "comments": 0,
                "shares": 0
            },
            "vk": {
                "shares": 0
            }
        }
    },
    "uuid": "00374a89efab06fe062e193d20af733b22c88059",
    "url": "https://www.newsbreak.com/cny-news-520773/4225819297179-new-hope-for-cleanup-of-former-nyseg-plant-in-westover",
    "ord_in_thread": 0,
    "author": "Bob Joseph",
    "published": "2025-09-10T22:40:00.000+03:00",
    "title": "New Hope for Cleanup of Former NYSEG Plant in Westover - NewsBreak",
    "text": "By Bob Joseph ,\n8 hours ago Photo: Bob Joseph/WNBF News A long-running effort to remove hazardous substances from the old Goudey Station generating plant in the town of Union may be moving forward.\nNew York State Electric and Gas operated the coal-fired facility for several decades.\nThe property has been owned by a series of entities in recent years. The current owner is NRGY Development LLC of Florida.\nA sign posted at the Riverside Drive entrance to the former Goudey Station site on September 9, 2025. (Photo: Bob Joseph/WNBF News) Terry Kish of the U.S. Environmental Protection Agency recently provided a status report to local officials.\nKish told WNBF News that the agency has been having conversations with the property owners in an effort to develop a plan to address remaining contamination at the site.\nFLASHBACK: A “Welcome” sign that had been located at the Westover facility in September 2021. (Photo: Bob Joseph/WNBF News) Kish said air sampling for asbestos is performed at the site every few months. He said the samples so far have not revealed any asbestos in the air.\nContractors visit the property every two or three months to repair fences that have been damaged by intruders. It’s been difficult to secure the site from people who want to steal copper to sell to scrap dealers.\nInside the closed guard station at the old Gowdey Station site on September 9, 2025. (Photo: Bob Joseph/WNBF News) Town of Union supervisor Robert Mack met with Kish at the site to discuss cleanup efforts. He said the EPA has indicated the agency will take violations at the property “to a higher level,” to require some type of action from the owner.\nMack said “it is an extremely dangerous location.” He said “it is full of asbestos” and the ground has holes “that are at least 20 feet deep.”\nA New York State Department of Environmental Conservation police officer at the former Goudey Station on April 25, 2023. (Photo: Bob Joseph/WNBF News) The town supervisor said conditions are so hazardous that Johnson City firefighters will no longer go onto the site to extinguish fires that are set by trespassers.\nIn the past, the village fire department has routinely responded to blazes that were ignited by people who were attempting to burn the insulation off copper wire they were preparing to steal.\nWNBF NEWS VIDEO: What the town of Union site looked like on September 9, 2025.\nDownload the WNBF Mobile App Now Contact WNBF News reporter Bob Joseph: bob@wnbf.com or call (607) 545-2250. For breaking news and updates on developing stories, follow @BinghamtonNow on Twitter.\nClick here to view photo gallery\n16 Wildest Foods Sold in NFL Stadiums Pizza Burgers? Cotton Candy Burritos? Cannoli Nachos? It must be football season! Gallery Credit: Matthew Wilkening AT&T Stadium The Pizza Burger: Dallas Cowboys / AT&T Stadium Arizona Cardinals Cotton Candy Burrito: Arizona Cardinals / State Farm Stadium Buccaneers.com Cannonball Burger: Tampa Bay Buccaneers / Raymond James Stadium Arrowhead Eats Red Zone Burger: Kansas City Chiefs / Arrowhead Stadium Aramark Cannoli Nachos: Philadelphia Eagles / Lincoln Financial Field Baltimore Ravens The Tailburger Burger: Baltimore Ravens / M&T Bank Stadium Delaware North The Monster Slice: Jacksonville Jaguars / Everbank Stadium AT&T Stadium Oops All Berries Waffle: Dallas Cowboys / AT&T Stadium Vikings.com T-Rex Cookie: Minnesota Vikings / U.S. Bank Stadium Delaware North Grilled Cheese Cheeseburger: Jacksonville Jaguars / Everbank Stadium Indianapolis Colts Indiana Hot Chicken and Waffles: Indianapolis Colts / Lucas Oil Stadium TikTok Video Odzuna Dog: Chicago Bears / Soldier Field Empower Field at Mile High Souvenir Football Monster Chicken Nachos: Denver Broncos / Empower Field SoFi Stadium Pastrami Cheeseburger: Los Angeles Rams / SoFi Stadium Delaware North Bad Blood Waffle Fries: Buffalo Bills / Highmark Stadium Lumen Field Sweet Home Coke (with Peanuts): Seattle Seahawks, Lumen Field\nClick here to view photo gallery",
    "highlightText": "",
    "highlightTitle": "",
    "highlightThreadTitle": "",
    "language": "english",
    "sentiment": "positive",
    "categories": [
        "Environment",
        "Health",
        "Economy, Business and Finance"
    ],
    "topics": [
        "Environment->energy resources",
        "Environment->environmental clean-up",
        "Environment->hazardous materials",
        "Health->medical condition",
        "Health->health facility",
        "Health->government health care",
        "Economy, Business and Finance->energy and resource",
        "Economy, Business and Finance->business governance"
    ],
    "ai_allow": true,
    "has_canonical": false,
    "breaking": null,
    "webz_reporter": false,
    "external_links": [
        "https://img.particlenews.com/image.php?url=4D9EYx_14b1Yz6d00",
        "https://img.particlenews.com/image.php?url=158cP9_14b1Yz6d00",
        "https://img.particlenews.com/image.php?url=2ABKiF_14b1Yz6d00",
        "https://img.particlenews.com/image.php?type=thumbnail_580x000&url=1W3aH4_14b1Yz6d00",
        "https://img.particlenews.com/image.php?type=thumbnail_580x000&url=2ABKiF_14b1Yz6d00",
        "https://img.particlenews.com/image.php?type=thumbnail_580x000&url=2x9pXc_14b1Yz6d00",
        "https://img.particlenews.com/image.php?type=thumbnail_580x000&url=1Zq9ea_14b1Yz6d00",
        "https://img.particlenews.com/image.php?url=4dFS9p_14b1Yz6d00",
        "https://img.particlenews.com/image.php?type=thumbnail_580x000&url=4dFS9p_14b1Yz6d00",
        "https://img.particlenews.com/image.php?url=2rZAvW_14b1Yz6d00",
        "https://img.particlenews.com/image.php?type=thumbnail_580x000&url=3uxPKa_14b1Yz6d00",
        "https://img.particlenews.com/image.php?type=thumbnail_580x000&url=2rZAvW_14b1Yz6d00",
        "https://img.particlenews.com/image.php?type=thumbnail_580x000&url=1ywFpI_14b1Yz6d00",
        "https://img.particlenews.com/image.php?type=thumbnail_580x000&url=1WS2yz_14b1Yz6d00",
        "https://img.particlenews.com/image.php?url=1ywFpI_14b1Yz6d00",
        "https://img.particlenews.com/image.php?type=thumbnail_580x000&url=38HM5n_14b1Yz6d00",
        "https://img.particlenews.com/image.php?url=3uxPKa_14b1Yz6d00",
        "https://img.particlenews.com/image.php?type=thumbnail_580x000&url=0FJUt9_14b1Yz6d00",
        "https://twitter.com/BinghamtonNow",
        "https://img.particlenews.com/image.php?url=0FJUt9_14b1Yz6d00",
        "https://img.particlenews.com/image.php?url=3Rfst5_14b1Yz6d00",
        "https://img.particlenews.com/image.php?url=2T7voz_14b1Yz6d00",
        "https://img.particlenews.com/image.php?url=38HM5n_14b1Yz6d00",
        "https://img.particlenews.com/image.php?url=11bHod_14b1Yz6d00",
        "https://img.particlenews.com/image.php?type=thumbnail_580x000&url=3vtHwx_14b1Yz6d00",
        "https://img.particlenews.com/image.php?type=thumbnail_580x000&url=3Rfst5_14b1Yz6d00",
        "https://img.particlenews.com/image.php?url=1W3aH4_14b1Yz6d00",
        "https://img.particlenews.com/image.php?url=2hpr4u_14b1Yz6d00",
        "https://img.particlenews.com/image.php?type=thumbnail_580x000&url=11bHod_14b1Yz6d00",
        "https://img.particlenews.com/image.php?type=thumbnail_580x000&url=03ssNT_14b1Yz6d00",
        "https://img.particlenews.com/image.php?type=thumbnail_580x000&url=158cP9_14b1Yz6d00",
        "https://img.particlenews.com/image.php?url=3vtHwx_14b1Yz6d00",
        "https://img.particlenews.com/image.php?url=1Zq9ea_14b1Yz6d00",
        "https://img.particlenews.com/image.php?url=1WS2yz_14b1Yz6d00",
        "https://img.particlenews.com/image.php?type=thumbnail_580x000&url=2hpr4u_14b1Yz6d00",
        "https://img.particlenews.com/image.php?type=thumbnail_580x000&url=2T7voz_14b1Yz6d00",
        "https://img.particlenews.com/image.php?url=03ssNT_14b1Yz6d00",
        "https://img.particlenews.com/image.php?url=34gDbr_14b1Yz6d00",
        "https://img.particlenews.com/image.php?type=thumbnail_580x000&url=4Tmykz_14b1Yz6d00",
        "https://img.particlenews.com/image.php?type=thumbnail_580x000&url=34gDbr_14b1Yz6d00",
        "https://img.particlenews.com/image.php?type=thumbnail_580x000&url=4D9EYx_14b1Yz6d00",
        "https://img.particlenews.com/image.php?url=2x9pXc_14b1Yz6d00",
        "https://img.particlenews.com/image.php?url=4Tmykz_14b1Yz6d00",
        "https://www.img.particlenews.com/image.php?type=thumbnail_580x000&url=1W3aH4_14b1Yz6d00",
        "https://www.img.particlenews.com/image.php?url=38HM5n_14b1Yz6d00",
        "https://www.img.particlenews.com/image.php?url=0FJUt9_14b1Yz6d00",
        "https://www.img.particlenews.com/image.php?type=thumbnail_580x000&url=4Tmykz_14b1Yz6d00",
        "https://www.img.particlenews.com/image.php?type=thumbnail_580x000&url=1ywFpI_14b1Yz6d00",
        "https://www.img.particlenews.com/image.php?type=thumbnail_580x000&url=2rZAvW_14b1Yz6d00",
        "https://www.img.particlenews.com/image.php?type=thumbnail_580x000&url=11bHod_14b1Yz6d00",
        "https://www.img.particlenews.com/image.php?type=thumbnail_580x000&url=34gDbr_14b1Yz6d00",
        "https://www.img.particlenews.com/image.php?url=1Zq9ea_14b1Yz6d00",
        "https://www.img.particlenews.com/image.php?type=thumbnail_580x000&url=2T7voz_14b1Yz6d00",
        "https://www.img.particlenews.com/image.php?type=thumbnail_580x000&url=158cP9_14b1Yz6d00",
        "https://www.twitter.com/BinghamtonNow",
        "https://www.img.particlenews.com/image.php?url=2x9pXc_14b1Yz6d00",
        "https://www.img.particlenews.com/image.php?type=thumbnail_580x000&url=2ABKiF_14b1Yz6d00",
        "https://www.img.particlenews.com/image.php?type=thumbnail_580x000&url=1Zq9ea_14b1Yz6d00",
        "https://www.img.particlenews.com/image.php?type=thumbnail_580x000&url=38HM5n_14b1Yz6d00",
        "https://www.img.particlenews.com/image.php?type=thumbnail_580x000&url=03ssNT_14b1Yz6d00",
        "https://www.img.particlenews.com/image.php?url=4Tmykz_14b1Yz6d00",
        "https://www.img.particlenews.com/image.php?url=2ABKiF_14b1Yz6d00",
        "https://www.img.particlenews.com/image.php?type=thumbnail_580x000&url=3uxPKa_14b1Yz6d00",
        "https://www.img.particlenews.com/image.php?type=thumbnail_580x000&url=4dFS9p_14b1Yz6d00",
        "https://www.img.particlenews.com/image.php?url=34gDbr_14b1Yz6d00",
        "https://www.img.particlenews.com/image.php?url=1WS2yz_14b1Yz6d00",
        "https://www.img.particlenews.com/image.php?url=158cP9_14b1Yz6d00",
        "https://www.img.particlenews.com/image.php?url=3uxPKa_14b1Yz6d00",
        "https://www.img.particlenews.com/image.php?url=03ssNT_14b1Yz6d00",
        "https://www.img.particlenews.com/image.php?type=thumbnail_580x000&url=0FJUt9_14b1Yz6d00",
        "https://www.img.particlenews.com/image.php?type=thumbnail_580x000&url=3vtHwx_14b1Yz6d00",
        "https://www.img.particlenews.com/image.php?url=4dFS9p_14b1Yz6d00",
        "https://www.img.particlenews.com/image.php?type=thumbnail_580x000&url=1WS2yz_14b1Yz6d00",
        "https://www.img.particlenews.com/image.php?url=4D9EYx_14b1Yz6d00",
        "https://www.img.particlenews.com/image.php?type=thumbnail_580x000&url=2x9pXc_14b1Yz6d00",
        "https://www.img.particlenews.com/image.php?type=thumbnail_580x000&url=2hpr4u_14b1Yz6d00",
        "https://www.img.particlenews.com/image.php?url=3vtHwx_14b1Yz6d00",
        "https://www.img.particlenews.com/image.php?url=2T7voz_14b1Yz6d00",
        "https://www.img.particlenews.com/image.php?url=1ywFpI_14b1Yz6d00",
        "https://www.img.particlenews.com/image.php?type=thumbnail_580x000&url=3Rfst5_14b1Yz6d00",
        "https://www.img.particlenews.com/image.php?url=2rZAvW_14b1Yz6d00",
        "https://img.particlenews.com/image.php",
        "https://www.img.particlenews.com/image.php?type=thumbnail_580x000&url=4D9EYx_14b1Yz6d00",
        "https://www.img.particlenews.com/image.php?url=3Rfst5_14b1Yz6d00",
        "https://www.img.particlenews.com/image.php?url=2hpr4u_14b1Yz6d00",
        "https://www.img.particlenews.com/image.php?url=1W3aH4_14b1Yz6d00",
        "https://www.img.particlenews.com/image.php?url=11bHod_14b1Yz6d00"
    ],
    "external_images": [],
    "internal_images": [],
    "entities": {
        "persons": [
            {
                "name": "Bob Joseph",
                "sentiment": "negative"
            },
            {
                "name": "Terry Kish",
                "sentiment": "none"
            }
        ],
        "locations": [
            {
                "name": "Goudey Station",
                "sentiment": "none"
            },
            {
                "name": "Drive",
                "sentiment": "none"
            }
        ],
        "organizations": [
            {
                "name": "U.S. Environmental Protection Agency",
                "sentiment": "none",
                "tickers": [
                    {
                        "ticker": null,
                        "exchange": null
                    }
                ]
            },
            {
                "name": "New York State Electric",
                "sentiment": "none",
                "tickers": []
            },
            {
                "name": "NRGY Development LLC",
                "sentiment": "none",
                "tickers": []
            }
        ]
    },
    "syndication": {
        "syndicated": false,
        "syndicate_id": null,
        "first_syndicated": false
    },
    "trust": {
        "categories": [
            "fake_news"
        ],
        "top_news": [],
        "bias": "center",
        "source": {
            "type": null,
            "city": null,
            "state": null,
            "country": null,
            "domain_type": null,
            "agency": null,
            "organization_name": null
        }
    },
    "rating": null,
    "crawled": "2025-09-11T07:24:18.629+03:00",
    "updated": "2025-09-11T07:30:04.000+03:00"
}