{
    "thread": {
        "uuid": "7d9d7b5a8667c89b3aefd44755cbf5e56184d47f",
        "url": "https://www.newsbreak.com/news/4226507437745-movies-and-tv-shows-casting-in-columbus-indiana",
        "site_full": "www.newsbreak.com",
        "site": "newsbreak.com",
        "site_section": "https://www.newsbreak.com/medora-in",
        "site_categories": [
            "under_construction"
        ],
        "section_title": "Medora, IN Local News and More | NewsBreak",
        "site_title": "NewsBreak: Local News &amp; Alerts",
        "title": "Movies and TV shows casting in Columbus, Indiana - NewsBreak",
        "title_full": "Movies and TV shows casting in Columbus, Indiana - NewsBreak",
        "published": "2025-09-10T12:31:00.000+03:00",
        "replies_count": 0,
        "participants_count": 1,
        "site_type": "news",
        "country": "US",
        "main_image": "https://img.particlenews.com/img/id/1veul3_14bjF0wl00",
        "performance_score": 0,
        "domain_rank": 3213,
        "domain_rank_updated": "2025-06-03T00:00:00.000+03:00",
        "licensing_agency": [],
        "social": {
            "facebook": {
                "likes": 0,
                "comments": 0,
                "shares": 0
            },
            "vk": {
                "shares": 0
            }
        }
    },
    "uuid": "7d9d7b5a8667c89b3aefd44755cbf5e56184d47f",
    "url": "https://www.newsbreak.com/news/4226507437745-movies-and-tv-shows-casting-in-columbus-indiana",
    "ord_in_thread": 0,
    "author": "Backstage",
    "published": "2025-09-10T12:31:00.000+03:00",
    "title": "Movies and TV shows casting in Columbus, Indiana - NewsBreak",
    "text": "starcitytv.com\nwebsite\nColumbus\nMovies and TV shows casting in Columbus, Indiana\nBy Backstage,\n18 hours agoThe glitz and glam of Hollywood captures the attention of Americans starting from an early age. Beyond celebrities' Instagram Stories and red carpet poses, there are actors out there paying their dues and honing their craft in pursuit of a sustainable career or a fulfilling sideline. Submitting to casting calls is a big part of that journey.",
    "highlightText": "",
    "highlightTitle": "",
    "highlightThreadTitle": "",
    "language": "english",
    "sentiment": "neutral",
    "categories": [
        "Arts, Culture and Entertainment",
        "Human Interest",
        "Lifestyle and Leisure"
    ],
    "topics": [
        "Arts, Culture and Entertainment->cinema",
        "Arts, Culture and Entertainment->television",
        "Arts, Culture and Entertainment->mass media",
        "Human Interest->celebrity",
        "Lifestyle and Leisure->leisure",
        "Lifestyle and Leisure->lifestyle"
    ],
    "ai_allow": true,
    "has_canonical": false,
    "breaking": null,
    "webz_reporter": false,
    "external_links": [],
    "external_images": [],
    "internal_images": [],
    "entities": {
        "persons": [],
        "locations": [],
        "organizations": [
            {
                "name": "Columbus\nMovies",
                "sentiment": "neutral",
                "tickers": []
            }
        ]
    },
    "syndication": {
        "syndicated": false,
        "syndicate_id": null,
        "first_syndicated": false
    },
    "trust": {
        "categories": [
            "fake_news"
        ],
        "top_news": [],
        "bias": "center",
        "source": {
            "type": "local_news",
            "city": [
                "Medora"
            ],
            "state": [
                "Indiana"
            ],
            "country": [
                "US"
            ],
            "domain_type": null,
            "agency": null,
            "organization_name": null
        }
    },
    "rating": null,
    "crawled": "2025-09-11T07:25:01.114+03:00",
    "updated": "2025-09-11T07:30:52.000+03:00"
}