{
    "thread": {
        "uuid": "170bb96486d7c6a479c054668cd93f1812ab7843",
        "url": "https://abakan-news.net/sport/2025/09/11/231429.html",
        "site_full": "abakan-news.net",
        "site": "abakan-news.net",
        "site_section": "https://abakan-news.net/rss/news",
        "site_categories": [],
        "section_title": "Лента новостей Хакасии",
        "site_title": "Лента новостей Хакасии",
        "title": "В Абакане состоится открытый турнир по кикбоксингу",
        "title_full": "В Абакане состоится открытый турнир по кикбоксингу",
        "published": "2025-09-11T06:55:00.000+03:00",
        "replies_count": 0,
        "participants_count": 1,
        "site_type": "news",
        "country": "RU",
        "main_image": "https://abakan-news.net/img/20250911/06418f970426c58c705895fd04705161_o.jpg",
        "performance_score": 0,
        "domain_rank": null,
        "domain_rank_updated": null,
        "licensing_agency": [],
        "social": {
            "facebook": {
                "likes": 0,
                "comments": 0,
                "shares": 0
            },
            "vk": {
                "shares": 0
            }
        }
    },
    "uuid": "170bb96486d7c6a479c054668cd93f1812ab7843",
    "url": "https://abakan-news.net/sport/2025/09/11/231429.html",
    "ord_in_thread": 0,
    "author": "Хакасия Информ",
    "published": "2025-09-11T06:55:00.000+03:00",
    "title": "В Абакане состоится открытый турнир по кикбоксингу",
    "text": "Открытый турнир по кикбоксингу на призы Главы Абакана пройдёт в столице Хакасии с 12 по 14 сентября в спорткомплексе им. Н.Г. Булакина, сообщает пресс-служба мэрии.\nСпортсменам предстоит продемонстрировать свое мастерство в двух ключевых дисциплинах. Первая — это «фулл-контакт», динамичный и зрелищный формат, где разрешены полноценные удары ногами и руками выше пояса. Исход боя может решиться как досрочно, нокаутом, так и по итогам подсчета набранных баллов.\nВторая — «лайт-контакт», более техничный и безопасный стиль. Его главный принцип — контроль силы, где запрещены чрезмерно жесткие атаки. Бой здесь не прерывается после каждого точного попадания, а судьи непрерывно фиксируют результативные действия, подводя итоги в конце раундов. Именно эта дисциплина, с запретом ударов коленями и локтями, идеально подходит для дебютантов, позволяя им оттачивать технику без риска.\nНа турнире встретятся бойцы нескольких возрастных категорий. Победителей и призеров турнира ждут не только традиционные кубки, медали и грамоты, но и шанс заявить о себе на серьезном уровне. Зрителей же ждет незабываемое зрелище — напряженная борьба сильнейших кикбоксеров Хакасии и гостей из других городов.\nФото из открытых источников",
    "highlightText": "",
    "highlightTitle": "",
    "highlightThreadTitle": "",
    "language": "russian",
    "sentiment": null,
    "categories": null,
    "topics": null,
    "ai_allow": true,
    "has_canonical": false,
    "breaking": false,
    "webz_reporter": false,
    "external_links": [],
    "external_images": [],
    "internal_images": [],
    "entities": {
        "persons": [],
        "locations": [],
        "organizations": []
    },
    "syndication": {
        "syndicated": null,
        "syndicate_id": null,
        "first_syndicated": false
    },
    "trust": {
        "categories": [
            "fake_news"
        ],
        "top_news": [],
        "bias": null,
        "source": {
            "type": null,
            "city": null,
            "state": null,
            "country": null,
            "domain_type": null,
            "agency": null,
            "organization_name": null
        }
    },
    "rating": null,
    "crawled": "2025-09-11T07:28:38.043+03:00",
    "updated": "2025-09-11T07:28:38.043+03:00"
}