{
    "thread": {
        "uuid": "a47a638d250362cbbd9c2cae0e3cf1e55831c9d1",
        "url": "https://dnyuz.com/2025/09/10/lifesouth-hosts-boaz-vs-albertville-blood-drive/",
        "site_full": "dnyuz.com",
        "site": "dnyuz.com",
        "site_section": "https://dnyuz.com",
        "site_categories": [
            "media"
        ],
        "section_title": "DNyuz &#8211; Latest Breaking News, U.S. and World Politics, Crime, Business, Science, Technology, Autos, Entertainment, Culture, Movie, Music, Sports.",
        "site_title": "DNyuz &#8211; Latest Breaking News, U.S. and World Politics, Crime, Business, Science, Technology, Autos, Entertainment, Culture, Movie, Music, Sports.",
        "title": "LifeSouth hosts Boaz vs Albertville blood drive",
        "title_full": "LifeSouth hosts Boaz vs Albertville blood drive",
        "published": "2025-09-11T06:20:00.000+03:00",
        "replies_count": 0,
        "participants_count": 1,
        "site_type": "news",
        "country": "US",
        "main_image": "",
        "performance_score": 0,
        "domain_rank": 16530,
        "domain_rank_updated": "2025-06-03T00:00:00.000+03:00",
        "licensing_agency": [],
        "social": {
            "facebook": {
                "likes": 0,
                "comments": 0,
                "shares": 0
            },
            "vk": {
                "shares": 0
            }
        }
    },
    "uuid": "a47a638d250362cbbd9c2cae0e3cf1e55831c9d1",
    "url": "https://dnyuz.com/2025/09/10/lifesouth-hosts-boaz-vs-albertville-blood-drive/",
    "ord_in_thread": 0,
    "author": "WHNT",
    "published": "2025-09-11T06:20:00.000+03:00",
    "title": "LifeSouth hosts Boaz vs Albertville blood drive",
    "text": "BOAZ, Ala. (WHNT) — For people injured in accidents, donated blood can mean the difference between life and death. This is why donating blood is such an important process.\nThe urgent need for blood, mixed with the low supplies, forces blood suppliers like LifeSouth to get creative in the ways that they bring in donors.\nThe Boaz vs Albertville blood drive is meant to be a light-hearted competition between the two cities. It also serves as a major blood drive for the Sand Mountain area. This is the biggest event the organization holds each year.\nOrganizers said the goal of this two-day event is to see which city could get the most donations, and it comes at a time when LifeSouth desperately needs blood.\n“We used to draw over 100 units a day, so collections have dipped down a little bit, and we’re always trying to do whatever we can to try and get folks more interested and donors more engaged,” Jeremy McConnell, LifeSouth donor organizer.\nEach city is offering its employees paid time off in exchange for donating blood.\nOrganizers said the blood you donate can be separated into three different parts: platelets, plasma and red cells. Each can be transfused to different patients in a hospital.\nDonors like Albertville firefighter Evan Henderson said this is why donating blood is important.\n“I’m always happy to donate blood, especially being a universal donor. I take pride in the fact that if someone needs that, pretty much anyone can get it,” Henderson said.\nHenderson said there are a few things you can do to ease the nerves of giving blood.\n“Don’t look at your arm when they’re sticking you, and try to focus on anything else. Drink plenty of juice or water, and eat before you come in. That helps negate the symptoms,” Henderson said.\nDespite this effort, the number of donors has gone down, with Boaz getting about 50 donations on Wednesday compared to nearly 80 this time last year.\nThe blood drive in Albertville will be at the train depot, starting at 7 a.m.\nThe post LifeSouth hosts Boaz vs Albertville blood drive appeared first on WHNT .",
    "highlightText": "",
    "highlightTitle": "",
    "highlightThreadTitle": "",
    "language": "english",
    "sentiment": "positive",
    "categories": [
        "Health",
        "Social Issue",
        "Human Interest"
    ],
    "topics": [
        "Health->medical service",
        "Health->injury",
        "Social Issue->charity",
        "Social Issue->communities",
        "Social Issue->social services",
        "Human Interest->human mishap"
    ],
    "ai_allow": true,
    "has_canonical": false,
    "breaking": null,
    "webz_reporter": false,
    "external_links": [
        "https://whnt.com/news/northeast-alabama/lifesouth-hosts-boaz-vs-albertville-blood-drive/",
        "https://www.whnt.com/news/northeast-alabama/lifesouth-hosts-boaz-vs-albertville-blood-drive/",
        "https://whnt.com/news/northeast-alabama/lifesouth-hosts-boaz-vs-albertville-blood-drive"
    ],
    "external_images": [],
    "internal_images": [],
    "entities": {
        "persons": [
            {
                "name": "Boaz",
                "sentiment": "negative"
            },
            {
                "name": "Jeremy McConnell",
                "sentiment": "none"
            }
        ],
        "locations": [],
        "organizations": []
    },
    "syndication": {
        "syndicated": false,
        "syndicate_id": null,
        "first_syndicated": false
    },
    "trust": {
        "categories": [
            "fake_news"
        ],
        "top_news": [],
        "bias": "center",
        "source": {
            "type": null,
            "city": null,
            "state": null,
            "country": null,
            "domain_type": null,
            "agency": null,
            "organization_name": null
        }
    },
    "rating": null,
    "crawled": "2025-09-11T07:25:22.045+03:00",
    "updated": "2025-09-11T07:29:06.000+03:00"
}