{
    "thread": {
        "uuid": "83227b375a093234cd5a2cdb68625ce0bb7a6bdf",
        "url": "https://kherson-news.ru/society/2025/09/11/543684.html",
        "site_full": "kherson-news.ru",
        "site": "kherson-news.ru",
        "site_section": "https://kherson-news.ru/rss/news",
        "site_categories": [],
        "section_title": "Лента новостей Херсона",
        "site_title": "Лента новостей Херсона",
        "title": "Сальдо: ВС РФ взяли под огневой контроль трассу Херсон - Николаев",
        "title_full": "Сальдо: ВС РФ взяли под огневой контроль трассу Херсон - Николаев",
        "published": "2025-09-11T06:51:00.000+03:00",
        "replies_count": 0,
        "participants_count": 1,
        "site_type": "news",
        "country": "RU",
        "main_image": "https://kherson-news.ru/img/20250911/7e0d1e39aaa6d4ec17a7e630b51ad02d_o.jpg",
        "performance_score": 0,
        "domain_rank": 820525,
        "domain_rank_updated": "2025-06-03T00:00:00.000+03:00",
        "licensing_agency": [],
        "social": {
            "facebook": {
                "likes": 0,
                "comments": 0,
                "shares": 0
            },
            "vk": {
                "shares": 0
            }
        }
    },
    "uuid": "83227b375a093234cd5a2cdb68625ce0bb7a6bdf",
    "url": "https://kherson-news.ru/society/2025/09/11/543684.html",
    "ord_in_thread": 0,
    "author": "РЕН ТВ",
    "published": "2025-09-11T06:51:00.000+03:00",
    "title": "Сальдо: ВС РФ взяли под огневой контроль трассу Херсон - Николаев",
    "text": "Бойцы российской армии взяли под огневой контроль трассу Херсон – Николаев. Об этом сообщил глава Херсонской области Владимир Сальдо.\n\"Мы держим под контролем небо над трассой на Николаев и дорогу на Белозёрку. Работают дроны, постоянно\", – сказал он в беседе с РИА Новости.\nСальдо отметил, что украинские боевики не пользуются данной трассой из-за высоких рисков. В настоящий момент ВСУ используют обходную дорогу на Николаев через Снигиревку.\nРанее ВС РФ нанесли удар по штабу украинских боевиков в подконтрольном киевскому режиму Херсоне.\nРЕН ТВ в мессенджере МАХ – главный по происшествиям",
    "highlightText": "",
    "highlightTitle": "",
    "highlightThreadTitle": "",
    "language": "russian",
    "sentiment": null,
    "categories": null,
    "topics": null,
    "ai_allow": true,
    "has_canonical": false,
    "breaking": false,
    "webz_reporter": false,
    "external_links": [
        "http://max.ru/rentv_news",
        "http://www.max.ru/rentv_news"
    ],
    "external_images": [],
    "internal_images": [],
    "entities": {
        "persons": [],
        "locations": [],
        "organizations": []
    },
    "syndication": {
        "syndicated": null,
        "syndicate_id": null,
        "first_syndicated": false
    },
    "trust": {
        "categories": [
            "fake_news"
        ],
        "top_news": [],
        "bias": null,
        "source": {
            "type": null,
            "city": null,
            "state": null,
            "country": null,
            "domain_type": null,
            "agency": null,
            "organization_name": null
        }
    },
    "rating": null,
    "crawled": "2025-09-11T07:27:30.506+03:00",
    "updated": "2025-09-11T07:27:30.506+03:00"
}