{
    "thread": {
        "uuid": "42ca914d1e9d7eeb7674aaf84a62cda86084ad89",
        "url": "https://overpassesforamerica.com/what-amazon-told-employees-about-axing-16-000-jobs/",
        "site_full": "overpassesforamerica.com",
        "site": "overpassesforamerica.com",
        "site_section": "https://overpassesforamerica.com/",
        "site_categories": [],
        "section_title": "Overpasses for America - Business, Politics, Tech, Lifestyle",
        "site_title": "Overpasses for America - Business, Politics, Tech, Lifestyle",
        "title": "What Amazon told employees about axing 16 000 jobs",
        "title_full": "What Amazon told employees about axing 16 000 jobs",
        "published": "2026-01-28T18:34:00.000+02:00",
        "replies_count": 0,
        "participants_count": 0,
        "site_type": "news",
        "country": "US",
        "main_image": "",
        "performance_score": 0,
        "domain_rank": null,
        "domain_rank_updated": null,
        "licensing_agency": [],
        "social": {
            "facebook": {
                "likes": 0,
                "comments": 0,
                "shares": 0
            },
            "vk": {
                "shares": 0
            }
        }
    },
    "uuid": "42ca914d1e9d7eeb7674aaf84a62cda86084ad89",
    "url": "https://overpassesforamerica.com/what-amazon-told-employees-about-axing-16-000-jobs/",
    "ord_in_thread": 0,
    "author": null,
    "published": "2026-01-28T18:34:00.000+02:00",
    "title": "What Amazon told employees about axing 16 000 jobs",
    "text": "Amazon is cutting around 16 000 corporate jobs worldwide in a major workforce restructuring announced on 28 January 2026, the company confirmed in an internal memo to staff.\nThe reduction is part of a broader plan that could see close to 30 000 white-collar roles eliminated by mid-2026 as Amazon seeks to streamline its organisation after rapid pandemic-era expansion.\nThe decision affects teams across key units including cloud computing, retail, human resources and media, and comes amid broader industry layoffs across large tech firms.\nAmazon’s internal message, shared by Beth Galetti, senior vice-president of People Experience and Technology, said plainly that “the reductions we are making today will impact approximately 16,000 roles across Amazon” and emphasised support for those affected.\nThe company has framed the move as part of a long-term organisational reset rather than a short-term cost-cutting exercise. Amazon’s leadership has previously described efforts to reduce layers of bureaucracy and to improve decision-making speed as key drivers behind the cuts.\nIn the memo, Galetti referred to this ongoing restructuring, noting that earlier organisational changes had not been completed in some teams until now.\nIndustry analysts see the layoffs as part of a broader shift in tech, where companies are rebalancing workforces after over-hiring during the pandemic and realigning priorities around emerging technologies such as artificial intelligence.\nAmazon’s memo outlined specific provisions for employees whose roles are being eliminated. For US-based staff, most will be given a period to seek new positions within the company.\nAs Galetti explained: “That starts with offering most US-based employees 90 days to look for a new role internally (timing will vary internationally based on local and country level requirements).”\nThis internal transfer window mirrors practices at other large tech firms during layoffs, where companies aim to retain talent by moving employees into open positions that match their skills. However, not all affected individuals will secure new roles.\nFor those who do not find new positions or choose not to look internally, the memo said Amazon will provide a range of transition supports. Galetti wrote that for these employees the company would offer “transition support including severance pay, outplacement services, health insurance benefits (as applicable), and more.”\nThese measures are typical of large-scale layoffs and aim to cushion the impact on workers while enabling career transitions.\nStory Continues\nLayoffs at a company the size of Amazon often fuel speculation about whether they are part of an ongoing pattern. In its internal communication, Amazon sought to address this directly.\nGaletti acknowledged the uncertainty but stated that “some of you might ask if this is the beginning of a new rhythm – where we announce broad reductions every few months. That’s not our plan.”\nShe went on to affirm that normal business evaluation processes will continue, with each team assessing its capacity to deliver and innovate in a rapidly changing environment.\nAccording to the memo, “every team will continue to evaluate the ownership, speed, and capacity to invent for customers, and make adjustments as appropriate. That’s never been more important than it is today in a world that’s changing faster than ever.”\nAmazon’s reassurance parallels comments from leadership that previous rounds of layoffs were tied more to organisational culture and structural evolution than to immediate financial performance.\nDespite the scale of the job cuts, Amazon also reiterated its ongoing investments in strategic business areas. The memo highlighted that “while we’re making these changes, we’ll also continue hiring and investing in strategic areas and functions that are critical to our future.”\nThe company stated it remains in the early stages of building out its major business units, and that it sees “significant opportunity ahead,” underscoring that the layoffs are intended to refocus resources rather than halt growth.\nPublic reporting shows that, while corporate headcount is being trimmed, Amazon continues to expand in areas such as cloud infrastructure and artificial intelligence, as well as in logistics and delivery technologies.\nThe latest round of cuts follows the roughly 14 000 layoffs announced in October 2025, bringing corporate job reductions to nearly 10 per cent of Amazon’s roughly 350 000-strong office workforce.\nTech sector layoffs have remained elevated, with firms citing automation, economic uncertainty and evolving business priorities as key drivers.\nAmazon’s approach—pairing layoffs with continued hiring in strategic areas—is consistent with trends among major technology companies adjusting to post-pandemic business environments.\n“What Amazon told employees about axing 16 000 jobs” was originally created and published by Retail Insight Network , a GlobalData owned brand.\nThe information on this site has been included in good faith for general informational purposes only. It is not intended to amount to advice on which you should rely, and we give no representation, warranty or guarantee, whether express or implied as to its accuracy or completeness. You must obtain professional or specialist advice before taking, or refraining from, any action on the basis of the content on our site.\nSource link",
    "summary": "The decision affects teams across key units including cloud computing, retail, human resources and media, and comes amid broader industry layoffs across large tech firms. Industry analysts see the layoffs as part of a broader shift in tech, where companies are rebalancing workforces after over-hiring during the pandemic and realigning priorities around emerging technologies such as artificial intelligence. That’s never been more important than it is today in a world that’s changing faster than ever.” Amazon’s reassurance parallels comments from leadership that previous rounds of layoffs were tied more to organisational culture and structural evolution than to immediate financial performance.",
    "highlightText": "",
    "highlightTitle": "",
    "highlightThreadTitle": "",
    "language": "english",
    "sentiment": null,
    "categories": null,
    "topics": null,
    "ai_allow": true,
    "has_canonical": false,
    "breaking": null,
    "webz_reporter": false,
    "external_links": [
        "https://www.retail-insight-network.com/news/what-amazon-told-employees-about-axing-16-000-jobs/",
        "https://finance.yahoo.com/news/amazon-told-employees-axing-16-163421164.html",
        "https://www.finance.yahoo.com/news/amazon-told-employees-axing-16-163421164.html",
        "https://retail-insight-network.com/news/what-amazon-told-employees-about-axing-16-000-jobs/",
        "https://www.retail-insight-network.com/news/what-amazon-told-employees-about-axing-16-000-jobs"
    ],
    "external_images": [],
    "internal_images": [],
    "entities": {
        "persons": [
            {
                "name": "Beth Galetti",
                "sentiment": "none"
            }
        ],
        "locations": [],
        "organizations": [
            {
                "name": "Amazon",
                "sentiment": "none",
                "tickers": [
                    {
                        "ticker": "AMZN",
                        "exchange": "NASDAQ"
                    }
                ]
            }
        ]
    },
    "syndication": {
        "syndicated": false,
        "syndicate_id": null,
        "first_syndicated": false
    },
    "trust": {
        "categories": [
            "fake_news"
        ],
        "top_news": [],
        "bias": "right",
        "source": {
            "type": null,
            "city": null,
            "state": null,
            "country": null,
            "domain_type": null,
            "agency": null,
            "organization_name": null
        }
    },
    "rating": null,
    "crawled": "2026-01-29T07:17:42.235+02:00",
    "updated": "2026-01-29T07:17:42.235+02:00"
}