{
    "thread": {
        "uuid": "6f777cc3d130a6a72962f5b31a931ad5e7a6f2db",
        "url": "https://www.origo.hu/velemeny/2026/01/fogak-nelkul-ugat-be-nekunk-kijev",
        "site_full": "www.origo.hu",
        "site": "origo.hu",
        "site_section": "https://www.origo.hu/publicapi/hu/rss/origo/articles",
        "site_categories": [
            "sports",
            "top_news_sk",
            "top_news_hu",
            "top_news_rs",
            "top_news_at",
            "top_news_ro",
            "top_news"
        ],
        "section_title": "Origo",
        "site_title": "ORIGO",
        "title": "Fogak nélkül ugat be nekünk Kijev",
        "title_full": "Fogak nélkül ugat be nekünk Kijev",
        "published": "2026-01-29T06:55:00.000+02:00",
        "replies_count": 0,
        "participants_count": 0,
        "site_type": "news",
        "country": "HU",
        "main_image": "https://cdn.origo.hu/2026/01/ng-lwHceNFwmilmp5cHudjFfoFOODeFeTr0iXknTkmE/fill/1200/675/no/1/aHR0cHM6Ly9jbXNjZG4uYXBwLmNvbnRlbnQucHJpdmF0ZS9jb250ZW50L2VkNjAyMTc1Mzk5ZDQ4NGY5MGUyYjI2MDUzMDI3ZmRm.webp",
        "performance_score": 0,
        "domain_rank": 6913,
        "domain_rank_updated": "2026-01-25T23:00:00.000+02:00",
        "licensing_agency": [],
        "social": {
            "facebook": {
                "likes": 0,
                "comments": 0,
                "shares": 0
            },
            "vk": {
                "shares": 0
            }
        }
    },
    "uuid": "6f777cc3d130a6a72962f5b31a931ad5e7a6f2db",
    "url": "https://www.origo.hu/velemeny/2026/01/fogak-nelkul-ugat-be-nekunk-kijev",
    "ord_in_thread": 0,
    "author": null,
    "published": "2026-01-29T06:55:00.000+02:00",
    "title": "Fogak nélkül ugat be nekünk Kijev",
    "text": "Fogak nélkül nem lehet harapni, csak ugatni. Ez régi igazság, és a szomszédunkban van egy ország, ami jelenleg annak ellenére is, hogy háborúban áll egy nagyhatalommal, úgy érzi az a legfontosabb tevékenysége, hogy ránk ugasson. Vicsorogjon, de az egészből csak egy puszta ínyt látunk, amiből még a fogcsonkok is régen kihullottak (amik meg nem, azt most húzzák ki az oroszok).\nHa Ukrajnára tippeltek, akkor gratulálok, eltalálták. Kijev ugyanis olyan retorikát alkalmaz velünk szemben, mintha nem is Oroszországgal, hanem velünk állnának háborúban: a kormányfő meggyilkolására, \"felpofozására\" szólítanak fel a vezető politikusaik, és nyíltan be akarnak avatkozni a választásunkba.\nDe hol is kezdődik egy háború? A titkosszolgálati akciókkal? Esetleg magyar állampolgárok meglincselésével? Vagy az energiastruktúránk elleni nyílt (és Brüsszel által támogatott) támadásokkal? Mert ezeket mind megtették, ránk támadtak és csak a nemzeti kormány higgadtságának köszönhető, hogy mi még nem válaszoltunk, mondjuk az áram lekapcsolásával.\nMert mi nem ugatunk, de a mi szánkban vannak fogak\nMi nem válaszolunk olyan stílusban, mint amit az ukránok megengednek maguknak. Mi nem is fenyegetőzünk, mi felkészülünk, és ha kell válaszolunk. ne felejtsük ugyanis el, hogy mióta az oroszok szétlőtték a sztriji gáztározót és Kijev a fagyhalál szélén áll, azóta az egyetlen, ami még visszatartja az energiahálózatukat a teljes összeomlásuktól, az a magyar exportáram.\nKár lenne, ha kidőlne egy villanyoszlop. Nagy kár lenne. És hiába mondanánk itt bármit arról, hogy vigyázzanak mit beszélnek, mert mindennek következménye van, úgysem értenék. Nem tudják, hogy mi az, hogy következmény. Csak, amikor majd szembesülnek vele.\nOrigoGoogle News oldalán is!\nFeliratkozom",
    "summary": null,
    "highlightText": "",
    "highlightTitle": "",
    "highlightThreadTitle": "",
    "language": "hungarian",
    "sentiment": null,
    "categories": null,
    "topics": null,
    "ai_allow": true,
    "has_canonical": false,
    "breaking": true,
    "webz_reporter": false,
    "external_links": [
        "https://news.google.com/publications/CAAqMAgKIipDQklTR1FnTWFoVUtFMjl5YVdkdkxtaDFMMmx1WkdWNExtaDBiV3dvQUFQAQ?hl=hu&gl=HU&ceid=HU%3Ahu",
        "https://www.facebook.com/share/r/184cjoo3KY/",
        "https://www.news.google.com/publications/CAAqMAgKIipDQklTR1FnTWFoVUtFMjl5YVdkdkxtaDFMMmx1WkdWNExtaDBiV3dvQUFQAQ?hl=hu&gl=HU&ceid=HU%3Ahu",
        "https://www.facebook.com/share/r/184cjoo3KY",
        "https://news.google.com/publications/CAAqMAgKIipDQklTR1FnTWFoVUtFMjl5YVdkdkxtaDFMMmx1WkdWNExtaDBiV3dvQUFQAQ",
        "https://facebook.com/share/r/184cjoo3KY/"
    ],
    "external_images": [],
    "internal_images": [],
    "entities": {
        "persons": [],
        "locations": [],
        "organizations": []
    },
    "syndication": {
        "syndicated": null,
        "syndicate_id": null,
        "first_syndicated": false
    },
    "trust": {
        "categories": [
            "fake_news"
        ],
        "top_news": [
            "top_news_sk",
            "top_news_hu",
            "top_news_rs",
            "top_news_at",
            "top_news_ro",
            "top_news"
        ],
        "bias": "right",
        "source": {
            "type": null,
            "city": null,
            "state": null,
            "country": null,
            "domain_type": null,
            "agency": null,
            "organization_name": null
        }
    },
    "rating": null,
    "crawled": "2026-01-29T07:19:43.490+02:00",
    "updated": "2026-01-29T07:19:43.490+02:00"
}