{
    "thread": {
        "uuid": "9577612a4285d35e5dbff5d441f305c64595bcc8",
        "url": "https://www.youtube.com/watch?v=EuNBKQDNT0I",
        "site_full": "www.youtube.com",
        "site": "youtube.com",
        "site_section": "https://feeder.co/out/folder/b56555f848.rss",
        "site_categories": [
            "television",
            "",
            "entertainment",
            "crime, law and justice",
            "politics",
            "war, conflict and unrest",
            "sport",
            "economy, business and finance"
        ],
        "section_title": "Video Channels",
        "site_title": "YouTube",
        "title": "Snyder: Trump administration using words like 'terrorist' and 'extremist' is what tyrants do",
        "title_full": "Snyder: Trump administration using words like 'terrorist' and 'extremist' is what tyrants do",
        "published": "2026-01-29T06:26:00.000+02:00",
        "replies_count": 45,
        "participants_count": 45,
        "site_type": "news",
        "country": "US",
        "main_image": "https://i.ytimg.com/vi/EuNBKQDNT0I/maxresdefault.jpg",
        "performance_score": 0,
        "domain_rank": 9,
        "domain_rank_updated": "2026-01-25T23:00:00.000+02:00",
        "licensing_agency": [],
        "social": {
            "facebook": {
                "likes": 0,
                "comments": 0,
                "shares": 0
            },
            "vk": {
                "shares": 0
            }
        }
    },
    "uuid": "e03629ee2ad1b3f0e3628351739a8130ace6e43c",
    "url": "https://www.youtube.com/watch?v=EuNBKQDNT0I#post-23",
    "ord_in_thread": 23,
    "author": "@vstanick",
    "published": "2026-01-29T06:45:00.000+02:00",
    "title": "",
    "text": "Thank you, Lawrence! Your nightly segment is always great...This was one of the best!",
    "summary": null,
    "highlightText": "",
    "highlightTitle": "",
    "highlightThreadTitle": "",
    "language": "english",
    "sentiment": null,
    "categories": null,
    "topics": null,
    "ai_allow": true,
    "has_canonical": false,
    "breaking": null,
    "webz_reporter": false,
    "external_links": null,
    "external_images": null,
    "internal_images": null,
    "entities": {
        "persons": [],
        "locations": [],
        "organizations": []
    },
    "syndication": {
        "syndicated": false,
        "syndicate_id": null,
        "first_syndicated": false
    },
    "trust": {
        "categories": [
            "fake_news"
        ],
        "top_news": [],
        "bias": "left",
        "source": {
            "type": null,
            "city": null,
            "state": null,
            "country": null,
            "domain_type": null,
            "agency": null,
            "organization_name": null
        }
    },
    "rating": null,
    "crawled": "2026-01-29T07:22:49.529+02:00",
    "updated": "2026-01-29T07:22:49.529+02:00"
}