{
    "thread": {
        "uuid": "815b10877060ee137991124df30dedfbee4b62a8",
        "url": "https://www.youtube.com/watch?v=qC8tKxuR5Ig",
        "site_full": "www.youtube.com",
        "site": "youtube.com",
        "site_section": "https://feeder.co/out/folder/b56555f848.rss",
        "site_categories": [
            "television",
            "",
            "entertainment",
            "crime, law and justice",
            "politics",
            "war, conflict and unrest",
            "sport",
            "economy, business and finance"
        ],
        "section_title": "Video Channels",
        "site_title": "YouTube",
        "title": "Lawrence: How will you say 'no' to Donald Trump and Stephen Miller's cruelty?",
        "title_full": "Lawrence: How will you say 'no' to Donald Trump and Stephen Miller's cruelty?",
        "published": "2026-01-29T06:46:00.000+02:00",
        "replies_count": 76,
        "participants_count": 60,
        "site_type": "news",
        "country": "US",
        "main_image": "https://i.ytimg.com/vi/qC8tKxuR5Ig/maxresdefault.jpg",
        "performance_score": 0,
        "domain_rank": 9,
        "domain_rank_updated": "2026-01-25T23:00:00.000+02:00",
        "licensing_agency": [],
        "social": {
            "facebook": {
                "likes": 0,
                "comments": 0,
                "shares": 0
            },
            "vk": {
                "shares": 0
            }
        }
    },
    "uuid": "6e5d76f32853b8027e1cbd390ba7200f3cfa44f6",
    "url": "https://www.youtube.com/watch?v=qC8tKxuR5Ig#post-32",
    "ord_in_thread": 32,
    "author": "@colincrawford624",
    "published": "2026-01-29T07:01:00.000+02:00",
    "title": "",
    "text": "I wont because they arent doing any . Democrats keep sending out their useful idiots to stalk and attack federal law enforcement officers. What democrats are doing is right out of Saul Alinskys playbook Rules for Radicals .",
    "summary": null,
    "highlightText": "",
    "highlightTitle": "",
    "highlightThreadTitle": "",
    "language": "english",
    "sentiment": null,
    "categories": null,
    "topics": null,
    "ai_allow": true,
    "has_canonical": false,
    "breaking": null,
    "webz_reporter": false,
    "external_links": null,
    "external_images": null,
    "internal_images": null,
    "entities": {
        "persons": [],
        "locations": [],
        "organizations": []
    },
    "syndication": {
        "syndicated": false,
        "syndicate_id": null,
        "first_syndicated": false
    },
    "trust": {
        "categories": [
            "fake_news"
        ],
        "top_news": [],
        "bias": "left",
        "source": {
            "type": null,
            "city": null,
            "state": null,
            "country": null,
            "domain_type": null,
            "agency": null,
            "organization_name": null
        }
    },
    "rating": null,
    "crawled": "2026-01-29T07:22:54.321+02:00",
    "updated": "2026-01-29T07:22:54.321+02:00"
}