{
    "thread": {
        "uuid": "f04a9cfe8e93a2bcb07033a225f152c51c02c02c",
        "url": "https://tiraspol-news.ru/society/2026/01/29/232497.html",
        "site_full": "tiraspol-news.ru",
        "site": "tiraspol-news.ru",
        "site_section": "https://tiraspol-news.ru/",
        "site_categories": [],
        "section_title": "Лента новостей Приднестровья",
        "site_title": "Лента новостей Приднестровья",
        "title": "29 января ожидается облачная погода, местами небольшой дождь - Лента новостей Приднестровья",
        "title_full": "29 января ожидается облачная погода, местами небольшой дождь - Лента новостей Приднестровья",
        "published": "2026-01-29T07:10:00.000+02:00",
        "replies_count": 0,
        "participants_count": 1,
        "site_type": "news",
        "country": "MD",
        "main_image": "https://tiraspol-news.ru/img/20260129/8c52bc0d65a3d0048dec9c9ff2e40947_o.jpg",
        "performance_score": 0,
        "domain_rank": null,
        "domain_rank_updated": null,
        "licensing_agency": [],
        "social": {
            "facebook": {
                "likes": 0,
                "comments": 0,
                "shares": 0
            },
            "vk": {
                "shares": 0
            }
        }
    },
    "uuid": "f04a9cfe8e93a2bcb07033a225f152c51c02c02c",
    "url": "https://tiraspol-news.ru/society/2026/01/29/232497.html",
    "ord_in_thread": 0,
    "author": "Первое Радио - Приднестровье",
    "published": "2026-01-29T07:10:00.000+02:00",
    "title": "29 января ожидается облачная погода, местами небольшой дождь - Лента новостей Приднестровья",
    "text": "29 января ожидается облачная погода, местами небольшой дождь.\nНа дорогах гололедица.\nВетер юго-восточный 5-8 м/с.\nТемпература воздуха ночью по северу и югу около 0°С;\nТемпература воздуха днем по северу +1...+3°С, по югу +2...+4°С.\nАтмосферное давление ниже нормы. В последующие сутки временами осадки, небольшое понижение дневной температуры воздуха.\nВосход 07:27\nЗаход 17:01",
    "summary": null,
    "highlightText": "",
    "highlightTitle": "",
    "highlightThreadTitle": "",
    "language": "russian",
    "sentiment": null,
    "categories": null,
    "topics": null,
    "ai_allow": true,
    "has_canonical": false,
    "breaking": false,
    "webz_reporter": false,
    "external_links": [],
    "external_images": [],
    "internal_images": [],
    "entities": {
        "persons": [],
        "locations": [],
        "organizations": []
    },
    "syndication": {
        "syndicated": null,
        "syndicate_id": null,
        "first_syndicated": false
    },
    "trust": {
        "categories": [
            "fake_news"
        ],
        "top_news": [],
        "bias": null,
        "source": {
            "type": null,
            "city": null,
            "state": null,
            "country": null,
            "domain_type": null,
            "agency": null,
            "organization_name": null
        }
    },
    "rating": null,
    "crawled": "2026-01-29T07:16:19.691+02:00",
    "updated": "2026-01-29T07:16:19.691+02:00"
}