{
    "thread": {
        "uuid": "22aaf3d330bb6ee1a8cdd8b9f3316bb1afac35f9",
        "url": "https://www.youtube.com/watch?v=6Irn2IPmGvk",
        "site_full": "www.youtube.com",
        "site": "youtube.com",
        "site_section": "https://rss.app/feeds/_sbrgugtrmg2i2muu.xml",
        "site_categories": [
            "war, conflict and unrest",
            "entertainment",
            "television",
            "economy, business and finance",
            "crime, law and justice",
            "politics",
            "sport"
        ],
        "section_title": "Trump Investigations: Butler Farm Show",
        "site_title": "YouTube",
        "title": "Donald Trump Is Nothing To Smile About | Mike Johnson vs. Pope Leo XIV | Bezos \"Murders\" Journalism",
        "title_full": "Donald Trump Is Nothing To Smile About | Mike Johnson vs. Pope Leo XIV | Bezos \"Murders\" Journalism",
        "published": "2026-02-05T06:50:00.000+02:00",
        "replies_count": 97,
        "participants_count": 92,
        "site_type": "news",
        "country": "US",
        "main_image": "https://i.ytimg.com/vi/6Irn2IPmGvk/hqdefault.jpg",
        "performance_score": 0,
        "domain_rank": 9,
        "domain_rank_updated": "2026-02-01T23:00:00.000+02:00",
        "licensing_agency": [],
        "social": {
            "facebook": {
                "likes": 0,
                "comments": 0,
                "shares": 0
            },
            "vk": {
                "shares": 0
            }
        }
    },
    "uuid": "dba17c5e0439c906d6d946dc5c8ef4b1aab4da5e",
    "url": "https://www.youtube.com/watch?v=6Irn2IPmGvk#post-18",
    "ord_in_thread": 18,
    "author": "@caleb4221",
    "published": "2026-02-05T07:07:00.000+02:00",
    "title": "",
    "text": "Stephen Colbert is the force that is healing this recovering catholic. Up until now, I only remained catholic for the jokes and midnight mass.",
    "summary": null,
    "highlightText": "",
    "highlightTitle": "",
    "highlightThreadTitle": "",
    "language": "english",
    "sentiment": null,
    "categories": null,
    "topics": null,
    "ai_allow": true,
    "has_canonical": false,
    "breaking": null,
    "webz_reporter": false,
    "external_links": null,
    "external_images": null,
    "internal_images": null,
    "entities": {
        "persons": [],
        "locations": [],
        "organizations": []
    },
    "syndication": {
        "syndicated": false,
        "syndicate_id": null,
        "first_syndicated": false
    },
    "trust": {
        "categories": [
            "fake_news"
        ],
        "top_news": [],
        "bias": "left",
        "source": {
            "type": null,
            "city": null,
            "state": null,
            "country": null,
            "domain_type": null,
            "agency": null,
            "organization_name": null
        }
    },
    "rating": null,
    "crawled": "2026-02-05T07:21:51.347+02:00",
    "updated": "2026-02-05T13:10:24.895+02:00"
}