{
    "thread": {
        "uuid": "19107d8c336fc2bddda681fb300911640399ed25",
        "url": "https://www.newsbreak.com/crime/los-angeles-ca/26569_1762405485_wdiocyjx-suspect-in-custody-near-ventura-blvd-and-sylvan-canyon",
        "site_full": "www.newsbreak.com",
        "site": "newsbreak.com",
        "site_section": "https://www.newsbreak.com/crime/los-angeles-ca",
        "site_categories": [
            "under_construction"
        ],
        "section_title": "Los Angeles, CA Crime Map &amp; Safety Statistics | CrimeRadar",
        "site_title": "NewsBreak: Local News &amp; Alerts",
        "title": "Suspect in custody near Ventura Blvd and Sylvan Canyon",
        "title_full": "Suspect in custody near Ventura Blvd and Sylvan Canyon",
        "published": "2025-11-05T23:04:00.000+02:00",
        "replies_count": 0,
        "participants_count": 1,
        "site_type": "news",
        "country": "US",
        "main_image": "https://ui.prt.news/34.15885,-118.49931.jpeg",
        "performance_score": 0,
        "domain_rank": 2819,
        "domain_rank_updated": "2025-10-26T23:00:00.000+02:00",
        "licensing_agency": [],
        "social": {
            "facebook": {
                "likes": 0,
                "comments": 0,
                "shares": 0
            },
            "vk": {
                "shares": 0
            }
        }
    },
    "uuid": "19107d8c336fc2bddda681fb300911640399ed25",
    "url": "https://www.newsbreak.com/crime/los-angeles-ca/26569_1762405485_wdiocyjx-suspect-in-custody-near-ventura-blvd-and-sylvan-canyon",
    "ord_in_thread": 0,
    "author": "CrimeRadar",
    "published": "2025-11-05T23:04:00.000+02:00",
    "title": "Suspect in custody near Ventura Blvd and Sylvan Canyon",
    "text": "Suspect in custody near Ventura Blvd and Sylvan Canyon, Los Angeles CA\nOther Crimes\nVentura Blvd, Los Angeles, CAA suspect was taken into custody near Ventura Boulevard and Sylvan Canyon. A follow-up is requested at a location near Ventura Boulevard with a supervisor responding to Tobias.\nAudio|Source: LAPD Dispatch - Valley Bureau\n00:42\nTranscript:\n00:00\nAll yes, oh yes, (name withheld) is an envoy suspect in custody.\n00:08\n21 BCP 5, Tosknoticed on a TECN, non-VOLAVLVVVVVVVVVVVVVVVV near Ventura Blvd and Sylvan Canyon.\n00:18\nI'm looking for one, can you show myself and (name withheld) follow up at scene near Ventura Blvd.\n00:24\nRoger. Roger.\n00:30\nThank you, supervisor at my location on (name withheld).\n00:39\n(number withheld) Tobias, Tobias, Code 3[1], traffic call.\nPolice codes explained\nThe following codes appeared in the transcript and are explained below:\n[1]\nCode 3: Emergency response; proceed immediately with lights and siren.\nDisclaimer:\nThis transcript was automatically generated and may contain inaccuracies. Please verify the information independently.\nLocation mentioned:\nVentura Blvd, Los Angeles, CA\nThis shows a Google Street View of the area near the location, which might not be the exact address.\nCorrect\nIncorrect",
    "highlightText": "",
    "highlightTitle": "",
    "highlightThreadTitle": "",
    "language": "english",
    "sentiment": "neutral",
    "categories": [
        "Crime, Law and Justice"
    ],
    "topics": [
        "Crime, Law and Justice->arrest"
    ],
    "ai_allow": true,
    "has_canonical": false,
    "breaking": null,
    "webz_reporter": false,
    "external_links": [],
    "external_images": [],
    "internal_images": [],
    "entities": {
        "persons": [
            {
                "name": "Lo",
                "sentiment": "negative"
            },
            {
                "name": "Tobias",
                "sentiment": "none"
            },
            {
                "name": "Roger",
                "sentiment": "none"
            }
        ],
        "locations": [
            {
                "name": "Ventura Blvd.",
                "sentiment": "none"
            },
            {
                "name": "Sylvan",
                "sentiment": "none"
            },
            {
                "name": "Ventura Boulevard",
                "sentiment": "none"
            }
        ],
        "organizations": [
            {
                "name": "LAPD Dispatch - Valley Bureau",
                "sentiment": "none",
                "tickers": [
                    {
                        "ticker": null,
                        "exchange": null
                    }
                ]
            },
            {
                "name": "CAA",
                "sentiment": "none",
                "tickers": [
                    {
                        "ticker": "CAA",
                        "exchange": "NYSE"
                    }
                ]
            }
        ]
    },
    "syndication": {
        "syndicated": false,
        "syndicate_id": null,
        "first_syndicated": false
    },
    "trust": {
        "categories": [
            "fake_news"
        ],
        "top_news": [],
        "bias": "center",
        "source": {
            "type": null,
            "city": null,
            "state": null,
            "country": null,
            "domain_type": null,
            "agency": null,
            "organization_name": null
        }
    },
    "rating": null,
    "crawled": "2025-11-06T07:17:02.351+02:00",
    "updated": "2025-11-06T07:21:14.000+02:00"
}