{
    "thread": {
        "uuid": "6431f27c696ae9a838dd267fb4ed73a386a936ee",
        "url": "https://phxreporter.com/arizona-republican-assembly-founder-on-parenting-parents-have-become-less-sturdy-in-how-we-deal-with-our-children/",
        "site_full": "phxreporter.com",
        "site": "phxreporter.com",
        "site_section": "https://phxreporter.com",
        "site_categories": [],
        "section_title": "PHX Reporter",
        "site_title": "Phx Reporter",
        "title": "Arizona Republican Assembly founder on parenting: Parents have 'become less sturdy in how we deal with our children'",
        "title_full": "Arizona Republican Assembly founder on parenting: Parents have 'become less sturdy in how we deal with our children'",
        "published": "2025-11-05T21:30:00.000+02:00",
        "replies_count": 0,
        "participants_count": 1,
        "site_type": "news",
        "country": "US",
        "main_image": "https://d33ioocfz0fzi4.cloudfront.net/jns-media/c4/61/27022873/webp_grand_canyon_times.webp",
        "performance_score": 0,
        "domain_rank": null,
        "domain_rank_updated": null,
        "licensing_agency": [],
        "social": {
            "facebook": {
                "likes": 0,
                "comments": 0,
                "shares": 0
            },
            "vk": {
                "shares": 0
            }
        }
    },
    "uuid": "6431f27c696ae9a838dd267fb4ed73a386a936ee",
    "url": "https://phxreporter.com/arizona-republican-assembly-founder-on-parenting-parents-have-become-less-sturdy-in-how-we-deal-with-our-children/",
    "ord_in_thread": 0,
    "author": "phx reporter",
    "published": "2025-11-05T21:30:00.000+02:00",
    "title": "Arizona Republican Assembly founder on parenting: Parents have 'become less sturdy in how we deal with our children'",
    "text": "Phil Mason, founder of the Arizona Republican Assembly, has urged families to reassert parental authority by emphasizing discipline and respect rather than fostering friendships with their children. This statement was made in the Grand Canyon Times.\n“We need to recognize that we have, over the last three or four generations, become less sturdy in how we deal with our children,” said Mason. “We’ve become compassionate, loving friends of our children instead of becoming parents of our children. Respect is the foundation of love and they respect you, then you have to hold them accountable and be the parent.”\nAccording to Arizona policymakers, there is an increasing emphasis on parental authority and family values within K–12 education. Measures such as SB 1443 and the reaffirmation of Arizona’s Parents’ Bill of Rights aim to reserve educational and disciplinary control for parents. These debates, centered on moral instruction and parental oversight, reflect broader national conversations on school culture, as reported by the Arizona Legislature and Department of Education.\nA 2023 report from the Pew Research Center found that 62% of American parents believe children today lack discipline, while 70% say respect for parental authority has declined. In Arizona, similar sentiments are reflected in local polling, which shows strong bipartisan agreement that parents should set behavioral standards at home and in schools.\nA study published in 2022 by the National Institutes of Health (NIH) found that children raised in authoritative households—where warmth is combined with firm boundaries—showed higher academic performance and emotional stability compared to those from permissive homes. Researchers linked accountability-based parenting to better self-regulation and social outcomes.\nMason serves as president of the Arizona Republican Assembly and has a background in GOP legislative and civic leadership, including prior service as research director for the Arizona Joint Legislative Audit Committee. He advocates for family-centered education policies and traditional parental roles in schools.\nThe Arizona Republican Assembly (AZRA), founded in 1993 as the state affiliate of the National Federation of Republican Assemblies (NFRA), promotes conservative values including parental rights, limited government, and moral education. The group operates local chapters across Arizona and engages in advocacy for family and education reform.",
    "highlightText": "",
    "highlightTitle": "",
    "highlightThreadTitle": "",
    "language": "english",
    "sentiment": null,
    "categories": null,
    "topics": null,
    "ai_allow": true,
    "has_canonical": false,
    "breaking": null,
    "webz_reporter": false,
    "external_links": [
        "https://www.azleg.gov/ars/1/00602.htm",
        "https://azleg.gov/ars/1/00602.htm"
    ],
    "external_images": [],
    "internal_images": [],
    "entities": {
        "persons": [
            {
                "name": "Phil Mason",
                "sentiment": "none"
            }
        ],
        "locations": [],
        "organizations": [
            {
                "name": "Arizona Republican Assembly",
                "sentiment": "none",
                "tickers": []
            },
            {
                "name": "Department of Education",
                "sentiment": "none",
                "tickers": [
                    {
                        "ticker": null,
                        "exchange": null
                    }
                ]
            },
            {
                "name": "Arizona Legislature",
                "sentiment": "none",
                "tickers": [
                    {
                        "ticker": null,
                        "exchange": null
                    }
                ]
            },
            {
                "name": "Grand Canyon Times",
                "sentiment": "none",
                "tickers": []
            }
        ]
    },
    "syndication": {
        "syndicated": false,
        "syndicate_id": null,
        "first_syndicated": false
    },
    "trust": {
        "categories": [
            "fake_news"
        ],
        "top_news": [],
        "bias": "center",
        "source": {
            "type": null,
            "city": null,
            "state": null,
            "country": null,
            "domain_type": null,
            "agency": null,
            "organization_name": null
        }
    },
    "rating": null,
    "crawled": "2025-11-06T07:24:53.151+02:00",
    "updated": "2025-11-06T07:24:53.151+02:00"
}