{
    "thread": {
        "uuid": "c2fe4cded7a7a7bbd66ce9abf325760e5e413f0e",
        "url": "https://www.newsbreak.com/pennlive-com-512963/4334034766021-hacc-defies-sunshine-act-accuses-faculty-of-yanking-materials-as-dispute-continues",
        "site_full": "www.newsbreak.com",
        "site": "newsbreak.com",
        "site_section": "https://www.newsbreak.com/pennlive-com-512963",
        "site_categories": [
            "under_construction"
        ],
        "section_title": "PennLive.com&#x27;s Home Page | NewsBreak",
        "site_title": "NewsBreak: Local News &amp; Alerts",
        "title": "HACC defies Sunshine Act, accuses faculty of yanking materials as dispute continues - NewsBreak",
        "title_full": "HACC defies Sunshine Act, accuses faculty of yanking materials as dispute continues - NewsBreak",
        "published": "2025-11-06T05:17:00.000+02:00",
        "replies_count": 0,
        "participants_count": 1,
        "site_type": "news",
        "country": "US",
        "main_image": "https://img.particlenews.com/img/id/2gwYkN_16K45UPG00",
        "performance_score": 0,
        "domain_rank": 2819,
        "domain_rank_updated": "2025-10-26T23:00:00.000+02:00",
        "licensing_agency": [],
        "social": {
            "facebook": {
                "likes": 0,
                "comments": 0,
                "shares": 0
            },
            "vk": {
                "shares": 0
            }
        }
    },
    "uuid": "c2fe4cded7a7a7bbd66ce9abf325760e5e413f0e",
    "url": "https://www.newsbreak.com/pennlive-com-512963/4334034766021-hacc-defies-sunshine-act-accuses-faculty-of-yanking-materials-as-dispute-continues",
    "ord_in_thread": 0,
    "author": "Zack Hoopes",
    "published": "2025-11-06T05:17:00.000+02:00",
    "title": "HACC defies Sunshine Act, accuses faculty of yanking materials as dispute continues - NewsBreak",
    "text": "By Zack Hoopes ,\n2 hours ago HACC’s faculty union and the college’s administration failed to reach a deal during a bargaining session Wednesday night that lasted a mere 12 minutes, according to the union, leaving open the possibility that faculty may return to striking in the coming days. Union members are planning to be... Read full article\nRead in NewsBreak",
    "highlightText": "",
    "highlightTitle": "",
    "highlightThreadTitle": "",
    "language": "english",
    "sentiment": "negative",
    "categories": [
        "Education",
        "Politics"
    ],
    "topics": [
        "Education->college and university",
        "Education->teachers",
        "Politics->government",
        "Politics->education policy"
    ],
    "ai_allow": true,
    "has_canonical": false,
    "breaking": null,
    "webz_reporter": false,
    "external_links": [],
    "external_images": [],
    "internal_images": [],
    "entities": {
        "persons": [
            {
                "name": "Zack Hoopes",
                "sentiment": "negative"
            }
        ],
        "locations": [],
        "organizations": []
    },
    "syndication": {
        "syndicated": false,
        "syndicate_id": null,
        "first_syndicated": false
    },
    "trust": {
        "categories": [
            "fake_news"
        ],
        "top_news": [],
        "bias": "center",
        "source": {
            "type": null,
            "city": null,
            "state": null,
            "country": null,
            "domain_type": null,
            "agency": null,
            "organization_name": null
        }
    },
    "rating": null,
    "crawled": "2025-11-06T07:19:19.672+02:00",
    "updated": "2025-11-06T07:27:41.000+02:00"
}