{
    "thread": {
        "uuid": "e12a640e77f9e47e0b5ea2b05c0d5e23ff727439",
        "url": "http://shandong.chinadaily.com.cn/2025-11/06/c_1138239.htm",
        "site_full": "shandong.chinadaily.com.cn",
        "site": "chinadaily.com.cn",
        "site_section": "http://shandong.chinadaily.com.cn",
        "site_categories": [],
        "section_title": "Shandong, China",
        "site_title": "China Daily Website - Connecting China Connecting the World",
        "title": "China's 240-hour visa-free transit policy",
        "title_full": "China's 240-hour visa-free transit policy",
        "published": "2025-11-06T02:00:00.000+02:00",
        "replies_count": 0,
        "participants_count": 0,
        "site_type": "news",
        "country": "CN",
        "main_image": "",
        "performance_score": 0,
        "domain_rank": 2555,
        "domain_rank_updated": "2025-10-26T23:00:00.000+02:00",
        "licensing_agency": [],
        "social": {
            "facebook": {
                "likes": 0,
                "comments": 0,
                "shares": 0
            },
            "vk": {
                "shares": 0
            }
        }
    },
    "uuid": "e12a640e77f9e47e0b5ea2b05c0d5e23ff727439",
    "url": "http://shandong.chinadaily.com.cn/2025-11/06/c_1138239.htm",
    "ord_in_thread": 0,
    "author": null,
    "published": "2025-11-06T02:00:00.000+02:00",
    "title": "China's 240-hour visa-free transit policy",
    "text": "HOME\n中文\nbtn-search\nbtn-facebook\nbtn-twitter\nSearch\nChina's 240-hour visa-free transit policy\n(english.www.gov.cn)\n|\nUpdated : 2025-11-06\nPrint\nPrint",
    "highlightText": "",
    "highlightTitle": "",
    "highlightThreadTitle": "",
    "language": "english",
    "sentiment": "neutral",
    "categories": [
        "Politics"
    ],
    "topics": [
        "Politics->international relations"
    ],
    "ai_allow": true,
    "has_canonical": false,
    "breaking": null,
    "webz_reporter": false,
    "external_links": [],
    "external_images": [],
    "internal_images": [],
    "entities": {
        "persons": [],
        "locations": [],
        "organizations": []
    },
    "syndication": {
        "syndicated": false,
        "syndicate_id": null,
        "first_syndicated": false
    },
    "trust": {
        "categories": [
            "fake_news"
        ],
        "top_news": [],
        "bias": null,
        "source": {
            "type": null,
            "city": null,
            "state": null,
            "country": null,
            "domain_type": null,
            "agency": null,
            "organization_name": null
        }
    },
    "rating": null,
    "crawled": "2025-11-06T07:18:29.819+02:00",
    "updated": "2025-11-06T07:20:05.000+02:00"
}