{
    "thread": {
        "uuid": "1d4267c9d80cd9e230941f520e62021c99ee0788",
        "url": "https://ria.ru/20251106/aeroporty-2053118854.html",
        "site_full": "ria.ru",
        "site": "ria.ru",
        "site_section": "https://ria.ru/export/rss2/archive/index.xml",
        "site_categories": [
            "sports",
            "top_news_ru",
            "top_news_nl",
            "top_news_ua",
            "top_news_il",
            "top_news_cz",
            "top_news_sk",
            "top_news"
        ],
        "section_title": "РИА Новости",
        "site_title": "РИА Новости - события в Москве, России и мире сегодня: темы дня, фото, видео, инфографика, радио",
        "title": "Аэропорты Нижнекамска и Оренбурга вернулись к штатной работе - РИА Новости, 06.11.2025",
        "title_full": "Аэропорты Нижнекамска и Оренбурга вернулись к штатной работе - РИА Новости, 06.11.2025",
        "published": "2025-11-06T07:27:00.000+02:00",
        "replies_count": 0,
        "participants_count": 1,
        "site_type": "news",
        "country": "RU",
        "main_image": "https://cdnn21.img.ria.ru/images/sharing/article/2053118854.jpg?20136926911762406824",
        "performance_score": 0,
        "domain_rank": 2070,
        "domain_rank_updated": "2025-10-26T23:00:00.000+02:00",
        "licensing_agency": [],
        "social": {
            "facebook": {
                "likes": 0,
                "comments": 0,
                "shares": 0
            },
            "vk": {
                "shares": 0
            }
        }
    },
    "uuid": "1d4267c9d80cd9e230941f520e62021c99ee0788",
    "url": "https://ria.ru/20251106/aeroporty-2053118854.html",
    "ord_in_thread": 0,
    "author": "РИА Новости",
    "published": "2025-11-06T07:27:00.000+02:00",
    "title": "Аэропорты Нижнекамска и Оренбурга вернулись к штатной работе - РИА Новости, 06.11.2025",
    "text": "В АЭРОПОРТАХ НИЖНЕКАМСКА И ОРЕНБУРГА СНЯТЫ ОГРАНИЧЕНИЯ НА ПРИЕМ И ВЫПУСК ВОЗДУШНЫХ СУДОВ - РОСАВИАЦИЯ РИА Новости",
    "highlightText": "",
    "highlightTitle": "",
    "highlightThreadTitle": "",
    "language": "russian",
    "sentiment": "neutral",
    "categories": [
        "Labor",
        "Politics"
    ],
    "topics": [
        "Labor->labour market"
    ],
    "ai_allow": true,
    "has_canonical": false,
    "breaking": true,
    "webz_reporter": false,
    "external_links": [],
    "external_images": [],
    "internal_images": [],
    "entities": {
        "persons": [],
        "locations": [],
        "organizations": []
    },
    "syndication": {
        "syndicated": null,
        "syndicate_id": null,
        "first_syndicated": false
    },
    "trust": {
        "categories": [
            "fake_news"
        ],
        "top_news": [
            "top_news_ru",
            "top_news_nl",
            "top_news_ua",
            "top_news_il",
            "top_news_cz",
            "top_news_sk",
            "top_news"
        ],
        "bias": "center",
        "source": {
            "type": null,
            "city": null,
            "state": null,
            "country": null,
            "domain_type": null,
            "agency": null,
            "organization_name": null
        }
    },
    "rating": null,
    "crawled": "2025-11-06T07:29:03.119+02:00",
    "updated": "2025-11-07T08:11:52.000+02:00"
}