{
    "thread": {
        "uuid": "e9eb8901ad815d3c81d8fd2f4be19b4359672a92",
        "url": "https://www.balasaguntimes.com/accident/%d0%bc%d0%b8%d0%b0-%d0%b3%d0%be%d1%82-%d0%b8-%d0%bf%d0%b0%d1%80%d0%be%d1%87%d0%ba%d0%b0-%d1%87%d1%83%d0%b4%d0%be%d0%b2%d0%b8%d1%89-%d0%bd%d0%b0-%d0%bf%d0%be%d1%81%d1%82%d0%b5%d1%80%d0%b0%d1%85-%d0%b3",
        "site_full": "www.balasaguntimes.com",
        "site": "balasaguntimes.com",
        "site_section": "https://balasaguntimes.com",
        "site_categories": [],
        "section_title": "Balasagun Times",
        "site_title": "Balasagun Times",
        "title": "Миа Гот и парочка чудовищ на постерах готического ужастика Гильермо дель Торо «Франкенштейн»",
        "title_full": "Миа Гот и парочка чудовищ на постерах готического ужастика Гильермо дель Торо «Франкенштейн»",
        "published": "2025-11-06T07:08:00.000+02:00",
        "replies_count": 0,
        "participants_count": 1,
        "site_type": "news",
        "country": "",
        "main_image": "",
        "performance_score": 0,
        "domain_rank": null,
        "domain_rank_updated": null,
        "licensing_agency": [],
        "social": {
            "facebook": {
                "likes": 0,
                "comments": 0,
                "shares": 0
            },
            "vk": {
                "shares": 0
            }
        }
    },
    "uuid": "e9eb8901ad815d3c81d8fd2f4be19b4359672a92",
    "url": "https://www.balasaguntimes.com/accident/%d0%bc%d0%b8%d0%b0-%d0%b3%d0%be%d1%82-%d0%b8-%d0%bf%d0%b0%d1%80%d0%be%d1%87%d0%ba%d0%b0-%d1%87%d1%83%d0%b4%d0%be%d0%b2%d0%b8%d1%89-%d0%bd%d0%b0-%d0%bf%d0%be%d1%81%d1%82%d0%b5%d1%80%d0%b0%d1%85-%d0%b3",
    "ord_in_thread": 0,
    "author": "Tina",
    "published": "2025-11-06T07:08:00.000+02:00",
    "title": "Миа Гот и парочка чудовищ на постерах готического ужастика Гильермо дель Торо «Франкенштейн»",
    "text": "Потоковая платформа Netflix, покрутив новый фильм культового режиссёра-визионера Гильермо дель Торо «Франкенштейн» в ограниченном кинопрокате, 7 ноября выпустит ленту на стриминге.\nСвежая парочка плакатов напоминает всем, что их ждёт:\nАфиши намекают, что в этой истории все центральные персонажи, которых изображают Оскар Айзек и Джейкоб Элорди, — в своём роде монстры. Один — одержимый безумец, вообразивший себя богом, второй — жертва бесчеловечного эксперимента. И ещё оба неровно дышат к героине Мии Гот.",
    "highlightText": "",
    "highlightTitle": "",
    "highlightThreadTitle": "",
    "language": "russian",
    "sentiment": null,
    "categories": null,
    "topics": null,
    "ai_allow": true,
    "has_canonical": false,
    "breaking": false,
    "webz_reporter": false,
    "external_links": [
        "http://www.impawards.com/2025/frankenstein_ver11.html",
        "https://kg-portal.ru/movies/frankenstein2024/",
        "http://impawards.com/2025/frankenstein_ver11.html",
        "https://kg-portal.ru/movies/frankenstein2024",
        "https://www.kg-portal.ru/movies/frankenstein2024/"
    ],
    "external_images": [],
    "internal_images": [],
    "entities": {
        "persons": [],
        "locations": [],
        "organizations": []
    },
    "syndication": {
        "syndicated": null,
        "syndicate_id": null,
        "first_syndicated": false
    },
    "trust": {
        "categories": [
            "fake_news"
        ],
        "top_news": [],
        "bias": null,
        "source": {
            "type": null,
            "city": null,
            "state": null,
            "country": null,
            "domain_type": null,
            "agency": null,
            "organization_name": null
        }
    },
    "rating": null,
    "crawled": "2025-11-06T07:22:20.011+02:00",
    "updated": "2025-11-06T07:22:20.011+02:00"
}