{
    "thread": {
        "uuid": "90293c4bb108811826fff54721e33e3954446bb6",
        "url": "https://news.ru/society/kakoj-segodnya-den-prazdniki-i-pamyatnye-daty-24-aprelya-2025-goda",
        "site_full": "news.ru",
        "site": "news.ru",
        "site_section": "https://rnx.ru",
        "site_categories": [
            "under_construction",
            "top_news_ru",
            "top_news_ua",
            "top_news_il",
            "top_news"
        ],
        "section_title": "Интернет портал RNX.ru",
        "site_title": "NEWS.ru - главные новости дня",
        "title": "24 апреля какой праздник отмечают в России и мире",
        "title_full": "24 апреля какой праздник отмечают в России и мире",
        "published": "2025-04-24T00:05:00.000+03:00",
        "replies_count": 0,
        "participants_count": 1,
        "site_type": "news",
        "country": "RU",
        "main_image": "https://images.news.ru/photo/21b042ca-1f6f-11f0-9d34-ac1f6bad3ff4_760.jpg",
        "performance_score": 0,
        "domain_rank": 17585,
        "domain_rank_updated": "2025-04-22T00:00:00.000+03:00",
        "licensing_agency": [],
        "social": {
            "facebook": {
                "likes": 0,
                "comments": 0,
                "shares": 0
            },
            "vk": {
                "shares": 0
            }
        }
    },
    "uuid": "90293c4bb108811826fff54721e33e3954446bb6",
    "url": "https://news.ru/society/kakoj-segodnya-den-prazdniki-i-pamyatnye-daty-24-aprelya-2025-goda",
    "ord_in_thread": 0,
    "author": "Виктория Семёнова",
    "published": "2025-04-24T00:05:00.000+03:00",
    "title": "24 апреля какой праздник отмечают в России и мире",
    "text": "Наступило 24 апреля 2025 года. Православные священнослужители в этот день вспоминают преподобного Иакова Железноборовского, в США едят сосиски в тесте, в мире молодежь поддерживает друг друга. Узнаем, какие еще праздники и исторические даты приходятся на 24 апреля.\nЦерковные и религиозные праздники 24 апреля\n24 апреля 2025 года православная церковь вспоминает преподобного Иакова Железноборовского. С малых лет мальчик увлекся Святым Писанием. В положенный срок он принял монашеский постриг от Сергия Радонежского.\nМонах поселился на юго-западной окраине Ярославля, близ реки Тебзы, где основал монастырь. Обитель жила по строгим правилам. В основном монахи были заняты растениеводством и уходом за хозяйственными прудами. Монастырское подворье нередко принимало у себя нуждающихся в хлебе и крове.\nК 24 апреля обычно наступало половодье. Народ выходил посмотреть на разлившиеся водоемы. Если вода начинала выходить из берегов, это считывалось как добрый знак. Считалось, что разлив намекает на плодородный год. Об обратном говорили не собирающиеся отступать от водной глади льды.\nСуществовало еще одно интересное поверье. 24 апреля народ внимательно осматривал углы сараев, амбаров, хлевов и избы. Спрятавшийся в глубине своей паутины паук намекал, что на землю могут опуститься заморозки.\nКакие необычные праздники приходятся на 24 апреля в других странах\n- Международный день сoлидapнocти молодежи. Предлагаем отметить этот праздник проведением «открытого микрофона». Можно организовать мероприятие в школе или библиотеке. Пусть каждый выступит с рассказом о себе и своих трудностях, а также порассуждает, что для него значит «солидарность». Этот день — напоминание о том, как важно прислушиваться к тем, кто находится рядом. Всякий нуждается в поддержке и понимании, День солидарности как раз об этом.\n- 24 апреля в США отмечается необычный праздник — День\nсосисок в тесте. Предлагаем отметить торжество вместе с друзьями. Пусть каждый принесет на обозначенное место встречи свои сосиски в тесте. Не ограничивайте себя — можно приготовить булочки с сыром, беконом, необычным соусом, в слоеном или дрожжевом тесте. Пусть каждого ограничивает только его фантазия! Организуйте небольшую дегустацию и выберите лучшего повара. - На 24 апреля приходится еще один праздник — Первый день лета. Его отмечают в Исландии. Это торжество знаменует начало первого летнего месяца — Харпа согласно старому исландскому календарю. Хотя климат Исландии в конце апреля не всегда соответствует летнему (в период с 1949 по 2015 год в Рейкьявике средняя температура четырнадцать раз опускалась ниже нуля), этот день символизирует удлинение светового дня и завершение суровой зимы. В Первый день лета в разных уголках страны организуют парады и различные мероприятия, призванные сделать праздник особенным и запоминающимся.\n24 апреля в истории: памятные даты и значимые события\n24 апреля в истории — в этот день в США появляется необычный патент, во время Пасхальной недели в Ирландии поднимается восстание, в Бангладеш под завалами рухнувшего здания погибли свыше тысячи человек.\n1833 год — в Америке патент получает вода с газом. Любопытный факт: в Соединенных Штатах обычная газированная вода была известна как содовая вода из-за содержания в ней солей натрия. Также ее называли сельтерской водой в честь немецкого города Зельтерс, известного своими минеральными источниками.\n1916 год — во время Пасхальной недели в Ирландии поднимается вооруженное восстание. Волнения начали ирландские республиканцы. Среди требований — создание независимой от британского правления Ирландской Республики. Восстание провалилось — большая численность и более тяжелое вооружение англичан не сыграло на руку ирландцам. Шестнадцать лидеров мятежа были казнены.\n2013 год — в Бангладеш из-за нарушения строительных норм обрушивается восьмиэтажное коммерческое здание Rana Plaza. Поиски выживших продолжались 19 дней. По официальным данным, погибло 1134 человека, еще 2500 раненых были спасены. В здании располагались пять швейных фабрик, банк, несколько магазинов и жилые помещения. 23 апреля 2013 года на строении были обнаружены большие трещины. Магазины и банк на нижних этажах немедленно закрылись, но владельцы швейной фабрики на верхних этажах проигнорировали предупреждения. 24 апреля рабочие вернулись в цех. В 09:00 по местному времени здание обрушилось, оставив тысячи людей под завалами.\nВ этот день появились на свет\n1942 год — актриса, певица, продюсер, обладатель ряда почетных премий: «Эмми», «Грэмми», «Золотой глобус» и человек, дважды награжденный статуэткой «Оскар», Барбра Стрейзанд.\n1952 год — дизайнер, художник по костюмам, человек, впервые показавший на дорожке нестандартных моделей, бывший креативный директор парижского дома Hermes Жан-Поль Готье.\n1982 год — гимнастка, чемпионка мира и Европы, обладатель звания «Заслуженный мастер спорта России», серебряный олимпийский призер Игр 2004 года Ирина Чащина.\nВ этот день мир покинули\n1731 год — торговец, писатель, автор двух романов о приключениях Робинзона Крузо, журналист Даниэль Дефо.\n1852 год — поэт, один из последователей теории романтизма, переводчик, автор стихов гимна Российской империи «Боже, Царя храни!» Василий Жуковский.\n1967 год — военный летчик, космонавт, первый из представителей своей профессии, кто погиб в ходе полета, дважды побывавший в космическом пространстве Владимир Комаров.\nЧитайте также:\nНежный и легкий: рецепт печеночного торта всего на 330 ккал\nИдеальный быстрый завтрак: готовим ленивые вареники по простому рецепту\nНе рыба и не мясо: готовим нежные куриные сердечки в сметане\nКулинарный шедевр за минуты: паста с креветками в сливочном соусе\nЛенивый завтрак: готовим хачапури по-аджарски на сковороде",
    "highlightText": "",
    "highlightTitle": "",
    "highlightThreadTitle": "",
    "language": "russian",
    "sentiment": "neutral",
    "categories": [
        "Arts, Culture and Entertainment",
        "Social Issue",
        "Politics"
    ],
    "topics": [
        "Arts, Culture and Entertainment->customs and tradition",
        "Arts, Culture and Entertainment->festive event (culture)",
        "Arts, Culture and Entertainment->culture",
        "Social Issue->demographics",
        "Social Issue->communities",
        "Social Issue->social condition",
        "Politics->freedom of religion",
        "Politics->government",
        "Politics->cultural policies"
    ],
    "ai_allow": true,
    "has_canonical": false,
    "breaking": true,
    "webz_reporter": false,
    "external_links": [],
    "entities": {
        "persons": [],
        "locations": [],
        "organizations": []
    },
    "syndication": {
        "syndicated": null,
        "syndicate_id": null,
        "first_syndicated": false
    },
    "trust": {
        "categories": [
            "fake_news"
        ],
        "bias": null,
        "source": {
            "type": null,
            "city": null,
            "state": null,
            "country": null,
            "domain_type": null,
            "agency": null,
            "organization_name": null
        }
    },
    "rating": null,
    "crawled": "2025-04-24T00:22:47.507+03:00",
    "updated": "2025-04-24T00:22:47.507+03:00"
}